NodeID	NodeType
0	ntype_3
1	ntype_3
2	ntype_1
3	ntype_3
4	ntype_2
5	ntype_1
6	ntype_3
7	ntype_2
8	ntype_1
9	ntype_2
10	ntype_3
11	ntype_2
12	ntype_3
13	ntype_3
14	ntype_1
15	ntype_0
16	ntype_1
17	ntype_2
18	ntype_2
19	ntype_3
20	ntype_3
21	ntype_0
22	ntype_2
23	ntype_2
24	ntype_2
25	ntype_1
26	ntype_2
27	ntype_3
28	ntype_0
29	ntype_3
30	ntype_2
31	ntype_3
32	ntype_1
33	ntype_1
34	ntype_0
35	ntype_3
36	ntype_1
37	ntype_0
38	ntype_3
39	ntype_2
40	ntype_3
41	ntype_1
42	ntype_1
43	ntype_0
44	ntype_2
45	ntype_0
46	ntype_1
47	ntype_1
48	ntype_0
49	ntype_2
50	ntype_2
51	ntype_3
52	ntype_2
53	ntype_3
54	ntype_0
55	ntype_2
56	ntype_1
57	ntype_0
58	ntype_1
59	ntype_2
60	ntype_1
61	ntype_3
62	ntype_1
63	ntype_0
64	ntype_2
65	ntype_2
66	ntype_2
67	ntype_2
68	ntype_2
69	ntype_3
70	ntype_2
71	ntype_1
72	ntype_1
73	ntype_3
74	ntype_2
75	ntype_2
76	ntype_3
77	ntype_1
78	ntype_1
79	ntype_1
80	ntype_1
81	ntype_1
82	ntype_0
83	ntype_2
84	ntype_2
85	ntype_0
86	ntype_1
87	ntype_1
88	ntype_0
89	ntype_1
90	ntype_0
91	ntype_3
92	ntype_0
93	ntype_2
94	ntype_2
95	ntype_2
96	ntype_3
97	ntype_3
98	ntype_1
99	ntype_1
100	ntype_3
101	ntype_1
102	ntype_3
103	ntype_1
104	ntype_3
105	ntype_0
106	ntype_0
107	ntype_3
108	ntype_1
109	ntype_3
110	ntype_3
111	ntype_1
112	ntype_1
113	ntype_2
114	ntype_0
115	ntype_1
116	ntype_3
117	ntype_2
118	ntype_0
119	ntype_2
120	ntype_1
121	ntype_3
122	ntype_2
123	ntype_1
124	ntype_1
125	ntype_1
126	ntype_0
127	ntype_3
128	ntype_3
129	ntype_2
130	ntype_3
131	ntype_2
132	ntype_3
133	ntype_2
134	ntype_1
135	ntype_0
136	ntype_0
137	ntype_2
138	ntype_2
139	ntype_0
140	ntype_2
141	ntype_3
142	ntype_0
143	ntype_1
144	ntype_3
145	ntype_3
146	ntype_1
147	ntype_1
148	ntype_0
149	ntype_1
150	ntype_0
151	ntype_0
152	ntype_3
153	ntype_0
154	ntype_2
155	ntype_1
156	ntype_3
157	ntype_1
158	ntype_2
159	ntype_2
160	ntype_2
161	ntype_2
162	ntype_2
163	ntype_3
164	ntype_1
165	ntype_3
166	ntype_1
167	ntype_3
168	ntype_1
169	ntype_3
170	ntype_0
171	ntype_3
172	ntype_1
173	ntype_0
174	ntype_2
175	ntype_0
176	ntype_0
177	ntype_2
178	ntype_3
179	ntype_1
180	ntype_1
181	ntype_0
182	ntype_3
183	ntype_0
184	ntype_2
185	ntype_0
186	ntype_2
187	ntype_3
188	ntype_3
189	ntype_0
190	ntype_0
191	ntype_3
192	ntype_3
193	ntype_1
194	ntype_1
195	ntype_0
196	ntype_3
197	ntype_0
198	ntype_1
199	ntype_1
200	ntype_2
201	ntype_3
202	ntype_2
203	ntype_0
204	ntype_1
205	ntype_1
206	ntype_0
207	ntype_2
208	ntype_0
209	ntype_3
210	ntype_1
211	ntype_0
212	ntype_1
213	ntype_0
214	ntype_2
215	ntype_3
216	ntype_1
217	ntype_3
218	ntype_3
219	ntype_1
220	ntype_0
221	ntype_0
222	ntype_2
223	ntype_1
224	ntype_1
225	ntype_1
226	ntype_1
227	ntype_2
228	ntype_2
229	ntype_0
230	ntype_0
231	ntype_0
232	ntype_1
233	ntype_0
234	ntype_3
235	ntype_1
236	ntype_0
237	ntype_3
238	ntype_3
239	ntype_0
240	ntype_1
241	ntype_3
242	ntype_3
243	ntype_1
244	ntype_2
245	ntype_1
246	ntype_2
247	ntype_1
248	ntype_1
249	ntype_0
250	ntype_0
251	ntype_3
252	ntype_2
253	ntype_2
254	ntype_1
255	ntype_1
256	ntype_3
257	ntype_0
258	ntype_1
259	ntype_3
260	ntype_1
261	ntype_1
262	ntype_2
263	ntype_0
264	ntype_3
265	ntype_2
266	ntype_1
267	ntype_3
268	ntype_1
269	ntype_2
270	ntype_1
271	ntype_1
272	ntype_0
273	ntype_2
274	ntype_1
275	ntype_0
276	ntype_1
277	ntype_0
278	ntype_2
279	ntype_0
280	ntype_2
281	ntype_3
282	ntype_2
283	ntype_3
284	ntype_3
285	ntype_2
286	ntype_1
287	ntype_1
288	ntype_3
289	ntype_1
290	ntype_0
291	ntype_1
292	ntype_1
293	ntype_3
294	ntype_2
295	ntype_3
296	ntype_1
297	ntype_3
298	ntype_0
299	ntype_2
300	ntype_0
301	ntype_2
302	ntype_1
303	ntype_3
304	ntype_0
305	ntype_2
306	ntype_1
307	ntype_0
308	ntype_0
309	ntype_1
310	ntype_0
311	ntype_3
312	ntype_1
313	ntype_1
314	ntype_2
315	ntype_2
316	ntype_3
317	ntype_0
318	ntype_0
319	ntype_0
320	ntype_3
321	ntype_2
322	ntype_0
323	ntype_0
324	ntype_2
325	ntype_2
326	ntype_1
327	ntype_3
328	ntype_1
329	ntype_1
330	ntype_1
331	ntype_0
332	ntype_2
333	ntype_2
334	ntype_1
335	ntype_1
336	ntype_2
337	ntype_1
338	ntype_2
339	ntype_2
340	ntype_1
341	ntype_1
342	ntype_3
343	ntype_0
344	ntype_3
345	ntype_1
346	ntype_2
347	ntype_1
348	ntype_3
349	ntype_2
350	ntype_1
351	ntype_3
352	ntype_1
353	ntype_2
354	ntype_2
355	ntype_1
356	ntype_1
357	ntype_0
358	ntype_1
359	ntype_2
360	ntype_2
361	ntype_2
362	ntype_2
363	ntype_2
364	ntype_1
365	ntype_2
366	ntype_2
367	ntype_0
368	ntype_1
369	ntype_3
370	ntype_3
371	ntype_0
372	ntype_2
373	ntype_2
374	ntype_1
375	ntype_3
376	ntype_3
377	ntype_3
378	ntype_3
379	ntype_2
380	ntype_2
381	ntype_0
382	ntype_0
383	ntype_2
384	ntype_2
385	ntype_0
386	ntype_3
387	ntype_2
388	ntype_2
389	ntype_2
390	ntype_0
391	ntype_0
392	ntype_3
393	ntype_3
394	ntype_2
395	ntype_3
396	ntype_2
397	ntype_3
398	ntype_0
399	ntype_3
400	ntype_0
401	ntype_2
402	ntype_0
403	ntype_1
404	ntype_1
405	ntype_2
406	ntype_1
407	ntype_3
408	ntype_0
409	ntype_1
410	ntype_1
411	ntype_1
412	ntype_1
413	ntype_0
414	ntype_0
415	ntype_0
416	ntype_2
417	ntype_3
418	ntype_1
419	ntype_0
420	ntype_0
421	ntype_1
422	ntype_0
423	ntype_0
424	ntype_2
425	ntype_3
426	ntype_0
427	ntype_2
428	ntype_3
429	ntype_1
430	ntype_2
431	ntype_1
432	ntype_3
433	ntype_1
434	ntype_1
435	ntype_2
436	ntype_0
437	ntype_2
438	ntype_2
439	ntype_0
440	ntype_2
441	ntype_3
442	ntype_2
443	ntype_1
444	ntype_0
445	ntype_1
446	ntype_1
447	ntype_0
448	ntype_1
449	ntype_3
450	ntype_3
451	ntype_3
452	ntype_2
453	ntype_3
454	ntype_3
455	ntype_2
456	ntype_2
457	ntype_0
458	ntype_0
459	ntype_3
460	ntype_1
461	ntype_2
462	ntype_0
463	ntype_2
464	ntype_0
465	ntype_0
466	ntype_2
467	ntype_3
468	ntype_1
469	ntype_2
470	ntype_2
471	ntype_0
472	ntype_2
473	ntype_1
474	ntype_1
475	ntype_1
476	ntype_3
477	ntype_1
478	ntype_0
479	ntype_2
480	ntype_0
481	ntype_1
482	ntype_1
483	ntype_0
484	ntype_0
485	ntype_2
486	ntype_3
487	ntype_0
488	ntype_3
489	ntype_2
490	ntype_0
491	ntype_1
492	ntype_0
493	ntype_3
494	ntype_3
495	ntype_1
496	ntype_1
497	ntype_3
498	ntype_1
499	ntype_0
500	ntype_3
501	ntype_0
502	ntype_3
503	ntype_0
504	ntype_3
505	ntype_2
506	ntype_0
507	ntype_2
508	ntype_2
509	ntype_2
510	ntype_2
511	ntype_2
512	ntype_3
513	ntype_2
514	ntype_1
515	ntype_0
516	ntype_3
517	ntype_1
518	ntype_1
519	ntype_0
520	ntype_1
521	ntype_0
522	ntype_2
523	ntype_1
524	ntype_1
525	ntype_2
526	ntype_1
527	ntype_3
528	ntype_2
529	ntype_3
530	ntype_1
531	ntype_0
532	ntype_0
533	ntype_0
534	ntype_1
535	ntype_0
536	ntype_1
537	ntype_0
538	ntype_0
539	ntype_3
540	ntype_3
541	ntype_2
542	ntype_3
543	ntype_2
544	ntype_1
545	ntype_1
546	ntype_0
547	ntype_1
548	ntype_3
549	ntype_1
550	ntype_3
551	ntype_2
552	ntype_1
553	ntype_1
554	ntype_0
555	ntype_0
556	ntype_1
557	ntype_0
558	ntype_0
559	ntype_2
560	ntype_2
561	ntype_0
562	ntype_2
563	ntype_1
564	ntype_3
565	ntype_3
566	ntype_1
567	ntype_0
568	ntype_1
569	ntype_3
570	ntype_0
571	ntype_3
572	ntype_0
573	ntype_2
574	ntype_2
575	ntype_0
576	ntype_2
577	ntype_0
578	ntype_1
579	ntype_3
580	ntype_0
581	ntype_2
582	ntype_1
583	ntype_1
584	ntype_3
585	ntype_0
586	ntype_3
587	ntype_2
588	ntype_3
589	ntype_2
590	ntype_2
591	ntype_3
592	ntype_3
593	ntype_0
594	ntype_2
595	ntype_1
596	ntype_1
597	ntype_0
598	ntype_0
599	ntype_3
600	ntype_1
601	ntype_0
602	ntype_3
603	ntype_2
604	ntype_0
605	ntype_2
606	ntype_3
607	ntype_2
608	ntype_0
609	ntype_3
610	ntype_1
611	ntype_3
612	ntype_2
613	ntype_3
614	ntype_1
615	ntype_2
616	ntype_3
617	ntype_1
618	ntype_1
619	ntype_1
620	ntype_0
621	ntype_3
622	ntype_1
623	ntype_0
624	ntype_0
625	ntype_0
626	ntype_1
627	ntype_1
628	ntype_2
629	ntype_2
630	ntype_1
631	ntype_2
632	ntype_2
633	ntype_1
634	ntype_2
635	ntype_3
636	ntype_1
637	ntype_3
638	ntype_0
639	ntype_1
640	ntype_1
641	ntype_0
642	ntype_1
643	ntype_1
644	ntype_2
645	ntype_1
646	ntype_0
647	ntype_0
648	ntype_0
649	ntype_1
650	ntype_0
651	ntype_3
652	ntype_0
653	ntype_0
654	ntype_3
655	ntype_1
656	ntype_3
657	ntype_0
658	ntype_1
659	ntype_3
660	ntype_3
661	ntype_0
662	ntype_3
663	ntype_0
664	ntype_0
665	ntype_0
666	ntype_1
667	ntype_0
668	ntype_3
669	ntype_1
670	ntype_1
671	ntype_1
672	ntype_0
673	ntype_0
674	ntype_1
675	ntype_0
676	ntype_1
677	ntype_0
678	ntype_3
679	ntype_3
680	ntype_0
681	ntype_2
682	ntype_1
683	ntype_2
684	ntype_3
685	ntype_0
686	ntype_3
687	ntype_3
688	ntype_0
689	ntype_0
690	ntype_2
691	ntype_0
692	ntype_0
693	ntype_3
694	ntype_1
695	ntype_1
696	ntype_0
697	ntype_3
698	ntype_3
699	ntype_3
700	ntype_1
701	ntype_1
702	ntype_0
703	ntype_0
704	ntype_3
705	ntype_3
706	ntype_3
707	ntype_1
708	ntype_1
709	ntype_0
710	ntype_2
711	ntype_2
712	ntype_0
713	ntype_0
714	ntype_2
715	ntype_3
716	ntype_3
717	ntype_2
718	ntype_0
719	ntype_1
720	ntype_0
721	ntype_0
722	ntype_1
723	ntype_2
724	ntype_1
725	ntype_3
726	ntype_1
727	ntype_2
728	ntype_2
729	ntype_0
730	ntype_1
731	ntype_3
732	ntype_0
733	ntype_3
734	ntype_1
735	ntype_3
736	ntype_2
737	ntype_2
738	ntype_2
739	ntype_3
740	ntype_2
741	ntype_0
742	ntype_3
743	ntype_2
744	ntype_3
745	ntype_3
746	ntype_2
747	ntype_2
748	ntype_0
749	ntype_1
750	ntype_2
751	ntype_3
752	ntype_0
753	ntype_2
754	ntype_0
755	ntype_2
756	ntype_1
757	ntype_3
758	ntype_2
759	ntype_3
760	ntype_1
761	ntype_0
762	ntype_3
763	ntype_1
764	ntype_2
765	ntype_1
766	ntype_3
767	ntype_2
768	ntype_1
769	ntype_1
770	ntype_3
771	ntype_0
772	ntype_3
773	ntype_1
774	ntype_2
775	ntype_1
776	ntype_1
777	ntype_2
778	ntype_0
779	ntype_1
780	ntype_3
781	ntype_2
782	ntype_1
783	ntype_0
784	ntype_2
785	ntype_1
786	ntype_3
787	ntype_1
788	ntype_3
789	ntype_0
790	ntype_1
791	ntype_3
792	ntype_1
793	ntype_1
794	ntype_1
795	ntype_3
796	ntype_0
797	ntype_0
798	ntype_3
799	ntype_2
800	ntype_3
801	ntype_2
802	ntype_0
803	ntype_1
804	ntype_3
805	ntype_1
806	ntype_1
807	ntype_2
808	ntype_2
809	ntype_0
810	ntype_2
811	ntype_0
812	ntype_0
813	ntype_0
814	ntype_3
815	ntype_2
816	ntype_0
817	ntype_2
818	ntype_2
819	ntype_0
820	ntype_3
821	ntype_3
822	ntype_3
823	ntype_0
824	ntype_3
825	ntype_3
826	ntype_0
827	ntype_3
828	ntype_2
829	ntype_2
830	ntype_3
831	ntype_0
832	ntype_1
833	ntype_2
834	ntype_0
835	ntype_1
836	ntype_1
837	ntype_0
838	ntype_3
839	ntype_0
840	ntype_0
841	ntype_0
842	ntype_3
843	ntype_0
844	ntype_1
845	ntype_2
846	ntype_1
847	ntype_0
848	ntype_0
849	ntype_3
850	ntype_2
851	ntype_1
852	ntype_0
853	ntype_0
854	ntype_3
855	ntype_3
856	ntype_3
857	ntype_0
858	ntype_3
859	ntype_2
860	ntype_3
861	ntype_1
862	ntype_1
863	ntype_0
864	ntype_1
865	ntype_0
866	ntype_1
867	ntype_1
868	ntype_3
869	ntype_1
870	ntype_2
871	ntype_2
872	ntype_3
873	ntype_1
874	ntype_0
875	ntype_3
876	ntype_2
877	ntype_3
878	ntype_3
879	ntype_3
880	ntype_0
881	ntype_1
882	ntype_0
883	ntype_2
884	ntype_3
885	ntype_3
886	ntype_2
887	ntype_3
888	ntype_1
889	ntype_1
890	ntype_0
891	ntype_3
892	ntype_3
893	ntype_2
894	ntype_0
895	ntype_2
896	ntype_3
897	ntype_0
898	ntype_1
899	ntype_2
900	ntype_0
901	ntype_0
902	ntype_2
903	ntype_2
904	ntype_2
905	ntype_0
906	ntype_0
907	ntype_1
908	ntype_0
909	ntype_1
910	ntype_2
911	ntype_3
912	ntype_1
913	ntype_0
914	ntype_1
915	ntype_1
916	ntype_3
917	ntype_1
918	ntype_1
919	ntype_1
920	ntype_0
921	ntype_2
922	ntype_2
923	ntype_1
924	ntype_3
925	ntype_2
926	ntype_3
927	ntype_1
928	ntype_3
929	ntype_0
930	ntype_1
931	ntype_0
932	ntype_0
933	ntype_0
934	ntype_3
935	ntype_1
936	ntype_0
937	ntype_3
938	ntype_1
939	ntype_0
940	ntype_2
941	ntype_1
942	ntype_3
943	ntype_2
944	ntype_3
945	ntype_1
946	ntype_3
947	ntype_3
948	ntype_3
949	ntype_3
950	ntype_1
951	ntype_2
952	ntype_1
953	ntype_1
954	ntype_0
955	ntype_3
956	ntype_1
957	ntype_1
958	ntype_2
959	ntype_1
960	ntype_0
961	ntype_0
962	ntype_1
963	ntype_0
964	ntype_0
965	ntype_3
966	ntype_2
967	ntype_3
968	ntype_0
969	ntype_0
970	ntype_3
971	ntype_0
972	ntype_3
973	ntype_3
974	ntype_0
975	ntype_0
976	ntype_3
977	ntype_3
978	ntype_0
979	ntype_1
980	ntype_3
981	ntype_1
982	ntype_0
983	ntype_0
984	ntype_3
985	ntype_2
986	ntype_3
987	ntype_1
988	ntype_3
989	ntype_2
990	ntype_0
991	ntype_3
992	ntype_1
993	ntype_0
994	ntype_1
995	ntype_0
996	ntype_1
997	ntype_0
998	ntype_2
999	ntype_2
1000	ntype_2
1001	ntype_1
1002	ntype_1
1003	ntype_2
1004	ntype_0
1005	ntype_1
1006	ntype_2
1007	ntype_3
1008	ntype_0
1009	ntype_0
1010	ntype_3
1011	ntype_0
1012	ntype_0
1013	ntype_0
1014	ntype_1
1015	ntype_2
1016	ntype_0
1017	ntype_1
1018	ntype_3
1019	ntype_3
1020	ntype_1
1021	ntype_0
1022	ntype_1
1023	ntype_1
1024	ntype_0
1025	ntype_2
1026	ntype_2
1027	ntype_2
1028	ntype_3
1029	ntype_3
1030	ntype_2
1031	ntype_0
1032	ntype_1
1033	ntype_2
1034	ntype_1
1035	ntype_0
1036	ntype_1
1037	ntype_1
1038	ntype_1
1039	ntype_2
1040	ntype_0
1041	ntype_2
1042	ntype_0
1043	ntype_2
1044	ntype_2
1045	ntype_1
1046	ntype_3
1047	ntype_3
1048	ntype_0
1049	ntype_1
1050	ntype_3
1051	ntype_2
1052	ntype_1
1053	ntype_3
1054	ntype_2
1055	ntype_3
1056	ntype_0
1057	ntype_0
1058	ntype_0
1059	ntype_1
1060	ntype_0
1061	ntype_0
1062	ntype_3
1063	ntype_3
1064	ntype_1
1065	ntype_2
1066	ntype_1
1067	ntype_0
1068	ntype_2
1069	ntype_3
1070	ntype_3
1071	ntype_0
1072	ntype_0
1073	ntype_3
1074	ntype_3
1075	ntype_3
1076	ntype_2
1077	ntype_1
1078	ntype_2
1079	ntype_2
1080	ntype_0
1081	ntype_2
1082	ntype_2
1083	ntype_1
1084	ntype_2
1085	ntype_3
1086	ntype_1
1087	ntype_1
1088	ntype_2
1089	ntype_3
1090	ntype_1
1091	ntype_1
1092	ntype_0
1093	ntype_1
1094	ntype_3
1095	ntype_1
1096	ntype_2
1097	ntype_1
1098	ntype_2
1099	ntype_2
1100	ntype_2
1101	ntype_0
1102	ntype_0
1103	ntype_3
1104	ntype_1
1105	ntype_0
1106	ntype_3
1107	ntype_3
1108	ntype_0
1109	ntype_1
1110	ntype_0
1111	ntype_0
1112	ntype_0
1113	ntype_1
1114	ntype_2
1115	ntype_3
1116	ntype_0
1117	ntype_2
1118	ntype_0
1119	ntype_3
1120	ntype_2
1121	ntype_2
1122	ntype_0
1123	ntype_1
1124	ntype_2
1125	ntype_0
1126	ntype_2
1127	ntype_2
1128	ntype_1
1129	ntype_1
1130	ntype_1
1131	ntype_2
1132	ntype_0
1133	ntype_1
1134	ntype_3
1135	ntype_0
1136	ntype_0
1137	ntype_1
1138	ntype_3
1139	ntype_3
1140	ntype_3
1141	ntype_2
1142	ntype_1
1143	ntype_1
1144	ntype_1
1145	ntype_2
1146	ntype_2
1147	ntype_3
1148	ntype_3
1149	ntype_0
1150	ntype_3
1151	ntype_1
1152	ntype_1
1153	ntype_0
1154	ntype_3
1155	ntype_2
1156	ntype_0
1157	ntype_2
1158	ntype_3
1159	ntype_2
1160	ntype_1
1161	ntype_3
1162	ntype_2
1163	ntype_1
1164	ntype_3
1165	ntype_1
1166	ntype_3
1167	ntype_1
1168	ntype_0
1169	ntype_1
1170	ntype_2
1171	ntype_1
1172	ntype_0
1173	ntype_0
1174	ntype_2
1175	ntype_2
1176	ntype_1
1177	ntype_2
1178	ntype_0
1179	ntype_1
1180	ntype_0
1181	ntype_2
1182	ntype_2
1183	ntype_0
1184	ntype_0
1185	ntype_1
1186	ntype_3
1187	ntype_3
1188	ntype_3
1189	ntype_1
1190	ntype_1
1191	ntype_0
1192	ntype_2
1193	ntype_1
1194	ntype_0
1195	ntype_1
1196	ntype_3
1197	ntype_1
1198	ntype_3
1199	ntype_3
1200	ntype_2
1201	ntype_2
1202	ntype_0
1203	ntype_0
1204	ntype_3
1205	ntype_3
1206	ntype_3
1207	ntype_0
1208	ntype_3
1209	ntype_3
1210	ntype_1
1211	ntype_3
1212	ntype_2
1213	ntype_0
1214	ntype_1
1215	ntype_2
1216	ntype_1
1217	ntype_2
1218	ntype_2
1219	ntype_1
1220	ntype_2
1221	ntype_0
1222	ntype_0
1223	ntype_2
1224	ntype_2
1225	ntype_2
1226	ntype_1
1227	ntype_0
1228	ntype_1
1229	ntype_0
1230	ntype_1
1231	ntype_3
1232	ntype_1
1233	ntype_0
1234	ntype_2
1235	ntype_0
1236	ntype_0
1237	ntype_2
1238	ntype_1
1239	ntype_1
1240	ntype_2
1241	ntype_1
1242	ntype_3
1243	ntype_3
1244	ntype_2
1245	ntype_0
1246	ntype_3
1247	ntype_2
1248	ntype_1
1249	ntype_1
1250	ntype_1
1251	ntype_0
1252	ntype_3
1253	ntype_0
1254	ntype_1
1255	ntype_3
1256	ntype_2
1257	ntype_0
1258	ntype_3
1259	ntype_0
1260	ntype_3
1261	ntype_0
1262	ntype_2
1263	ntype_2
1264	ntype_1
1265	ntype_2
1266	ntype_1
1267	ntype_0
1268	ntype_2
1269	ntype_1
1270	ntype_1
1271	ntype_3
1272	ntype_2
1273	ntype_1
1274	ntype_2
1275	ntype_0
1276	ntype_3
1277	ntype_1
1278	ntype_2
1279	ntype_2
1280	ntype_3
1281	ntype_0
1282	ntype_1
1283	ntype_0
1284	ntype_0
1285	ntype_2
1286	ntype_0
1287	ntype_0
1288	ntype_2
1289	ntype_1
1290	ntype_3
1291	ntype_0
1292	ntype_3
1293	ntype_1
1294	ntype_1
1295	ntype_2
1296	ntype_0
1297	ntype_3
1298	ntype_2
1299	ntype_0
1300	ntype_2
1301	ntype_1
1302	ntype_1
1303	ntype_1
1304	ntype_3
1305	ntype_3
1306	ntype_1
1307	ntype_2
1308	ntype_0
1309	ntype_1
1310	ntype_3
1311	ntype_1
1312	ntype_1
1313	ntype_2
1314	ntype_2
1315	ntype_1
1316	ntype_2
1317	ntype_3
1318	ntype_3
1319	ntype_0
1320	ntype_0
1321	ntype_3
1322	ntype_0
1323	ntype_0
1324	ntype_1
1325	ntype_1
1326	ntype_0
1327	ntype_3
1328	ntype_2
1329	ntype_2
1330	ntype_2
1331	ntype_0
1332	ntype_0
1333	ntype_3
1334	ntype_1
1335	ntype_2
1336	ntype_1
1337	ntype_3
1338	ntype_3
1339	ntype_2
1340	ntype_2
1341	ntype_3
1342	ntype_1
1343	ntype_2
1344	ntype_1
1345	ntype_0
1346	ntype_0
1347	ntype_3
1348	ntype_3
1349	ntype_0
1350	ntype_2
1351	ntype_0
1352	ntype_0
1353	ntype_3
1354	ntype_2
1355	ntype_3
1356	ntype_0
1357	ntype_2
1358	ntype_0
1359	ntype_2
1360	ntype_1
1361	ntype_1
1362	ntype_0
1363	ntype_0
1364	ntype_0
1365	ntype_2
1366	ntype_3
1367	ntype_3
1368	ntype_2
1369	ntype_0
1370	ntype_2
1371	ntype_3
1372	ntype_2
1373	ntype_3
1374	ntype_0
1375	ntype_3
1376	ntype_2
1377	ntype_1
1378	ntype_2
1379	ntype_1
1380	ntype_3
1381	ntype_1
1382	ntype_3
1383	ntype_2
1384	ntype_0
1385	ntype_1
1386	ntype_2
1387	ntype_0
1388	ntype_3
1389	ntype_1
1390	ntype_1
1391	ntype_0
1392	ntype_3
1393	ntype_2
1394	ntype_1
1395	ntype_2
1396	ntype_1
1397	ntype_0
1398	ntype_0
1399	ntype_0
1400	ntype_1
1401	ntype_2
1402	ntype_3
1403	ntype_3
1404	ntype_0
1405	ntype_0
1406	ntype_2
1407	ntype_3
1408	ntype_0
1409	ntype_0
1410	ntype_0
1411	ntype_2
1412	ntype_3
1413	ntype_3
1414	ntype_1
1415	ntype_2
1416	ntype_3
1417	ntype_2
1418	ntype_0
1419	ntype_1
1420	ntype_1
1421	ntype_1
1422	ntype_1
1423	ntype_3
1424	ntype_1
1425	ntype_3
1426	ntype_0
1427	ntype_3
1428	ntype_1
1429	ntype_3
1430	ntype_2
1431	ntype_1
1432	ntype_2
1433	ntype_0
1434	ntype_0
1435	ntype_1
1436	ntype_0
1437	ntype_0
1438	ntype_2
1439	ntype_3
1440	ntype_2
1441	ntype_1
1442	ntype_1
1443	ntype_1
1444	ntype_1
1445	ntype_0
1446	ntype_2
1447	ntype_3
1448	ntype_2
1449	ntype_3
1450	ntype_0
1451	ntype_0
1452	ntype_0
1453	ntype_3
1454	ntype_1
1455	ntype_0
1456	ntype_1
1457	ntype_0
1458	ntype_3
1459	ntype_2
1460	ntype_1
1461	ntype_1
1462	ntype_1
1463	ntype_0
1464	ntype_3
1465	ntype_0
1466	ntype_1
1467	ntype_2
1468	ntype_1
1469	ntype_3
1470	ntype_1
1471	ntype_2
1472	ntype_1
1473	ntype_3
1474	ntype_1
1475	ntype_3
1476	ntype_0
1477	ntype_0
1478	ntype_2
1479	ntype_1
1480	ntype_2
1481	ntype_0
1482	ntype_3
1483	ntype_0
1484	ntype_2
1485	ntype_3
1486	ntype_1
1487	ntype_2
1488	ntype_1
1489	ntype_1
1490	ntype_1
1491	ntype_1
1492	ntype_1
1493	ntype_0
1494	ntype_2
1495	ntype_0
1496	ntype_1
1497	ntype_2
1498	ntype_2
1499	ntype_0
1500	ntype_2
1501	ntype_0
1502	ntype_2
1503	ntype_1
1504	ntype_0
1505	ntype_1
1506	ntype_0
1507	ntype_1
1508	ntype_2
1509	ntype_2
1510	ntype_1
1511	ntype_3
1512	ntype_0
1513	ntype_1
1514	ntype_1
1515	ntype_0
1516	ntype_2
1517	ntype_1
1518	ntype_0
1519	ntype_1
1520	ntype_0
1521	ntype_2
1522	ntype_2
1523	ntype_0
1524	ntype_2
1525	ntype_1
1526	ntype_1
1527	ntype_1
1528	ntype_0
1529	ntype_1
1530	ntype_1
1531	ntype_0
1532	ntype_1
1533	ntype_3
1534	ntype_2
1535	ntype_3
1536	ntype_2
1537	ntype_1
1538	ntype_1
1539	ntype_1
1540	ntype_3
1541	ntype_1
1542	ntype_3
1543	ntype_0
1544	ntype_3
1545	ntype_1
1546	ntype_1
1547	ntype_1
1548	ntype_0
1549	ntype_2
1550	ntype_3
1551	ntype_1
1552	ntype_1
1553	ntype_3
1554	ntype_2
1555	ntype_3
1556	ntype_3
1557	ntype_3
1558	ntype_2
1559	ntype_3
1560	ntype_3
1561	ntype_2
1562	ntype_0
1563	ntype_1
1564	ntype_0
1565	ntype_0
1566	ntype_3
1567	ntype_1
1568	ntype_0
1569	ntype_0
1570	ntype_3
1571	ntype_1
1572	ntype_2
1573	ntype_1
1574	ntype_3
1575	ntype_3
1576	ntype_0
1577	ntype_3
1578	ntype_1
1579	ntype_3
1580	ntype_1
1581	ntype_3
1582	ntype_3
1583	ntype_0
1584	ntype_2
1585	ntype_3
1586	ntype_0
1587	ntype_0
1588	ntype_3
1589	ntype_1
1590	ntype_3
1591	ntype_1
1592	ntype_2
1593	ntype_0
1594	ntype_2
1595	ntype_1
1596	ntype_3
1597	ntype_1
1598	ntype_0
1599	ntype_1
1600	ntype_0
1601	ntype_1
1602	ntype_0
1603	ntype_2
1604	ntype_2
1605	ntype_3
1606	ntype_1
1607	ntype_2
1608	ntype_3
1609	ntype_3
1610	ntype_1
1611	ntype_1
1612	ntype_3
1613	ntype_2
1614	ntype_0
1615	ntype_2
1616	ntype_0
1617	ntype_0
1618	ntype_0
1619	ntype_1
1620	ntype_3
1621	ntype_1
1622	ntype_1
1623	ntype_2
1624	ntype_3
1625	ntype_1
1626	ntype_0
1627	ntype_3
1628	ntype_1
1629	ntype_0
1630	ntype_0
1631	ntype_1
1632	ntype_1
1633	ntype_3
1634	ntype_1
1635	ntype_1
1636	ntype_0
1637	ntype_1
1638	ntype_2
1639	ntype_0
1640	ntype_2
1641	ntype_1
1642	ntype_1
1643	ntype_0
1644	ntype_0
1645	ntype_3
1646	ntype_1
1647	ntype_2
1648	ntype_2
1649	ntype_0
1650	ntype_0
1651	ntype_3
1652	ntype_0
1653	ntype_0
1654	ntype_3
1655	ntype_0
1656	ntype_1
1657	ntype_3
1658	ntype_1
1659	ntype_0
1660	ntype_3
1661	ntype_3
1662	ntype_3
1663	ntype_2
1664	ntype_2
1665	ntype_3
1666	ntype_2
1667	ntype_3
1668	ntype_1
1669	ntype_2
1670	ntype_2
1671	ntype_0
1672	ntype_0
1673	ntype_2
1674	ntype_2
1675	ntype_1
1676	ntype_3
1677	ntype_3
1678	ntype_1
1679	ntype_0
1680	ntype_0
1681	ntype_2
1682	ntype_2
1683	ntype_3
1684	ntype_2
1685	ntype_2
1686	ntype_1
1687	ntype_2
1688	ntype_0
1689	ntype_1
1690	ntype_2
1691	ntype_0
1692	ntype_3
1693	ntype_2
1694	ntype_0
1695	ntype_0
1696	ntype_1
1697	ntype_2
1698	ntype_2
1699	ntype_0
1700	ntype_2
1701	ntype_0
1702	ntype_2
1703	ntype_3
1704	ntype_1
1705	ntype_1
1706	ntype_2
1707	ntype_3
1708	ntype_1
1709	ntype_1
1710	ntype_3
1711	ntype_2
1712	ntype_3
1713	ntype_2
1714	ntype_3
1715	ntype_0
1716	ntype_0
1717	ntype_1
1718	ntype_2
1719	ntype_0
1720	ntype_2
1721	ntype_0
1722	ntype_2
1723	ntype_0
1724	ntype_3
1725	ntype_1
1726	ntype_3
1727	ntype_1
1728	ntype_3
1729	ntype_1
1730	ntype_0
1731	ntype_3
1732	ntype_0
1733	ntype_2
1734	ntype_3
1735	ntype_2
1736	ntype_3
1737	ntype_1
1738	ntype_0
1739	ntype_1
1740	ntype_0
1741	ntype_1
1742	ntype_2
1743	ntype_0
1744	ntype_3
1745	ntype_2
1746	ntype_1
1747	ntype_0
1748	ntype_1
1749	ntype_1
1750	ntype_0
1751	ntype_1
1752	ntype_1
1753	ntype_1
1754	ntype_2
1755	ntype_1
1756	ntype_1
1757	ntype_0
1758	ntype_2
1759	ntype_0
1760	ntype_1
1761	ntype_3
1762	ntype_1
1763	ntype_0
1764	ntype_2
1765	ntype_0
1766	ntype_1
1767	ntype_2
1768	ntype_3
1769	ntype_3
1770	ntype_1
1771	ntype_0
1772	ntype_2
1773	ntype_2
1774	ntype_0
1775	ntype_3
1776	ntype_0
1777	ntype_1
1778	ntype_1
1779	ntype_3
1780	ntype_3
1781	ntype_0
1782	ntype_0
1783	ntype_1
1784	ntype_2
1785	ntype_3
1786	ntype_2
1787	ntype_3
1788	ntype_0
1789	ntype_3
1790	ntype_0
1791	ntype_0
1792	ntype_2
1793	ntype_3
1794	ntype_0
1795	ntype_1
1796	ntype_3
1797	ntype_0
1798	ntype_1
1799	ntype_0
1800	ntype_2
1801	ntype_3
1802	ntype_0
1803	ntype_3
1804	ntype_2
1805	ntype_3
1806	ntype_2
1807	ntype_3
1808	ntype_0
1809	ntype_0
1810	ntype_0
1811	ntype_1
1812	ntype_2
1813	ntype_1
1814	ntype_2
1815	ntype_3
1816	ntype_1
1817	ntype_2
1818	ntype_2
1819	ntype_0
1820	ntype_3
1821	ntype_3
1822	ntype_0
1823	ntype_1
1824	ntype_3
1825	ntype_2
1826	ntype_1
1827	ntype_1
1828	ntype_1
1829	ntype_1
1830	ntype_1
1831	ntype_0
1832	ntype_2
1833	ntype_2
1834	ntype_1
1835	ntype_1
1836	ntype_2
1837	ntype_1
1838	ntype_0
1839	ntype_0
1840	ntype_2
1841	ntype_2
1842	ntype_1
1843	ntype_1
1844	ntype_0
1845	ntype_1
1846	ntype_3
1847	ntype_0
1848	ntype_0
1849	ntype_2
1850	ntype_1
1851	ntype_1
1852	ntype_0
1853	ntype_0
1854	ntype_3
1855	ntype_2
1856	ntype_2
1857	ntype_0
1858	ntype_0
1859	ntype_2
1860	ntype_0
1861	ntype_2
1862	ntype_2
1863	ntype_0
1864	ntype_3
1865	ntype_1
1866	ntype_0
1867	ntype_1
1868	ntype_0
1869	ntype_2
1870	ntype_1
1871	ntype_2
1872	ntype_3
1873	ntype_3
1874	ntype_0
1875	ntype_1
1876	ntype_1
1877	ntype_1
1878	ntype_3
1879	ntype_1
1880	ntype_3
1881	ntype_3
1882	ntype_2
1883	ntype_3
1884	ntype_2
1885	ntype_2
1886	ntype_1
1887	ntype_1
1888	ntype_2
1889	ntype_1
1890	ntype_3
1891	ntype_1
1892	ntype_1
1893	ntype_0
1894	ntype_3
1895	ntype_3
1896	ntype_1
1897	ntype_0
1898	ntype_1
1899	ntype_0
1900	ntype_3
1901	ntype_0
1902	ntype_1
1903	ntype_2
1904	ntype_1
1905	ntype_3
1906	ntype_3
1907	ntype_2
1908	ntype_1
1909	ntype_3
1910	ntype_0
1911	ntype_1
1912	ntype_2
1913	ntype_0
1914	ntype_3
1915	ntype_2
1916	ntype_0
1917	ntype_3
1918	ntype_1
1919	ntype_0
1920	ntype_0
1921	ntype_1
1922	ntype_2
1923	ntype_2
1924	ntype_2
1925	ntype_1
1926	ntype_3
1927	ntype_0
1928	ntype_2
1929	ntype_0
1930	ntype_0
1931	ntype_0
1932	ntype_1
1933	ntype_0
1934	ntype_2
1935	ntype_2
1936	ntype_0
1937	ntype_2
1938	ntype_3
1939	ntype_2
1940	ntype_1
1941	ntype_0
1942	ntype_3
1943	ntype_3
1944	ntype_3
1945	ntype_2
1946	ntype_3
1947	ntype_0
1948	ntype_3
1949	ntype_0
1950	ntype_3
1951	ntype_2
1952	ntype_0
1953	ntype_2
1954	ntype_3
1955	ntype_1
1956	ntype_2
1957	ntype_2
1958	ntype_3
1959	ntype_2
1960	ntype_0
1961	ntype_1
1962	ntype_3
1963	ntype_0
1964	ntype_1
1965	ntype_2
1966	ntype_1
1967	ntype_0
1968	ntype_2
1969	ntype_3
1970	ntype_2
1971	ntype_2
1972	ntype_3
1973	ntype_2
1974	ntype_3
1975	ntype_1
1976	ntype_3
1977	ntype_3
1978	ntype_0
1979	ntype_1
1980	ntype_0
1981	ntype_1
1982	ntype_2
1983	ntype_1
1984	ntype_0
1985	ntype_3
1986	ntype_0
1987	ntype_1
1988	ntype_3
1989	ntype_2
1990	ntype_3
1991	ntype_2
1992	ntype_0
1993	ntype_0
1994	ntype_2
1995	ntype_1
1996	ntype_1
1997	ntype_1
1998	ntype_0
1999	ntype_2
2000	ntype_3
2001	ntype_2
2002	ntype_3
2003	ntype_3
2004	ntype_0
2005	ntype_3
2006	ntype_1
2007	ntype_3
2008	ntype_0
2009	ntype_2
2010	ntype_1
2011	ntype_1
2012	ntype_3
2013	ntype_3
2014	ntype_1
2015	ntype_0
2016	ntype_0
2017	ntype_0
2018	ntype_1
2019	ntype_1
2020	ntype_2
2021	ntype_0
2022	ntype_2
2023	ntype_2
2024	ntype_2
2025	ntype_1
2026	ntype_0
2027	ntype_2
2028	ntype_1
2029	ntype_3
2030	ntype_0
2031	ntype_0
2032	ntype_2
2033	ntype_1
2034	ntype_0
2035	ntype_3
2036	ntype_0
2037	ntype_3
2038	ntype_1
2039	ntype_2
2040	ntype_2
2041	ntype_3
2042	ntype_3
2043	ntype_1
2044	ntype_2
2045	ntype_2
2046	ntype_3
2047	ntype_3
2048	ntype_3
2049	ntype_0
2050	ntype_0
2051	ntype_2
2052	ntype_3
2053	ntype_3
2054	ntype_3
2055	ntype_3
2056	ntype_0
2057	ntype_0
2058	ntype_2
2059	ntype_0
2060	ntype_0
2061	ntype_2
2062	ntype_1
2063	ntype_0
2064	ntype_3
2065	ntype_0
2066	ntype_0
2067	ntype_3
2068	ntype_0
2069	ntype_0
2070	ntype_2
2071	ntype_0
2072	ntype_3
2073	ntype_2
2074	ntype_0
2075	ntype_0
2076	ntype_3
2077	ntype_0
2078	ntype_3
2079	ntype_1
2080	ntype_0
2081	ntype_1
2082	ntype_0
2083	ntype_3
2084	ntype_2
2085	ntype_1
2086	ntype_0
2087	ntype_1
2088	ntype_1
2089	ntype_1
2090	ntype_1
2091	ntype_3
2092	ntype_1
2093	ntype_3
2094	ntype_0
2095	ntype_2
2096	ntype_2
2097	ntype_0
2098	ntype_1
2099	ntype_1
2100	ntype_2
2101	ntype_3
2102	ntype_1
2103	ntype_3
2104	ntype_0
2105	ntype_2
2106	ntype_0
2107	ntype_1
2108	ntype_3
2109	ntype_2
2110	ntype_3
2111	ntype_0
2112	ntype_1
2113	ntype_3
2114	ntype_3
2115	ntype_1
2116	ntype_0
2117	ntype_1
2118	ntype_1
2119	ntype_0
2120	ntype_2
2121	ntype_2
2122	ntype_2
2123	ntype_1
2124	ntype_2
2125	ntype_0
2126	ntype_3
2127	ntype_0
2128	ntype_3
2129	ntype_0
2130	ntype_0
2131	ntype_2
2132	ntype_2
2133	ntype_1
2134	ntype_0
2135	ntype_2
2136	ntype_0
2137	ntype_2
2138	ntype_3
2139	ntype_1
2140	ntype_0
2141	ntype_0
2142	ntype_1
2143	ntype_2
2144	ntype_1
2145	ntype_0
2146	ntype_2
2147	ntype_0
2148	ntype_1
2149	ntype_2
2150	ntype_1
2151	ntype_1
2152	ntype_1
2153	ntype_2
2154	ntype_2
2155	ntype_1
2156	ntype_1
2157	ntype_3
2158	ntype_0
2159	ntype_1
2160	ntype_0
2161	ntype_3
2162	ntype_0
2163	ntype_2
2164	ntype_1
2165	ntype_0
2166	ntype_1
2167	ntype_3
2168	ntype_2
2169	ntype_3
2170	ntype_0
2171	ntype_2
2172	ntype_1
2173	ntype_1
2174	ntype_0
2175	ntype_1
2176	ntype_0
2177	ntype_3
2178	ntype_1
2179	ntype_3
2180	ntype_3
2181	ntype_3
2182	ntype_3
2183	ntype_1
2184	ntype_1
2185	ntype_0
2186	ntype_0
2187	ntype_2
2188	ntype_0
2189	ntype_3
2190	ntype_0
2191	ntype_1
2192	ntype_3
2193	ntype_1
2194	ntype_0
2195	ntype_1
2196	ntype_2
2197	ntype_2
2198	ntype_0
2199	ntype_1
2200	ntype_2
2201	ntype_0
2202	ntype_3
2203	ntype_2
2204	ntype_1
2205	ntype_3
2206	ntype_1
2207	ntype_3
2208	ntype_1
2209	ntype_0
2210	ntype_1
2211	ntype_0
2212	ntype_2
2213	ntype_0
2214	ntype_0
2215	ntype_1
2216	ntype_1
2217	ntype_0
2218	ntype_3
2219	ntype_0
2220	ntype_0
2221	ntype_2
2222	ntype_3
2223	ntype_0
2224	ntype_1
2225	ntype_1
2226	ntype_3
2227	ntype_1
2228	ntype_3
2229	ntype_3
2230	ntype_0
2231	ntype_1
2232	ntype_2
2233	ntype_2
2234	ntype_0
2235	ntype_1
2236	ntype_2
2237	ntype_1
2238	ntype_2
2239	ntype_3
2240	ntype_3
2241	ntype_3
2242	ntype_2
2243	ntype_0
2244	ntype_1
2245	ntype_3
2246	ntype_0
2247	ntype_3
2248	ntype_3
2249	ntype_0
2250	ntype_3
2251	ntype_3
2252	ntype_2
2253	ntype_2
2254	ntype_3
2255	ntype_1
2256	ntype_0
2257	ntype_0
2258	ntype_2
2259	ntype_3
2260	ntype_2
2261	ntype_1
2262	ntype_0
2263	ntype_3
2264	ntype_3
2265	ntype_0
2266	ntype_3
2267	ntype_3
2268	ntype_0
2269	ntype_3
2270	ntype_0
2271	ntype_0
2272	ntype_2
2273	ntype_0
2274	ntype_1
2275	ntype_1
2276	ntype_3
2277	ntype_1
2278	ntype_1
2279	ntype_3
2280	ntype_2
2281	ntype_2
2282	ntype_3
2283	ntype_3
2284	ntype_2
2285	ntype_2
2286	ntype_2
2287	ntype_1
2288	ntype_2
2289	ntype_3
2290	ntype_3
2291	ntype_3
2292	ntype_3
2293	ntype_3
2294	ntype_1
2295	ntype_3
2296	ntype_2
2297	ntype_2
2298	ntype_2
2299	ntype_1
2300	ntype_3
2301	ntype_0
2302	ntype_0
2303	ntype_1
2304	ntype_3
2305	ntype_1
2306	ntype_3
2307	ntype_1
2308	ntype_0
2309	ntype_2
2310	ntype_1
2311	ntype_3
2312	ntype_1
2313	ntype_2
2314	ntype_2
2315	ntype_2
2316	ntype_3
2317	ntype_3
2318	ntype_1
2319	ntype_1
2320	ntype_3
2321	ntype_1
2322	ntype_1
2323	ntype_2
2324	ntype_1
2325	ntype_1
2326	ntype_2
2327	ntype_1
2328	ntype_3
2329	ntype_3
2330	ntype_1
2331	ntype_1
2332	ntype_3
2333	ntype_0
2334	ntype_3
2335	ntype_0
2336	ntype_1
2337	ntype_2
2338	ntype_1
2339	ntype_2
2340	ntype_3
2341	ntype_1
2342	ntype_3
2343	ntype_0
2344	ntype_0
2345	ntype_1
2346	ntype_1
2347	ntype_3
2348	ntype_0
2349	ntype_0
2350	ntype_3
2351	ntype_2
2352	ntype_3
2353	ntype_1
2354	ntype_1
2355	ntype_0
2356	ntype_0
2357	ntype_3
2358	ntype_0
2359	ntype_0
2360	ntype_3
2361	ntype_2
2362	ntype_2
2363	ntype_0
2364	ntype_0
2365	ntype_3
2366	ntype_2
2367	ntype_3
2368	ntype_1
2369	ntype_2
2370	ntype_2
2371	ntype_1
2372	ntype_0
2373	ntype_0
2374	ntype_2
2375	ntype_3
2376	ntype_3
2377	ntype_1
2378	ntype_0
2379	ntype_3
2380	ntype_2
2381	ntype_0
2382	ntype_1
2383	ntype_2
2384	ntype_1
2385	ntype_3
2386	ntype_3
2387	ntype_2
2388	ntype_2
2389	ntype_0
2390	ntype_3
2391	ntype_1
2392	ntype_2
2393	ntype_1
2394	ntype_2
2395	ntype_1
2396	ntype_3
2397	ntype_3
2398	ntype_2
2399	ntype_1
2400	ntype_1
2401	ntype_2
2402	ntype_3
2403	ntype_1
2404	ntype_2
2405	ntype_0
2406	ntype_1
2407	ntype_0
2408	ntype_3
2409	ntype_3
2410	ntype_1
2411	ntype_1
2412	ntype_2
2413	ntype_3
2414	ntype_2
2415	ntype_2
2416	ntype_1
2417	ntype_0
2418	ntype_2
2419	ntype_1
2420	ntype_2
2421	ntype_3
2422	ntype_2
2423	ntype_2
2424	ntype_1
2425	ntype_0
2426	ntype_1
2427	ntype_3
2428	ntype_2
2429	ntype_0
2430	ntype_3
2431	ntype_1
2432	ntype_2
2433	ntype_2
2434	ntype_1
2435	ntype_2
2436	ntype_3
2437	ntype_2
2438	ntype_2
2439	ntype_3
2440	ntype_0
2441	ntype_0
2442	ntype_2
2443	ntype_3
2444	ntype_0
2445	ntype_1
2446	ntype_1
2447	ntype_3
2448	ntype_0
2449	ntype_3
2450	ntype_0
2451	ntype_2
2452	ntype_1
2453	ntype_0
2454	ntype_2
2455	ntype_3
2456	ntype_0
2457	ntype_3
2458	ntype_3
2459	ntype_0
2460	ntype_3
2461	ntype_1
2462	ntype_2
2463	ntype_0
2464	ntype_1
2465	ntype_3
2466	ntype_3
2467	ntype_2
2468	ntype_0
2469	ntype_1
2470	ntype_0
2471	ntype_3
2472	ntype_3
2473	ntype_0
2474	ntype_2
2475	ntype_3
2476	ntype_1
2477	ntype_2
2478	ntype_1
2479	ntype_1
2480	ntype_0
2481	ntype_2
2482	ntype_2
2483	ntype_2
2484	ntype_1
2485	ntype_2
2486	ntype_3
2487	ntype_0
2488	ntype_0
2489	ntype_1
2490	ntype_1
2491	ntype_3
2492	ntype_0
2493	ntype_0
2494	ntype_0
2495	ntype_2
2496	ntype_0
2497	ntype_2
2498	ntype_2
2499	ntype_0
2500	ntype_3
2501	ntype_0
2502	ntype_1
2503	ntype_3
2504	ntype_0
2505	ntype_2
2506	ntype_3
2507	ntype_3
2508	ntype_2
2509	ntype_1
2510	ntype_3
2511	ntype_0
2512	ntype_0
2513	ntype_3
2514	ntype_0
2515	ntype_1
2516	ntype_3
2517	ntype_2
2518	ntype_1
2519	ntype_3
2520	ntype_3
2521	ntype_0
2522	ntype_1
2523	ntype_3
2524	ntype_3
2525	ntype_2
2526	ntype_3
2527	ntype_2
2528	ntype_2
2529	ntype_2
2530	ntype_3
2531	ntype_2
2532	ntype_1
2533	ntype_0
2534	ntype_2
2535	ntype_1
2536	ntype_1
2537	ntype_0
2538	ntype_1
2539	ntype_2
2540	ntype_1
2541	ntype_2
2542	ntype_2
2543	ntype_0
2544	ntype_3
2545	ntype_3
2546	ntype_3
2547	ntype_2
2548	ntype_3
2549	ntype_0
2550	ntype_2
2551	ntype_3
2552	ntype_2
2553	ntype_1
2554	ntype_3
2555	ntype_0
2556	ntype_3
2557	ntype_0
2558	ntype_1
2559	ntype_3
2560	ntype_1
2561	ntype_0
2562	ntype_2
2563	ntype_3
2564	ntype_3
2565	ntype_0
2566	ntype_3
2567	ntype_3
2568	ntype_2
2569	ntype_3
2570	ntype_0
2571	ntype_0
2572	ntype_2
2573	ntype_1
2574	ntype_0
2575	ntype_0
2576	ntype_0
2577	ntype_3
2578	ntype_2
2579	ntype_1
2580	ntype_2
2581	ntype_3
2582	ntype_1
2583	ntype_3
2584	ntype_1
2585	ntype_3
2586	ntype_3
2587	ntype_2
2588	ntype_3
2589	ntype_0
2590	ntype_3
2591	ntype_0
2592	ntype_0
2593	ntype_2
2594	ntype_0
2595	ntype_3
2596	ntype_2
2597	ntype_1
2598	ntype_0
2599	ntype_0
2600	ntype_2
2601	ntype_2
2602	ntype_1
2603	ntype_0
2604	ntype_3
2605	ntype_1
2606	ntype_1
2607	ntype_0
2608	ntype_0
2609	ntype_1
2610	ntype_1
2611	ntype_3
2612	ntype_3
2613	ntype_3
2614	ntype_3
2615	ntype_2
2616	ntype_2
2617	ntype_0
2618	ntype_0
2619	ntype_1
2620	ntype_0
2621	ntype_2
2622	ntype_0
2623	ntype_1
2624	ntype_0
2625	ntype_2
2626	ntype_3
2627	ntype_1
2628	ntype_2
2629	ntype_0
2630	ntype_3
2631	ntype_3
2632	ntype_0
2633	ntype_2
2634	ntype_1
2635	ntype_2
2636	ntype_1
2637	ntype_1
2638	ntype_3
2639	ntype_2
2640	ntype_3
2641	ntype_0
2642	ntype_0
2643	ntype_1
2644	ntype_3
2645	ntype_2
2646	ntype_1
2647	ntype_2
2648	ntype_3
2649	ntype_3
2650	ntype_0
2651	ntype_1
2652	ntype_0
2653	ntype_3
2654	ntype_1
2655	ntype_2
2656	ntype_0
2657	ntype_0
2658	ntype_3
2659	ntype_1
2660	ntype_0
2661	ntype_1
2662	ntype_0
2663	ntype_3
2664	ntype_0
2665	ntype_2
2666	ntype_0
2667	ntype_1
2668	ntype_2
2669	ntype_1
2670	ntype_3
2671	ntype_0
2672	ntype_2
2673	ntype_3
2674	ntype_1
2675	ntype_2
2676	ntype_0
2677	ntype_2
2678	ntype_3
2679	ntype_3
2680	ntype_1
2681	ntype_2
2682	ntype_1
2683	ntype_3
2684	ntype_0
2685	ntype_0
2686	ntype_3
2687	ntype_1
2688	ntype_3
2689	ntype_3
2690	ntype_0
2691	ntype_0
2692	ntype_2
2693	ntype_0
2694	ntype_0
2695	ntype_2
2696	ntype_0
2697	ntype_0
2698	ntype_3
2699	ntype_2
2700	ntype_2
2701	ntype_2
2702	ntype_1
2703	ntype_1
2704	ntype_1
2705	ntype_0
2706	ntype_1
2707	ntype_2
2708	ntype_1
2709	ntype_3
2710	ntype_2
2711	ntype_1
2712	ntype_2
2713	ntype_1
2714	ntype_3
2715	ntype_0
2716	ntype_3
2717	ntype_3
2718	ntype_0
2719	ntype_0
2720	ntype_1
2721	ntype_1
2722	ntype_0
2723	ntype_2
2724	ntype_2
2725	ntype_1
2726	ntype_3
2727	ntype_1
2728	ntype_3
2729	ntype_1
2730	ntype_3
2731	ntype_3
2732	ntype_3
2733	ntype_2
2734	ntype_0
2735	ntype_0
2736	ntype_2
2737	ntype_0
2738	ntype_3
2739	ntype_2
2740	ntype_1
2741	ntype_0
2742	ntype_0
2743	ntype_1
2744	ntype_3
2745	ntype_2
2746	ntype_3
2747	ntype_2
2748	ntype_1
2749	ntype_2
2750	ntype_1
2751	ntype_1
2752	ntype_0
2753	ntype_2
2754	ntype_0
2755	ntype_2
2756	ntype_3
2757	ntype_1
2758	ntype_3
2759	ntype_1
2760	ntype_3
2761	ntype_3
2762	ntype_1
2763	ntype_0
2764	ntype_2
2765	ntype_1
2766	ntype_2
2767	ntype_3
2768	ntype_0
2769	ntype_1
2770	ntype_3
2771	ntype_2
2772	ntype_1
2773	ntype_3
2774	ntype_0
2775	ntype_0
2776	ntype_1
2777	ntype_3
2778	ntype_0
2779	ntype_1
2780	ntype_0
2781	ntype_0
2782	ntype_1
2783	ntype_0
2784	ntype_3
2785	ntype_0
2786	ntype_3
2787	ntype_0
2788	ntype_3
2789	ntype_3
2790	ntype_0
2791	ntype_3
2792	ntype_0
2793	ntype_3
2794	ntype_1
2795	ntype_0
2796	ntype_2
2797	ntype_0
2798	ntype_0
2799	ntype_1
2800	ntype_1
2801	ntype_0
2802	ntype_1
2803	ntype_0
2804	ntype_2
2805	ntype_0
2806	ntype_2
2807	ntype_3
2808	ntype_1
2809	ntype_1
2810	ntype_1
2811	ntype_2
2812	ntype_1
2813	ntype_1
2814	ntype_0
2815	ntype_1
2816	ntype_2
2817	ntype_0
2818	ntype_1
2819	ntype_3
2820	ntype_0
2821	ntype_1
2822	ntype_3
2823	ntype_1
2824	ntype_1
2825	ntype_0
2826	ntype_1
2827	ntype_1
2828	ntype_3
2829	ntype_0
2830	ntype_3
2831	ntype_1
2832	ntype_0
2833	ntype_2
2834	ntype_2
2835	ntype_3
2836	ntype_2
2837	ntype_0
2838	ntype_2
2839	ntype_2
2840	ntype_2
2841	ntype_1
2842	ntype_1
2843	ntype_3
2844	ntype_2
2845	ntype_0
2846	ntype_3
2847	ntype_0
2848	ntype_2
2849	ntype_0
2850	ntype_0
2851	ntype_1
2852	ntype_2
2853	ntype_3
2854	ntype_3
2855	ntype_3
2856	ntype_0
2857	ntype_3
2858	ntype_1
2859	ntype_3
2860	ntype_1
2861	ntype_1
2862	ntype_3
2863	ntype_0
2864	ntype_2
2865	ntype_3
2866	ntype_2
2867	ntype_1
2868	ntype_1
2869	ntype_2
2870	ntype_1
2871	ntype_0
2872	ntype_0
2873	ntype_3
2874	ntype_2
2875	ntype_1
2876	ntype_0
2877	ntype_0
2878	ntype_3
2879	ntype_1
2880	ntype_3
2881	ntype_2
2882	ntype_1
2883	ntype_0
2884	ntype_1
2885	ntype_1
2886	ntype_3
2887	ntype_3
2888	ntype_2
2889	ntype_0
2890	ntype_2
2891	ntype_1
2892	ntype_0
2893	ntype_2
2894	ntype_2
2895	ntype_3
2896	ntype_3
2897	ntype_1
2898	ntype_3
2899	ntype_0
2900	ntype_1
2901	ntype_1
2902	ntype_2
2903	ntype_3
2904	ntype_3
2905	ntype_3
2906	ntype_3
2907	ntype_3
2908	ntype_0
2909	ntype_2
2910	ntype_3
2911	ntype_0
2912	ntype_3
2913	ntype_1
2914	ntype_1
2915	ntype_2
2916	ntype_3
2917	ntype_1
2918	ntype_0
2919	ntype_3
2920	ntype_1
2921	ntype_0
2922	ntype_0
2923	ntype_0
2924	ntype_3
2925	ntype_3
2926	ntype_1
2927	ntype_0
2928	ntype_0
2929	ntype_2
2930	ntype_1
2931	ntype_1
2932	ntype_3
2933	ntype_0
2934	ntype_3
2935	ntype_1
2936	ntype_2
2937	ntype_0
2938	ntype_2
2939	ntype_0
2940	ntype_0
2941	ntype_1
2942	ntype_0
2943	ntype_3
2944	ntype_3
2945	ntype_0
2946	ntype_3
2947	ntype_3
2948	ntype_0
2949	ntype_0
2950	ntype_3
2951	ntype_3
2952	ntype_0
2953	ntype_0
2954	ntype_2
2955	ntype_3
2956	ntype_0
2957	ntype_0
2958	ntype_2
2959	ntype_2
2960	ntype_3
2961	ntype_1
2962	ntype_2
2963	ntype_1
2964	ntype_2
2965	ntype_1
2966	ntype_1
2967	ntype_1
2968	ntype_1
2969	ntype_3
2970	ntype_2
2971	ntype_1
2972	ntype_2
2973	ntype_0
2974	ntype_3
2975	ntype_3
2976	ntype_3
2977	ntype_0
2978	ntype_2
2979	ntype_2
2980	ntype_0
2981	ntype_1
2982	ntype_0
2983	ntype_3
2984	ntype_1
2985	ntype_0
2986	ntype_1
2987	ntype_2
2988	ntype_0
2989	ntype_1
2990	ntype_1
2991	ntype_1
2992	ntype_2
2993	ntype_0
2994	ntype_0
2995	ntype_0
2996	ntype_0
2997	ntype_2
2998	ntype_2
2999	ntype_1
3000	ntype_2
3001	ntype_1
3002	ntype_0
3003	ntype_3
3004	ntype_3
3005	ntype_2
3006	ntype_2
3007	ntype_3
3008	ntype_3
3009	ntype_0
3010	ntype_3
3011	ntype_1
3012	ntype_0
3013	ntype_2
3014	ntype_3
3015	ntype_3
3016	ntype_1
3017	ntype_2
3018	ntype_1
3019	ntype_1
3020	ntype_3
3021	ntype_3
3022	ntype_3
3023	ntype_3
3024	ntype_3
3025	ntype_0
3026	ntype_1
3027	ntype_2
3028	ntype_2
3029	ntype_0
3030	ntype_1
3031	ntype_2
3032	ntype_0
3033	ntype_0
3034	ntype_0
3035	ntype_1
3036	ntype_2
3037	ntype_1
3038	ntype_3
3039	ntype_2
3040	ntype_1
3041	ntype_1
3042	ntype_2
3043	ntype_1
3044	ntype_1
3045	ntype_0
3046	ntype_0
3047	ntype_0
3048	ntype_3
3049	ntype_3
3050	ntype_3
3051	ntype_1
3052	ntype_2
3053	ntype_2
3054	ntype_1
3055	ntype_3
3056	ntype_3
3057	ntype_0
3058	ntype_3
3059	ntype_0
3060	ntype_0
3061	ntype_2
3062	ntype_0
3063	ntype_0
3064	ntype_2
3065	ntype_2
3066	ntype_1
3067	ntype_1
3068	ntype_1
3069	ntype_1
3070	ntype_1
3071	ntype_0
3072	ntype_2
3073	ntype_2
3074	ntype_1
3075	ntype_3
3076	ntype_1
3077	ntype_3
3078	ntype_1
3079	ntype_2
3080	ntype_2
3081	ntype_1
3082	ntype_0
3083	ntype_3
3084	ntype_3
3085	ntype_1
3086	ntype_3
3087	ntype_3
3088	ntype_3
3089	ntype_1
3090	ntype_0
3091	ntype_1
3092	ntype_0
3093	ntype_1
3094	ntype_1
3095	ntype_2
3096	ntype_0
3097	ntype_0
3098	ntype_2
3099	ntype_1
3100	ntype_2
3101	ntype_1
3102	ntype_2
3103	ntype_3
3104	ntype_2
3105	ntype_3
3106	ntype_1
3107	ntype_0
3108	ntype_0
3109	ntype_0
3110	ntype_1
3111	ntype_3
3112	ntype_3
3113	ntype_3
3114	ntype_1
3115	ntype_0
3116	ntype_2
3117	ntype_1
3118	ntype_1
3119	ntype_2
3120	ntype_2
3121	ntype_0
3122	ntype_2
3123	ntype_0
3124	ntype_0
3125	ntype_2
3126	ntype_0
3127	ntype_1
3128	ntype_2
3129	ntype_1
3130	ntype_3
3131	ntype_3
3132	ntype_0
3133	ntype_0
3134	ntype_2
3135	ntype_1
3136	ntype_2
3137	ntype_2
3138	ntype_1
3139	ntype_3
3140	ntype_3
3141	ntype_1
3142	ntype_1
3143	ntype_1
3144	ntype_3
3145	ntype_2
3146	ntype_1
3147	ntype_3
3148	ntype_0
3149	ntype_0
3150	ntype_2
3151	ntype_3
3152	ntype_1
3153	ntype_0
3154	ntype_1
3155	ntype_1
3156	ntype_3
3157	ntype_2
3158	ntype_0
3159	ntype_3
3160	ntype_3
3161	ntype_0
3162	ntype_2
3163	ntype_1
3164	ntype_1
3165	ntype_3
3166	ntype_2
3167	ntype_0
3168	ntype_3
3169	ntype_2
3170	ntype_1
3171	ntype_0
3172	ntype_2
3173	ntype_2
3174	ntype_3
3175	ntype_3
3176	ntype_1
3177	ntype_0
3178	ntype_0
3179	ntype_3
3180	ntype_2
3181	ntype_1
3182	ntype_0
3183	ntype_0
3184	ntype_2
3185	ntype_0
3186	ntype_0
3187	ntype_1
3188	ntype_1
3189	ntype_1
3190	ntype_3
3191	ntype_1
3192	ntype_1
3193	ntype_0
3194	ntype_0
3195	ntype_0
3196	ntype_3
3197	ntype_0
3198	ntype_2
3199	ntype_1
3200	ntype_3
3201	ntype_3
3202	ntype_3
3203	ntype_2
3204	ntype_2
3205	ntype_1
3206	ntype_2
3207	ntype_3
3208	ntype_0
3209	ntype_1
3210	ntype_2
3211	ntype_3
3212	ntype_0
3213	ntype_1
3214	ntype_0
3215	ntype_1
3216	ntype_2
3217	ntype_0
3218	ntype_2
3219	ntype_0
3220	ntype_3
3221	ntype_2
3222	ntype_3
3223	ntype_3
3224	ntype_1
3225	ntype_0
3226	ntype_1
3227	ntype_2
3228	ntype_1
3229	ntype_3
3230	ntype_3
3231	ntype_1
3232	ntype_0
3233	ntype_1
3234	ntype_3
3235	ntype_1
3236	ntype_3
3237	ntype_3
3238	ntype_0
3239	ntype_1
3240	ntype_3
3241	ntype_2
3242	ntype_0
3243	ntype_0
3244	ntype_1
3245	ntype_2
3246	ntype_2
3247	ntype_1
3248	ntype_2
3249	ntype_0
3250	ntype_1
3251	ntype_3
3252	ntype_1
3253	ntype_2
3254	ntype_2
3255	ntype_0
3256	ntype_1
3257	ntype_0
3258	ntype_1
3259	ntype_3
3260	ntype_3
3261	ntype_0
3262	ntype_3
3263	ntype_3
3264	ntype_2
3265	ntype_0
3266	ntype_3
3267	ntype_3
3268	ntype_1
3269	ntype_0
3270	ntype_2
3271	ntype_1
3272	ntype_1
3273	ntype_0
3274	ntype_3
3275	ntype_3
3276	ntype_0
3277	ntype_3
3278	ntype_1
3279	ntype_2
3280	ntype_0
3281	ntype_0
3282	ntype_3
3283	ntype_1
3284	ntype_3
3285	ntype_1
3286	ntype_2
3287	ntype_3
3288	ntype_3
3289	ntype_1
3290	ntype_0
3291	ntype_0
3292	ntype_0
3293	ntype_1
3294	ntype_3
3295	ntype_1
3296	ntype_1
3297	ntype_3
3298	ntype_1
3299	ntype_2
3300	ntype_0
3301	ntype_1
3302	ntype_2
3303	ntype_3
3304	ntype_1
3305	ntype_0
3306	ntype_3
3307	ntype_0
3308	ntype_3
3309	ntype_2
3310	ntype_2
3311	ntype_3
3312	ntype_2
3313	ntype_2
3314	ntype_3
3315	ntype_3
3316	ntype_1
3317	ntype_3
3318	ntype_3
3319	ntype_0
3320	ntype_3
3321	ntype_3
3322	ntype_0
3323	ntype_2
3324	ntype_2
3325	ntype_2
3326	ntype_1
3327	ntype_2
3328	ntype_3
3329	ntype_0
3330	ntype_0
3331	ntype_3
3332	ntype_0
3333	ntype_1
3334	ntype_0
3335	ntype_0
3336	ntype_1
3337	ntype_2
3338	ntype_2
3339	ntype_2
3340	ntype_1
3341	ntype_3
3342	ntype_0
3343	ntype_0
3344	ntype_1
3345	ntype_1
3346	ntype_3
3347	ntype_3
3348	ntype_0
3349	ntype_3
3350	ntype_1
3351	ntype_0
3352	ntype_3
3353	ntype_0
3354	ntype_0
3355	ntype_3
3356	ntype_0
3357	ntype_0
3358	ntype_0
3359	ntype_3
3360	ntype_0
3361	ntype_3
3362	ntype_1
3363	ntype_2
3364	ntype_2
3365	ntype_1
3366	ntype_1
3367	ntype_0
3368	ntype_0
3369	ntype_1
3370	ntype_0
3371	ntype_3
3372	ntype_0
3373	ntype_0
3374	ntype_1
3375	ntype_0
3376	ntype_1
3377	ntype_0
3378	ntype_0
3379	ntype_3
3380	ntype_1
3381	ntype_1
3382	ntype_1
3383	ntype_3
3384	ntype_0
3385	ntype_2
3386	ntype_0
3387	ntype_2
3388	ntype_1
3389	ntype_2
3390	ntype_0
3391	ntype_0
3392	ntype_0
3393	ntype_0
3394	ntype_2
3395	ntype_1
3396	ntype_1
3397	ntype_2
3398	ntype_3
3399	ntype_1
3400	ntype_2
3401	ntype_0
3402	ntype_2
3403	ntype_2
3404	ntype_0
3405	ntype_2
3406	ntype_1
3407	ntype_1
3408	ntype_3
3409	ntype_3
3410	ntype_3
3411	ntype_2
3412	ntype_1
3413	ntype_3
3414	ntype_3
3415	ntype_0
3416	ntype_1
3417	ntype_3
3418	ntype_1
3419	ntype_1
3420	ntype_0
3421	ntype_0
3422	ntype_0
3423	ntype_3
3424	ntype_0
3425	ntype_1
3426	ntype_0
3427	ntype_3
3428	ntype_2
3429	ntype_2
3430	ntype_3
3431	ntype_2
3432	ntype_2
3433	ntype_2
3434	ntype_1
3435	ntype_1
3436	ntype_0
3437	ntype_2
3438	ntype_3
3439	ntype_2
3440	ntype_3
3441	ntype_3
3442	ntype_0
3443	ntype_0
3444	ntype_1
3445	ntype_3
3446	ntype_0
3447	ntype_2
3448	ntype_0
3449	ntype_2
3450	ntype_0
3451	ntype_0
3452	ntype_3
3453	ntype_2
3454	ntype_2
3455	ntype_2
3456	ntype_0
3457	ntype_0
3458	ntype_0
3459	ntype_2
3460	ntype_2
3461	ntype_0
3462	ntype_2
3463	ntype_0
3464	ntype_3
3465	ntype_0
3466	ntype_2
3467	ntype_0
3468	ntype_0
3469	ntype_3
3470	ntype_2
3471	ntype_3
3472	ntype_3
3473	ntype_1
3474	ntype_0
3475	ntype_0
3476	ntype_2
3477	ntype_3
3478	ntype_2
3479	ntype_3
3480	ntype_3
3481	ntype_1
3482	ntype_3
3483	ntype_3
3484	ntype_2
3485	ntype_3
3486	ntype_1
3487	ntype_1
3488	ntype_2
3489	ntype_3
3490	ntype_2
3491	ntype_2
3492	ntype_0
3493	ntype_2
3494	ntype_3
3495	ntype_2
3496	ntype_2
3497	ntype_0
3498	ntype_2
3499	ntype_1
3500	ntype_0
3501	ntype_0
3502	ntype_2
3503	ntype_2
3504	ntype_2
3505	ntype_1
3506	ntype_0
3507	ntype_0
3508	ntype_3
3509	ntype_2
3510	ntype_0
3511	ntype_0
3512	ntype_3
3513	ntype_1
3514	ntype_1
3515	ntype_2
3516	ntype_2
3517	ntype_0
3518	ntype_1
3519	ntype_2
3520	ntype_3
3521	ntype_3
3522	ntype_1
3523	ntype_1
3524	ntype_0
3525	ntype_1
3526	ntype_3
3527	ntype_3
3528	ntype_3
3529	ntype_3
3530	ntype_0
3531	ntype_2
3532	ntype_2
3533	ntype_2
3534	ntype_2
3535	ntype_1
3536	ntype_2
3537	ntype_0
3538	ntype_2
3539	ntype_0
3540	ntype_3
3541	ntype_3
3542	ntype_1
3543	ntype_1
3544	ntype_1
3545	ntype_1
3546	ntype_3
3547	ntype_2
3548	ntype_2
3549	ntype_0
3550	ntype_0
3551	ntype_3
3552	ntype_0
3553	ntype_2
3554	ntype_2
3555	ntype_1
3556	ntype_3
3557	ntype_2
3558	ntype_1
3559	ntype_3
3560	ntype_2
3561	ntype_2
3562	ntype_3
3563	ntype_2
3564	ntype_3
3565	ntype_3
3566	ntype_0
3567	ntype_3
3568	ntype_0
3569	ntype_2
3570	ntype_1
3571	ntype_0
3572	ntype_0
3573	ntype_1
3574	ntype_3
3575	ntype_0
3576	ntype_1
3577	ntype_2
3578	ntype_1
3579	ntype_0
3580	ntype_1
3581	ntype_1
3582	ntype_0
3583	ntype_1
3584	ntype_1
3585	ntype_1
3586	ntype_0
3587	ntype_2
3588	ntype_0
3589	ntype_3
3590	ntype_2
3591	ntype_3
3592	ntype_0
3593	ntype_1
3594	ntype_1
3595	ntype_3
3596	ntype_3
3597	ntype_0
3598	ntype_0
3599	ntype_2
3600	ntype_1
3601	ntype_0
3602	ntype_0
3603	ntype_1
3604	ntype_1
3605	ntype_0
3606	ntype_1
3607	ntype_3
3608	ntype_3
3609	ntype_2
3610	ntype_1
3611	ntype_2
3612	ntype_3
3613	ntype_3
3614	ntype_3
3615	ntype_1
3616	ntype_3
3617	ntype_0
3618	ntype_1
3619	ntype_1
3620	ntype_0
3621	ntype_0
3622	ntype_2
3623	ntype_0
3624	ntype_2
3625	ntype_2
3626	ntype_2
3627	ntype_0
3628	ntype_2
3629	ntype_1
3630	ntype_1
3631	ntype_0
3632	ntype_0
3633	ntype_0
3634	ntype_3
3635	ntype_0
3636	ntype_1
3637	ntype_3
3638	ntype_0
3639	ntype_2
3640	ntype_3
3641	ntype_2
3642	ntype_0
3643	ntype_0
3644	ntype_3
3645	ntype_1
3646	ntype_0
3647	ntype_1
3648	ntype_3
3649	ntype_0
3650	ntype_2
3651	ntype_2
3652	ntype_1
3653	ntype_3
3654	ntype_0
3655	ntype_1
3656	ntype_1
3657	ntype_3
3658	ntype_0
3659	ntype_1
3660	ntype_0
3661	ntype_0
3662	ntype_2
3663	ntype_3
3664	ntype_2
3665	ntype_1
3666	ntype_2
3667	ntype_0
3668	ntype_1
3669	ntype_1
3670	ntype_1
3671	ntype_3
3672	ntype_2
3673	ntype_2
3674	ntype_0
3675	ntype_0
3676	ntype_0
3677	ntype_3
3678	ntype_3
3679	ntype_3
3680	ntype_1
3681	ntype_1
3682	ntype_0
3683	ntype_3
3684	ntype_0
3685	ntype_2
3686	ntype_3
3687	ntype_1
3688	ntype_1
3689	ntype_2
3690	ntype_2
3691	ntype_3
3692	ntype_0
3693	ntype_3
3694	ntype_1
3695	ntype_2
3696	ntype_0
3697	ntype_0
3698	ntype_2
3699	ntype_3
3700	ntype_0
3701	ntype_2
3702	ntype_1
3703	ntype_0
3704	ntype_0
3705	ntype_2
3706	ntype_3
3707	ntype_1
3708	ntype_0
3709	ntype_0
3710	ntype_2
3711	ntype_2
3712	ntype_3
3713	ntype_1
3714	ntype_0
3715	ntype_3
3716	ntype_3
3717	ntype_2
3718	ntype_1
3719	ntype_0
3720	ntype_2
3721	ntype_2
3722	ntype_0
3723	ntype_1
3724	ntype_2
3725	ntype_0
3726	ntype_3
3727	ntype_3
3728	ntype_0
3729	ntype_1
3730	ntype_2
3731	ntype_1
3732	ntype_2
3733	ntype_1
3734	ntype_0
3735	ntype_0
3736	ntype_0
3737	ntype_3
3738	ntype_0
3739	ntype_0
3740	ntype_0
3741	ntype_0
3742	ntype_3
3743	ntype_3
3744	ntype_0
3745	ntype_2
3746	ntype_1
3747	ntype_1
3748	ntype_0
3749	ntype_3
3750	ntype_1
3751	ntype_1
3752	ntype_3
3753	ntype_3
3754	ntype_3
3755	ntype_3
3756	ntype_0
3757	ntype_3
3758	ntype_3
3759	ntype_0
3760	ntype_2
3761	ntype_1
3762	ntype_1
3763	ntype_1
3764	ntype_0
3765	ntype_2
3766	ntype_1
3767	ntype_3
3768	ntype_2
3769	ntype_2
3770	ntype_0
3771	ntype_2
3772	ntype_0
3773	ntype_3
3774	ntype_3
3775	ntype_2
3776	ntype_2
3777	ntype_1
3778	ntype_0
3779	ntype_1
3780	ntype_3
3781	ntype_3
3782	ntype_2
3783	ntype_2
3784	ntype_2
3785	ntype_3
3786	ntype_1
3787	ntype_1
3788	ntype_3
3789	ntype_0
3790	ntype_3
3791	ntype_3
3792	ntype_3
3793	ntype_2
3794	ntype_2
3795	ntype_2
3796	ntype_1
3797	ntype_1
3798	ntype_2
3799	ntype_0
3800	ntype_1
3801	ntype_3
3802	ntype_1
3803	ntype_0
3804	ntype_3
3805	ntype_0
3806	ntype_0
3807	ntype_3
3808	ntype_0
3809	ntype_2
3810	ntype_2
3811	ntype_0
3812	ntype_1
3813	ntype_1
3814	ntype_1
3815	ntype_3
3816	ntype_1
3817	ntype_0
3818	ntype_1
3819	ntype_0
3820	ntype_3
3821	ntype_3
3822	ntype_1
3823	ntype_2
3824	ntype_1
3825	ntype_2
3826	ntype_0
3827	ntype_3
3828	ntype_3
3829	ntype_0
3830	ntype_0
3831	ntype_1
3832	ntype_3
3833	ntype_1
3834	ntype_1
3835	ntype_1
3836	ntype_3
3837	ntype_3
3838	ntype_3
3839	ntype_0
3840	ntype_0
3841	ntype_3
3842	ntype_1
3843	ntype_0
3844	ntype_0
3845	ntype_0
3846	ntype_0
3847	ntype_3
3848	ntype_3
3849	ntype_2
3850	ntype_2
3851	ntype_2
3852	ntype_3
3853	ntype_2
3854	ntype_3
3855	ntype_3
3856	ntype_0
3857	ntype_0
3858	ntype_3
3859	ntype_2
3860	ntype_0
3861	ntype_3
3862	ntype_0
3863	ntype_2
3864	ntype_0
3865	ntype_0
3866	ntype_2
3867	ntype_3
3868	ntype_3
3869	ntype_3
3870	ntype_1
3871	ntype_1
3872	ntype_0
3873	ntype_0
3874	ntype_1
3875	ntype_0
3876	ntype_1
3877	ntype_1
3878	ntype_1
3879	ntype_0
3880	ntype_2
3881	ntype_3
3882	ntype_0
3883	ntype_0
3884	ntype_2
3885	ntype_1
3886	ntype_3
3887	ntype_0
3888	ntype_3
3889	ntype_0
3890	ntype_3
3891	ntype_0
3892	ntype_1
3893	ntype_0
3894	ntype_0
3895	ntype_3
3896	ntype_0
3897	ntype_2
3898	ntype_1
3899	ntype_0
3900	ntype_0
3901	ntype_1
3902	ntype_0
3903	ntype_2
3904	ntype_0
3905	ntype_3
3906	ntype_1
3907	ntype_2
3908	ntype_1
3909	ntype_0
3910	ntype_3
3911	ntype_2
3912	ntype_1
3913	ntype_0
3914	ntype_2
3915	ntype_2
3916	ntype_2
3917	ntype_2
3918	ntype_2
3919	ntype_1
3920	ntype_2
3921	ntype_2
3922	ntype_1
3923	ntype_3
3924	ntype_0
3925	ntype_1
3926	ntype_2
3927	ntype_1
3928	ntype_2
3929	ntype_2
3930	ntype_2
3931	ntype_0
3932	ntype_1
3933	ntype_3
3934	ntype_2
3935	ntype_0
3936	ntype_0
3937	ntype_0
3938	ntype_0
3939	ntype_0
3940	ntype_1
3941	ntype_3
3942	ntype_1
3943	ntype_3
3944	ntype_1
3945	ntype_1
3946	ntype_3
3947	ntype_3
3948	ntype_2
3949	ntype_3
3950	ntype_1
3951	ntype_1
3952	ntype_3
3953	ntype_2
3954	ntype_3
3955	ntype_0
3956	ntype_3
3957	ntype_2
3958	ntype_1
3959	ntype_2
3960	ntype_0
3961	ntype_1
3962	ntype_0
3963	ntype_0
3964	ntype_0
3965	ntype_2
3966	ntype_0
3967	ntype_0
3968	ntype_1
3969	ntype_3
3970	ntype_1
3971	ntype_1
3972	ntype_0
3973	ntype_1
3974	ntype_3
3975	ntype_1
3976	ntype_1
3977	ntype_1
3978	ntype_3
3979	ntype_0
3980	ntype_3
3981	ntype_1
3982	ntype_2
3983	ntype_3
3984	ntype_1
3985	ntype_1
3986	ntype_0
3987	ntype_2
3988	ntype_2
3989	ntype_2
3990	ntype_0
3991	ntype_2
3992	ntype_2
3993	ntype_0
3994	ntype_0
3995	ntype_2
3996	ntype_1
3997	ntype_0
3998	ntype_0
3999	ntype_0
4000	ntype_2
4001	ntype_0
4002	ntype_0
4003	ntype_1
4004	ntype_1
4005	ntype_0
4006	ntype_1
4007	ntype_1
4008	ntype_0
4009	ntype_2
4010	ntype_2
4011	ntype_0
4012	ntype_1
4013	ntype_0
4014	ntype_0
4015	ntype_3
4016	ntype_3
4017	ntype_2
4018	ntype_2
4019	ntype_0
4020	ntype_0
4021	ntype_0
4022	ntype_1
4023	ntype_2
4024	ntype_3
4025	ntype_3
4026	ntype_3
4027	ntype_2
4028	ntype_3
4029	ntype_2
4030	ntype_2
4031	ntype_2
4032	ntype_0
4033	ntype_0
4034	ntype_3
4035	ntype_3
4036	ntype_1
4037	ntype_3
4038	ntype_0
4039	ntype_1
4040	ntype_1
4041	ntype_3
4042	ntype_2
4043	ntype_2
4044	ntype_2
4045	ntype_3
4046	ntype_2
4047	ntype_3
4048	ntype_1
4049	ntype_3
4050	ntype_3
4051	ntype_0
4052	ntype_3
4053	ntype_1
4054	ntype_3
4055	ntype_1
4056	ntype_0
4057	ntype_0
4058	ntype_3
4059	ntype_0
4060	ntype_3
4061	ntype_0
4062	ntype_2
4063	ntype_3
4064	ntype_3
4065	ntype_2
4066	ntype_1
4067	ntype_0
4068	ntype_0
4069	ntype_1
4070	ntype_0
4071	ntype_3
4072	ntype_3
4073	ntype_3
4074	ntype_1
4075	ntype_0
4076	ntype_1
4077	ntype_3
4078	ntype_2
4079	ntype_3
4080	ntype_2
4081	ntype_1
4082	ntype_3
4083	ntype_2
4084	ntype_3
4085	ntype_0
4086	ntype_2
4087	ntype_0
4088	ntype_2
4089	ntype_0
4090	ntype_3
4091	ntype_1
4092	ntype_0
4093	ntype_2
4094	ntype_1
4095	ntype_2
4096	ntype_0
4097	ntype_3
4098	ntype_0
4099	ntype_2
4100	ntype_3
4101	ntype_2
4102	ntype_2
4103	ntype_0
4104	ntype_3
4105	ntype_1
4106	ntype_2
4107	ntype_0
4108	ntype_3
4109	ntype_3
4110	ntype_2
4111	ntype_2
4112	ntype_0
4113	ntype_3
4114	ntype_0
4115	ntype_2
4116	ntype_0
4117	ntype_0
4118	ntype_1
4119	ntype_0
4120	ntype_3
4121	ntype_3
4122	ntype_2
4123	ntype_2
4124	ntype_1
4125	ntype_2
4126	ntype_0
4127	ntype_0
4128	ntype_1
4129	ntype_1
4130	ntype_2
4131	ntype_3
4132	ntype_2
4133	ntype_0
4134	ntype_0
4135	ntype_3
4136	ntype_3
4137	ntype_1
4138	ntype_3
4139	ntype_2
4140	ntype_1
4141	ntype_0
4142	ntype_2
4143	ntype_3
4144	ntype_1
4145	ntype_1
4146	ntype_2
4147	ntype_2
4148	ntype_3
4149	ntype_1
4150	ntype_1
4151	ntype_3
4152	ntype_1
4153	ntype_1
4154	ntype_1
4155	ntype_1
4156	ntype_0
4157	ntype_2
4158	ntype_1
4159	ntype_3
4160	ntype_3
4161	ntype_1
4162	ntype_1
4163	ntype_3
4164	ntype_3
4165	ntype_2
4166	ntype_2
4167	ntype_3
4168	ntype_1
4169	ntype_1
4170	ntype_1
4171	ntype_1
4172	ntype_0
4173	ntype_3
4174	ntype_3
4175	ntype_0
4176	ntype_1
4177	ntype_0
4178	ntype_1
4179	ntype_0
4180	ntype_2
4181	ntype_2
4182	ntype_1
4183	ntype_2
4184	ntype_1
4185	ntype_2
4186	ntype_3
4187	ntype_3
4188	ntype_2
4189	ntype_0
4190	ntype_3
4191	ntype_1
4192	ntype_3
4193	ntype_0
4194	ntype_2
4195	ntype_2
4196	ntype_0
4197	ntype_3
4198	ntype_1
4199	ntype_2
4200	ntype_1
4201	ntype_0
4202	ntype_2
4203	ntype_1
4204	ntype_3
4205	ntype_2
4206	ntype_3
4207	ntype_0
4208	ntype_0
4209	ntype_1
4210	ntype_2
4211	ntype_1
4212	ntype_1
4213	ntype_1
4214	ntype_1
4215	ntype_0
4216	ntype_1
4217	ntype_2
4218	ntype_0
4219	ntype_2
4220	ntype_3
4221	ntype_1
4222	ntype_1
4223	ntype_3
4224	ntype_1
4225	ntype_3
4226	ntype_3
4227	ntype_1
4228	ntype_2
4229	ntype_0
4230	ntype_0
4231	ntype_0
4232	ntype_0
4233	ntype_0
4234	ntype_2
4235	ntype_2
4236	ntype_0
4237	ntype_0
4238	ntype_2
4239	ntype_3
4240	ntype_0
4241	ntype_0
4242	ntype_0
4243	ntype_3
4244	ntype_0
4245	ntype_0
4246	ntype_3
4247	ntype_3
4248	ntype_3
4249	ntype_2
4250	ntype_3
4251	ntype_2
4252	ntype_1
4253	ntype_0
4254	ntype_2
4255	ntype_1
4256	ntype_2
4257	ntype_2
4258	ntype_2
4259	ntype_1
4260	ntype_1
4261	ntype_1
4262	ntype_3
4263	ntype_0
4264	ntype_0
4265	ntype_0
4266	ntype_1
4267	ntype_0
4268	ntype_2
4269	ntype_0
4270	ntype_2
4271	ntype_3
4272	ntype_3
4273	ntype_0
4274	ntype_2
4275	ntype_1
4276	ntype_1
4277	ntype_3
4278	ntype_2
4279	ntype_2
4280	ntype_0
4281	ntype_1
4282	ntype_1
4283	ntype_2
4284	ntype_3
4285	ntype_0
4286	ntype_0
4287	ntype_3
4288	ntype_2
4289	ntype_0
4290	ntype_0
4291	ntype_3
4292	ntype_0
4293	ntype_1
4294	ntype_1
4295	ntype_1
4296	ntype_0
4297	ntype_2
4298	ntype_0
4299	ntype_0
4300	ntype_2
4301	ntype_1
4302	ntype_0
4303	ntype_1
4304	ntype_3
4305	ntype_0
4306	ntype_3
4307	ntype_3
4308	ntype_3
4309	ntype_0
4310	ntype_1
4311	ntype_1
4312	ntype_1
4313	ntype_1
4314	ntype_1
4315	ntype_3
4316	ntype_2
4317	ntype_3
4318	ntype_3
4319	ntype_2
4320	ntype_0
4321	ntype_2
4322	ntype_3
4323	ntype_2
4324	ntype_3
4325	ntype_2
4326	ntype_2
4327	ntype_1
4328	ntype_3
4329	ntype_2
4330	ntype_2
4331	ntype_2
4332	ntype_2
4333	ntype_2
4334	ntype_1
4335	ntype_2
4336	ntype_0
4337	ntype_1
4338	ntype_1
4339	ntype_3
4340	ntype_1
4341	ntype_3
4342	ntype_1
4343	ntype_0
4344	ntype_0
4345	ntype_1
4346	ntype_0
4347	ntype_3
4348	ntype_3
4349	ntype_3
4350	ntype_2
4351	ntype_2
4352	ntype_1
4353	ntype_1
4354	ntype_0
4355	ntype_3
4356	ntype_1
4357	ntype_1
4358	ntype_2
4359	ntype_2
4360	ntype_0
4361	ntype_0
4362	ntype_1
4363	ntype_3
4364	ntype_3
4365	ntype_2
4366	ntype_3
4367	ntype_3
4368	ntype_3
4369	ntype_3
4370	ntype_0
4371	ntype_0
4372	ntype_3
4373	ntype_1
4374	ntype_2
4375	ntype_3
4376	ntype_2
4377	ntype_1
4378	ntype_2
4379	ntype_0
4380	ntype_1
4381	ntype_3
4382	ntype_2
4383	ntype_0
4384	ntype_3
4385	ntype_2
4386	ntype_3
4387	ntype_0
4388	ntype_1
4389	ntype_1
4390	ntype_0
4391	ntype_2
4392	ntype_1
4393	ntype_1
4394	ntype_1
4395	ntype_0
4396	ntype_1
4397	ntype_3
4398	ntype_1
4399	ntype_1
4400	ntype_3
4401	ntype_3
4402	ntype_2
4403	ntype_2
4404	ntype_2
4405	ntype_0
4406	ntype_1
4407	ntype_1
4408	ntype_2
4409	ntype_0
4410	ntype_2
4411	ntype_3
4412	ntype_0
4413	ntype_1
4414	ntype_0
4415	ntype_1
4416	ntype_3
4417	ntype_1
4418	ntype_0
4419	ntype_2
4420	ntype_1
4421	ntype_2
4422	ntype_0
4423	ntype_2
4424	ntype_1
4425	ntype_1
4426	ntype_0
4427	ntype_0
4428	ntype_3
4429	ntype_2
4430	ntype_3
4431	ntype_3
4432	ntype_1
4433	ntype_2
4434	ntype_1
4435	ntype_0
4436	ntype_0
4437	ntype_1
4438	ntype_3
4439	ntype_2
4440	ntype_0
4441	ntype_1
4442	ntype_2
4443	ntype_1
4444	ntype_3
4445	ntype_3
4446	ntype_2
4447	ntype_3
4448	ntype_2
4449	ntype_3
4450	ntype_1
4451	ntype_3
4452	ntype_0
4453	ntype_0
4454	ntype_0
4455	ntype_1
4456	ntype_2
4457	ntype_3
4458	ntype_3
4459	ntype_1
4460	ntype_0
4461	ntype_3
4462	ntype_1
4463	ntype_3
4464	ntype_0
4465	ntype_1
4466	ntype_3
4467	ntype_0
4468	ntype_1
4469	ntype_3
4470	ntype_0
4471	ntype_1
4472	ntype_2
4473	ntype_3
4474	ntype_1
4475	ntype_1
4476	ntype_0
4477	ntype_0
4478	ntype_1
4479	ntype_3
4480	ntype_2
4481	ntype_1
4482	ntype_0
4483	ntype_1
4484	ntype_0
4485	ntype_2
4486	ntype_3
4487	ntype_2
4488	ntype_1
4489	ntype_2
4490	ntype_2
4491	ntype_1
4492	ntype_3
4493	ntype_3
4494	ntype_0
4495	ntype_0
4496	ntype_2
4497	ntype_3
4498	ntype_1
4499	ntype_3
4500	ntype_2
4501	ntype_0
4502	ntype_3
4503	ntype_1
4504	ntype_3
4505	ntype_1
4506	ntype_0
4507	ntype_2
4508	ntype_0
4509	ntype_3
4510	ntype_3
4511	ntype_1
4512	ntype_3
4513	ntype_0
4514	ntype_1
4515	ntype_2
4516	ntype_3
4517	ntype_3
4518	ntype_1
4519	ntype_0
4520	ntype_2
4521	ntype_3
4522	ntype_1
4523	ntype_1
4524	ntype_1
4525	ntype_1
4526	ntype_0
4527	ntype_2
4528	ntype_1
4529	ntype_0
4530	ntype_0
4531	ntype_2
4532	ntype_1
4533	ntype_0
4534	ntype_0
4535	ntype_0
4536	ntype_2
4537	ntype_2
4538	ntype_1
4539	ntype_2
4540	ntype_2
4541	ntype_2
4542	ntype_3
4543	ntype_1
4544	ntype_1
4545	ntype_0
4546	ntype_3
4547	ntype_0
4548	ntype_1
4549	ntype_3
4550	ntype_0
4551	ntype_3
4552	ntype_2
4553	ntype_2
4554	ntype_2
4555	ntype_2
4556	ntype_2
4557	ntype_2
4558	ntype_2
4559	ntype_3
4560	ntype_1
4561	ntype_3
4562	ntype_0
4563	ntype_1
4564	ntype_2
4565	ntype_3
4566	ntype_2
4567	ntype_1
4568	ntype_0
4569	ntype_3
4570	ntype_0
4571	ntype_1
4572	ntype_3
4573	ntype_2
4574	ntype_0
4575	ntype_3
4576	ntype_3
4577	ntype_2
4578	ntype_0
4579	ntype_2
4580	ntype_2
4581	ntype_2
4582	ntype_1
4583	ntype_1
4584	ntype_0
4585	ntype_1
4586	ntype_2
4587	ntype_2
4588	ntype_2
4589	ntype_2
4590	ntype_2
4591	ntype_1
4592	ntype_2
4593	ntype_1
4594	ntype_1
4595	ntype_2
4596	ntype_2
4597	ntype_0
4598	ntype_0
4599	ntype_3
4600	ntype_3
4601	ntype_1
4602	ntype_0
4603	ntype_2
4604	ntype_1
4605	ntype_0
4606	ntype_2
4607	ntype_1
4608	ntype_2
4609	ntype_3
4610	ntype_1
4611	ntype_3
4612	ntype_0
4613	ntype_1
4614	ntype_2
4615	ntype_2
4616	ntype_2
4617	ntype_2
4618	ntype_2
4619	ntype_0
4620	ntype_0
4621	ntype_3
4622	ntype_1
4623	ntype_3
4624	ntype_3
4625	ntype_2
4626	ntype_3
4627	ntype_2
4628	ntype_1
4629	ntype_2
4630	ntype_1
4631	ntype_3
4632	ntype_3
4633	ntype_0
4634	ntype_1
4635	ntype_1
4636	ntype_1
4637	ntype_0
4638	ntype_3
4639	ntype_2
4640	ntype_3
4641	ntype_3
4642	ntype_1
4643	ntype_2
4644	ntype_3
4645	ntype_3
4646	ntype_2
4647	ntype_1
4648	ntype_2
4649	ntype_0
4650	ntype_0
4651	ntype_0
4652	ntype_1
4653	ntype_1
4654	ntype_0
4655	ntype_2
4656	ntype_2
4657	ntype_0
4658	ntype_0
4659	ntype_3
4660	ntype_2
4661	ntype_3
4662	ntype_0
4663	ntype_1
4664	ntype_1
4665	ntype_2
4666	ntype_2
4667	ntype_2
4668	ntype_1
4669	ntype_0
4670	ntype_0
4671	ntype_3
4672	ntype_3
4673	ntype_1
4674	ntype_3
4675	ntype_2
4676	ntype_1
4677	ntype_1
4678	ntype_1
4679	ntype_3
4680	ntype_3
4681	ntype_1
4682	ntype_1
4683	ntype_3
4684	ntype_1
4685	ntype_1
4686	ntype_0
4687	ntype_1
4688	ntype_0
4689	ntype_0
4690	ntype_3
4691	ntype_0
4692	ntype_0
4693	ntype_2
4694	ntype_2
4695	ntype_0
4696	ntype_0
4697	ntype_3
4698	ntype_1
4699	ntype_0
4700	ntype_1
4701	ntype_3
4702	ntype_3
4703	ntype_1
4704	ntype_1
4705	ntype_2
4706	ntype_3
4707	ntype_3
4708	ntype_2
4709	ntype_0
4710	ntype_0
4711	ntype_2
4712	ntype_2
4713	ntype_1
4714	ntype_1
4715	ntype_3
4716	ntype_0
4717	ntype_3
4718	ntype_1
4719	ntype_3
4720	ntype_2
4721	ntype_1
4722	ntype_2
4723	ntype_1
4724	ntype_3
4725	ntype_1
4726	ntype_1
4727	ntype_0
4728	ntype_2
4729	ntype_2
4730	ntype_1
4731	ntype_2
4732	ntype_3
4733	ntype_1
4734	ntype_2
4735	ntype_1
4736	ntype_3
4737	ntype_2
4738	ntype_1
4739	ntype_1
4740	ntype_2
4741	ntype_0
4742	ntype_3
4743	ntype_2
4744	ntype_1
4745	ntype_0
4746	ntype_3
4747	ntype_1
4748	ntype_2
4749	ntype_1
4750	ntype_2
4751	ntype_2
4752	ntype_3
4753	ntype_3
4754	ntype_0
4755	ntype_0
4756	ntype_2
4757	ntype_3
4758	ntype_1
4759	ntype_1
4760	ntype_1
4761	ntype_3
4762	ntype_1
4763	ntype_0
4764	ntype_3
4765	ntype_3
4766	ntype_0
4767	ntype_3
4768	ntype_2
4769	ntype_3
4770	ntype_1
4771	ntype_2
4772	ntype_2
4773	ntype_2
4774	ntype_2
4775	ntype_0
4776	ntype_0
4777	ntype_0
4778	ntype_2
4779	ntype_1
4780	ntype_3
4781	ntype_3
4782	ntype_0
4783	ntype_3
4784	ntype_0
4785	ntype_2
4786	ntype_3
4787	ntype_2
4788	ntype_3
4789	ntype_3
4790	ntype_0
4791	ntype_2
4792	ntype_2
4793	ntype_0
4794	ntype_0
4795	ntype_2
4796	ntype_0
4797	ntype_1
4798	ntype_3
4799	ntype_0
4800	ntype_1
4801	ntype_2
4802	ntype_3
4803	ntype_3
4804	ntype_2
4805	ntype_2
4806	ntype_1
4807	ntype_3
4808	ntype_1
4809	ntype_3
4810	ntype_0
4811	ntype_1
4812	ntype_0
4813	ntype_3
4814	ntype_2
4815	ntype_1
4816	ntype_0
4817	ntype_3
4818	ntype_3
4819	ntype_0
4820	ntype_3
4821	ntype_3
4822	ntype_0
4823	ntype_1
4824	ntype_0
4825	ntype_0
4826	ntype_0
4827	ntype_2
4828	ntype_3
4829	ntype_0
4830	ntype_1
4831	ntype_3
4832	ntype_3
4833	ntype_3
4834	ntype_2
4835	ntype_3
4836	ntype_2
4837	ntype_0
4838	ntype_1
4839	ntype_0
4840	ntype_2
4841	ntype_3
4842	ntype_2
4843	ntype_2
4844	ntype_3
4845	ntype_2
4846	ntype_1
4847	ntype_3
4848	ntype_1
4849	ntype_3
4850	ntype_2
4851	ntype_3
4852	ntype_2
4853	ntype_1
4854	ntype_0
4855	ntype_1
4856	ntype_2
4857	ntype_1
4858	ntype_3
4859	ntype_3
4860	ntype_0
4861	ntype_0
4862	ntype_1
4863	ntype_3
4864	ntype_2
4865	ntype_2
4866	ntype_3
4867	ntype_1
4868	ntype_0
4869	ntype_3
4870	ntype_1
4871	ntype_0
4872	ntype_0
4873	ntype_0
4874	ntype_0
4875	ntype_0
4876	ntype_3
4877	ntype_0
4878	ntype_1
4879	ntype_3
4880	ntype_1
4881	ntype_0
4882	ntype_3
4883	ntype_3
4884	ntype_2
4885	ntype_2
4886	ntype_2
4887	ntype_1
4888	ntype_2
4889	ntype_2
4890	ntype_1
4891	ntype_0
4892	ntype_0
4893	ntype_0
4894	ntype_3
4895	ntype_2
4896	ntype_2
4897	ntype_2
4898	ntype_3
4899	ntype_2
4900	ntype_0
4901	ntype_3
4902	ntype_3
4903	ntype_3
4904	ntype_2
4905	ntype_3
4906	ntype_2
4907	ntype_0
4908	ntype_0
4909	ntype_3
4910	ntype_2
4911	ntype_1
4912	ntype_2
4913	ntype_2
4914	ntype_1
4915	ntype_2
4916	ntype_1
4917	ntype_2
4918	ntype_2
4919	ntype_0
4920	ntype_3
4921	ntype_2
4922	ntype_0
4923	ntype_3
4924	ntype_1
4925	ntype_1
4926	ntype_1
4927	ntype_2
4928	ntype_3
4929	ntype_0
4930	ntype_1
4931	ntype_0
4932	ntype_0
4933	ntype_1
4934	ntype_3
4935	ntype_2
4936	ntype_3
4937	ntype_2
4938	ntype_1
4939	ntype_1
4940	ntype_2
4941	ntype_1
4942	ntype_1
4943	ntype_2
4944	ntype_3
4945	ntype_1
4946	ntype_2
4947	ntype_2
4948	ntype_1
4949	ntype_3
4950	ntype_2
4951	ntype_3
4952	ntype_0
4953	ntype_3
4954	ntype_0
4955	ntype_2
4956	ntype_3
4957	ntype_2
4958	ntype_2
4959	ntype_2
4960	ntype_2
4961	ntype_0
4962	ntype_1
4963	ntype_2
4964	ntype_3
4965	ntype_0
4966	ntype_3
4967	ntype_0
4968	ntype_0
4969	ntype_0
4970	ntype_1
4971	ntype_0
4972	ntype_3
4973	ntype_3
4974	ntype_1
4975	ntype_0
4976	ntype_3
4977	ntype_3
4978	ntype_0
4979	ntype_3
4980	ntype_0
4981	ntype_0
4982	ntype_1
4983	ntype_3
4984	ntype_2
4985	ntype_3
4986	ntype_2
4987	ntype_0
4988	ntype_0
4989	ntype_1
4990	ntype_2
4991	ntype_2
4992	ntype_2
4993	ntype_0
4994	ntype_3
4995	ntype_0
4996	ntype_3
4997	ntype_1
4998	ntype_1
4999	ntype_2
5000	ntype_3
5001	ntype_3
5002	ntype_2
5003	ntype_3
5004	ntype_0
5005	ntype_3
5006	ntype_1
5007	ntype_2
5008	ntype_3
5009	ntype_3
5010	ntype_0
5011	ntype_3
5012	ntype_0
5013	ntype_2
5014	ntype_1
5015	ntype_2
5016	ntype_2
5017	ntype_2
5018	ntype_1
5019	ntype_1
5020	ntype_2
5021	ntype_0
5022	ntype_3
5023	ntype_0
5024	ntype_1
5025	ntype_0
5026	ntype_2
5027	ntype_3
5028	ntype_2
5029	ntype_2
5030	ntype_1
5031	ntype_3
5032	ntype_1
5033	ntype_0
5034	ntype_1
5035	ntype_0
5036	ntype_3
5037	ntype_0
5038	ntype_0
5039	ntype_2
5040	ntype_0
5041	ntype_1
5042	ntype_2
5043	ntype_2
5044	ntype_3
5045	ntype_1
5046	ntype_3
5047	ntype_0
5048	ntype_0
5049	ntype_2
5050	ntype_2
5051	ntype_2
5052	ntype_1
5053	ntype_0
5054	ntype_0
5055	ntype_3
5056	ntype_1
5057	ntype_3
5058	ntype_1
5059	ntype_1
5060	ntype_1
5061	ntype_2
5062	ntype_0
5063	ntype_3
5064	ntype_1
5065	ntype_3
5066	ntype_0
5067	ntype_3
5068	ntype_0
5069	ntype_0
5070	ntype_2
5071	ntype_1
5072	ntype_3
5073	ntype_2
5074	ntype_1
5075	ntype_1
5076	ntype_1
5077	ntype_2
5078	ntype_3
5079	ntype_3
5080	ntype_1
5081	ntype_2
5082	ntype_3
5083	ntype_2
5084	ntype_0
5085	ntype_2
5086	ntype_1
5087	ntype_3
5088	ntype_0
5089	ntype_2
5090	ntype_2
5091	ntype_1
5092	ntype_3
5093	ntype_1
5094	ntype_2
5095	ntype_1
5096	ntype_0
5097	ntype_1
5098	ntype_3
5099	ntype_2
5100	ntype_1
5101	ntype_2
5102	ntype_1
5103	ntype_3
5104	ntype_3
5105	ntype_2
5106	ntype_0
5107	ntype_0
5108	ntype_1
5109	ntype_3
5110	ntype_2
5111	ntype_3
5112	ntype_3
5113	ntype_0
5114	ntype_3
5115	ntype_2
5116	ntype_0
5117	ntype_3
5118	ntype_0
5119	ntype_1
5120	ntype_0
5121	ntype_0
5122	ntype_2
5123	ntype_3
5124	ntype_2
5125	ntype_3
5126	ntype_1
5127	ntype_0
5128	ntype_3
5129	ntype_1
5130	ntype_0
5131	ntype_1
5132	ntype_0
5133	ntype_0
5134	ntype_2
5135	ntype_2
5136	ntype_3
5137	ntype_0
5138	ntype_0
5139	ntype_2
5140	ntype_2
5141	ntype_0
5142	ntype_0
5143	ntype_1
5144	ntype_1
5145	ntype_0
5146	ntype_2
5147	ntype_3
5148	ntype_0
5149	ntype_2
5150	ntype_0
5151	ntype_3
5152	ntype_0
5153	ntype_2
5154	ntype_1
5155	ntype_1
5156	ntype_1
5157	ntype_0
5158	ntype_1
5159	ntype_2
5160	ntype_1
5161	ntype_3
5162	ntype_2
5163	ntype_3
5164	ntype_0
5165	ntype_2
5166	ntype_1
5167	ntype_2
5168	ntype_1
5169	ntype_3
5170	ntype_1
5171	ntype_1
5172	ntype_0
5173	ntype_1
5174	ntype_3
5175	ntype_2
5176	ntype_2
5177	ntype_2
5178	ntype_0
5179	ntype_1
5180	ntype_3
5181	ntype_2
5182	ntype_3
5183	ntype_0
5184	ntype_1
5185	ntype_2
5186	ntype_1
5187	ntype_3
5188	ntype_3
5189	ntype_0
5190	ntype_2
5191	ntype_3
5192	ntype_3
5193	ntype_1
5194	ntype_2
5195	ntype_2
5196	ntype_1
5197	ntype_3
5198	ntype_1
5199	ntype_0
5200	ntype_0
5201	ntype_1
5202	ntype_3
5203	ntype_3
5204	ntype_1
5205	ntype_1
5206	ntype_1
5207	ntype_0
5208	ntype_3
5209	ntype_0
5210	ntype_0
5211	ntype_2
5212	ntype_3
5213	ntype_3
5214	ntype_1
5215	ntype_0
5216	ntype_2
5217	ntype_3
5218	ntype_1
5219	ntype_1
5220	ntype_0
5221	ntype_0
5222	ntype_1
5223	ntype_1
5224	ntype_0
5225	ntype_2
5226	ntype_2
5227	ntype_2
5228	ntype_2
5229	ntype_0
5230	ntype_0
5231	ntype_2
5232	ntype_3
5233	ntype_0
5234	ntype_1
5235	ntype_2
5236	ntype_3
5237	ntype_1
5238	ntype_2
5239	ntype_3
5240	ntype_2
5241	ntype_1
5242	ntype_2
5243	ntype_1
5244	ntype_1
5245	ntype_3
5246	ntype_0
5247	ntype_3
5248	ntype_0
5249	ntype_3
5250	ntype_3
5251	ntype_1
5252	ntype_1
5253	ntype_3
5254	ntype_0
5255	ntype_3
5256	ntype_3
5257	ntype_2
5258	ntype_3
5259	ntype_2
5260	ntype_0
5261	ntype_1
5262	ntype_0
5263	ntype_0
5264	ntype_3
5265	ntype_3
5266	ntype_3
5267	ntype_0
5268	ntype_2
5269	ntype_1
5270	ntype_3
5271	ntype_3
5272	ntype_3
5273	ntype_1
5274	ntype_2
5275	ntype_1
5276	ntype_3
5277	ntype_2
5278	ntype_2
5279	ntype_3
5280	ntype_3
5281	ntype_2
5282	ntype_0
5283	ntype_3
5284	ntype_3
5285	ntype_3
5286	ntype_0
5287	ntype_3
5288	ntype_0
5289	ntype_0
5290	ntype_3
5291	ntype_3
5292	ntype_2
5293	ntype_3
5294	ntype_3
5295	ntype_1
5296	ntype_0
5297	ntype_0
5298	ntype_1
5299	ntype_1
5300	ntype_2
5301	ntype_1
5302	ntype_0
5303	ntype_2
5304	ntype_0
5305	ntype_1
5306	ntype_1
5307	ntype_3
5308	ntype_2
5309	ntype_0
5310	ntype_0
5311	ntype_2
5312	ntype_0
5313	ntype_0
5314	ntype_2
5315	ntype_0
5316	ntype_1
5317	ntype_3
5318	ntype_3
5319	ntype_3
5320	ntype_0
5321	ntype_3
5322	ntype_0
5323	ntype_0
5324	ntype_0
5325	ntype_1
5326	ntype_1
5327	ntype_2
5328	ntype_1
5329	ntype_3
5330	ntype_2
5331	ntype_0
5332	ntype_0
5333	ntype_1
5334	ntype_2
5335	ntype_3
5336	ntype_3
5337	ntype_0
5338	ntype_1
5339	ntype_0
5340	ntype_3
5341	ntype_0
5342	ntype_2
5343	ntype_1
5344	ntype_2
5345	ntype_2
5346	ntype_3
5347	ntype_1
5348	ntype_1
5349	ntype_3
5350	ntype_0
5351	ntype_3
5352	ntype_0
5353	ntype_3
5354	ntype_2
5355	ntype_3
5356	ntype_0
5357	ntype_1
5358	ntype_2
5359	ntype_1
5360	ntype_2
5361	ntype_1
5362	ntype_3
5363	ntype_1
5364	ntype_0
5365	ntype_2
5366	ntype_3
5367	ntype_0
5368	ntype_2
5369	ntype_1
5370	ntype_0
5371	ntype_3
5372	ntype_2
5373	ntype_2
5374	ntype_2
5375	ntype_2
5376	ntype_3
5377	ntype_1
5378	ntype_3
5379	ntype_2
5380	ntype_3
5381	ntype_1
5382	ntype_0
5383	ntype_0
5384	ntype_0
5385	ntype_0
5386	ntype_0
5387	ntype_3
5388	ntype_2
5389	ntype_1
5390	ntype_3
5391	ntype_0
5392	ntype_1
5393	ntype_1
5394	ntype_1
5395	ntype_1
5396	ntype_0
5397	ntype_1
5398	ntype_0
5399	ntype_3
5400	ntype_1
5401	ntype_1
5402	ntype_0
5403	ntype_1
5404	ntype_1
5405	ntype_1
5406	ntype_2
5407	ntype_2
5408	ntype_2
5409	ntype_0
5410	ntype_3
5411	ntype_1
5412	ntype_3
5413	ntype_1
5414	ntype_0
5415	ntype_1
5416	ntype_3
5417	ntype_2
5418	ntype_3
5419	ntype_2
5420	ntype_0
5421	ntype_0
5422	ntype_2
5423	ntype_1
5424	ntype_0
5425	ntype_2
5426	ntype_0
5427	ntype_2
5428	ntype_0
5429	ntype_3
5430	ntype_0
5431	ntype_3
5432	ntype_2
5433	ntype_0
5434	ntype_0
5435	ntype_0
5436	ntype_3
5437	ntype_1
5438	ntype_3
5439	ntype_0
5440	ntype_3
5441	ntype_3
5442	ntype_1
5443	ntype_3
5444	ntype_3
5445	ntype_1
5446	ntype_0
5447	ntype_0
5448	ntype_1
5449	ntype_1
5450	ntype_0
5451	ntype_1
5452	ntype_3
5453	ntype_0
5454	ntype_1
5455	ntype_2
5456	ntype_1
5457	ntype_2
5458	ntype_3
5459	ntype_0
5460	ntype_1
5461	ntype_0
5462	ntype_1
5463	ntype_3
5464	ntype_1
5465	ntype_0
5466	ntype_3
5467	ntype_3
5468	ntype_3
5469	ntype_1
5470	ntype_0
5471	ntype_1
5472	ntype_2
5473	ntype_2
5474	ntype_3
5475	ntype_2
5476	ntype_2
5477	ntype_3
5478	ntype_1
5479	ntype_3
5480	ntype_2
5481	ntype_1
5482	ntype_1
5483	ntype_1
5484	ntype_0
5485	ntype_1
5486	ntype_3
5487	ntype_3
5488	ntype_2
5489	ntype_1
5490	ntype_2
5491	ntype_1
5492	ntype_2
5493	ntype_1
5494	ntype_3
5495	ntype_1
5496	ntype_1
5497	ntype_1
5498	ntype_1
5499	ntype_0
5500	ntype_3
5501	ntype_0
5502	ntype_1
5503	ntype_1
5504	ntype_3
5505	ntype_3
5506	ntype_2
5507	ntype_1
5508	ntype_0
5509	ntype_2
5510	ntype_0
5511	ntype_2
5512	ntype_0
5513	ntype_3
5514	ntype_0
5515	ntype_1
5516	ntype_1
5517	ntype_1
5518	ntype_3
5519	ntype_1
5520	ntype_1
5521	ntype_0
5522	ntype_3
5523	ntype_0
5524	ntype_2
5525	ntype_3
5526	ntype_2
5527	ntype_2
5528	ntype_2
5529	ntype_0
5530	ntype_3
5531	ntype_0
5532	ntype_1
5533	ntype_3
5534	ntype_3
5535	ntype_0
5536	ntype_2
5537	ntype_3
5538	ntype_0
5539	ntype_0
5540	ntype_0
5541	ntype_2
5542	ntype_2
5543	ntype_3
5544	ntype_3
5545	ntype_0
5546	ntype_0
5547	ntype_3
5548	ntype_0
5549	ntype_3
5550	ntype_2
5551	ntype_1
5552	ntype_2
5553	ntype_2
5554	ntype_2
5555	ntype_0
5556	ntype_0
5557	ntype_3
5558	ntype_2
5559	ntype_3
5560	ntype_0
5561	ntype_1
5562	ntype_3
5563	ntype_1
5564	ntype_1
5565	ntype_1
5566	ntype_2
5567	ntype_0
5568	ntype_2
5569	ntype_0
5570	ntype_3
5571	ntype_3
5572	ntype_3
5573	ntype_3
5574	ntype_2
5575	ntype_1
5576	ntype_3
5577	ntype_1
5578	ntype_0
5579	ntype_3
5580	ntype_3
5581	ntype_2
5582	ntype_1
5583	ntype_0
5584	ntype_0
5585	ntype_2
5586	ntype_0
5587	ntype_1
5588	ntype_1
5589	ntype_0
5590	ntype_2
5591	ntype_2
5592	ntype_2
5593	ntype_0
5594	ntype_2
5595	ntype_1
5596	ntype_3
5597	ntype_3
5598	ntype_2
5599	ntype_0
5600	ntype_3
5601	ntype_3
5602	ntype_0
5603	ntype_3
5604	ntype_2
5605	ntype_2
5606	ntype_3
5607	ntype_2
5608	ntype_1
5609	ntype_1
5610	ntype_2
5611	ntype_3
5612	ntype_2
5613	ntype_2
5614	ntype_0
5615	ntype_2
5616	ntype_2
5617	ntype_2
5618	ntype_1
5619	ntype_1
5620	ntype_2
5621	ntype_3
5622	ntype_2
5623	ntype_2
5624	ntype_1
5625	ntype_2
5626	ntype_1
5627	ntype_1
5628	ntype_3
5629	ntype_3
5630	ntype_1
5631	ntype_1
5632	ntype_1
5633	ntype_2
5634	ntype_1
5635	ntype_3
5636	ntype_3
5637	ntype_0
5638	ntype_1
5639	ntype_2
5640	ntype_1
5641	ntype_1
5642	ntype_2
5643	ntype_2
5644	ntype_3
5645	ntype_1
5646	ntype_0
5647	ntype_0
5648	ntype_2
5649	ntype_0
5650	ntype_1
5651	ntype_1
5652	ntype_2
5653	ntype_3
5654	ntype_0
5655	ntype_0
5656	ntype_3
5657	ntype_3
5658	ntype_2
5659	ntype_2
5660	ntype_0
5661	ntype_3
5662	ntype_1
5663	ntype_0
5664	ntype_2
5665	ntype_1
5666	ntype_1
5667	ntype_0
5668	ntype_1
5669	ntype_1
5670	ntype_1
5671	ntype_0
5672	ntype_3
5673	ntype_0
5674	ntype_0
5675	ntype_2
5676	ntype_2
5677	ntype_1
5678	ntype_3
5679	ntype_3
5680	ntype_3
5681	ntype_2
5682	ntype_2
5683	ntype_3
5684	ntype_1
5685	ntype_1
5686	ntype_2
5687	ntype_2
5688	ntype_0
5689	ntype_1
5690	ntype_3
5691	ntype_3
5692	ntype_0
5693	ntype_3
5694	ntype_3
5695	ntype_3
5696	ntype_2
5697	ntype_0
5698	ntype_3
5699	ntype_2
5700	ntype_0
5701	ntype_2
5702	ntype_2
5703	ntype_3
5704	ntype_3
5705	ntype_3
5706	ntype_2
5707	ntype_1
5708	ntype_3
5709	ntype_3
5710	ntype_2
5711	ntype_0
5712	ntype_0
5713	ntype_0
5714	ntype_0
5715	ntype_3
5716	ntype_3
5717	ntype_3
5718	ntype_3
5719	ntype_1
5720	ntype_0
5721	ntype_0
5722	ntype_0
5723	ntype_3
5724	ntype_1
5725	ntype_0
5726	ntype_0
5727	ntype_3
5728	ntype_0
5729	ntype_0
5730	ntype_2
5731	ntype_2
5732	ntype_0
5733	ntype_1
5734	ntype_0
5735	ntype_3
5736	ntype_1
5737	ntype_1
5738	ntype_3
5739	ntype_2
5740	ntype_0
5741	ntype_0
5742	ntype_0
5743	ntype_0
5744	ntype_1
5745	ntype_2
5746	ntype_0
5747	ntype_2
5748	ntype_1
5749	ntype_3
5750	ntype_3
5751	ntype_2
5752	ntype_0
5753	ntype_0
5754	ntype_0
5755	ntype_1
5756	ntype_0
5757	ntype_3
5758	ntype_1
5759	ntype_3
5760	ntype_2
5761	ntype_1
5762	ntype_3
5763	ntype_2
5764	ntype_1
5765	ntype_2
5766	ntype_3
5767	ntype_3
5768	ntype_3
5769	ntype_0
5770	ntype_0
5771	ntype_3
5772	ntype_1
5773	ntype_2
5774	ntype_2
5775	ntype_1
5776	ntype_3
5777	ntype_0
5778	ntype_3
5779	ntype_2
5780	ntype_1
5781	ntype_3
5782	ntype_0
5783	ntype_3
5784	ntype_1
5785	ntype_2
5786	ntype_0
5787	ntype_3
5788	ntype_2
5789	ntype_3
5790	ntype_1
5791	ntype_1
5792	ntype_2
5793	ntype_0
5794	ntype_2
5795	ntype_1
5796	ntype_2
5797	ntype_1
5798	ntype_2
5799	ntype_1
5800	ntype_1
5801	ntype_1
5802	ntype_2
5803	ntype_2
5804	ntype_2
5805	ntype_2
5806	ntype_0
5807	ntype_3
5808	ntype_0
5809	ntype_2
5810	ntype_3
5811	ntype_1
5812	ntype_1
5813	ntype_3
5814	ntype_2
5815	ntype_1
5816	ntype_0
5817	ntype_3
5818	ntype_3
5819	ntype_0
5820	ntype_2
5821	ntype_1
5822	ntype_3
5823	ntype_0
5824	ntype_0
5825	ntype_2
5826	ntype_3
5827	ntype_0
5828	ntype_3
5829	ntype_0
5830	ntype_2
5831	ntype_3
5832	ntype_1
5833	ntype_2
5834	ntype_0
5835	ntype_1
5836	ntype_0
5837	ntype_3
5838	ntype_0
5839	ntype_0
5840	ntype_1
5841	ntype_0
5842	ntype_1
5843	ntype_0
5844	ntype_1
5845	ntype_1
5846	ntype_3
5847	ntype_3
5848	ntype_2
5849	ntype_3
5850	ntype_1
5851	ntype_3
5852	ntype_1
5853	ntype_2
5854	ntype_2
5855	ntype_3
5856	ntype_2
5857	ntype_1
5858	ntype_2
5859	ntype_1
5860	ntype_0
5861	ntype_3
5862	ntype_2
5863	ntype_1
5864	ntype_3
5865	ntype_1
5866	ntype_1
5867	ntype_0
5868	ntype_2
5869	ntype_1
5870	ntype_0
5871	ntype_3
5872	ntype_1
5873	ntype_2
5874	ntype_1
5875	ntype_3
5876	ntype_1
5877	ntype_2
5878	ntype_3
5879	ntype_2
5880	ntype_0
5881	ntype_1
5882	ntype_0
5883	ntype_2
5884	ntype_1
5885	ntype_0
5886	ntype_3
5887	ntype_2
5888	ntype_0
5889	ntype_1
5890	ntype_2
5891	ntype_3
5892	ntype_3
5893	ntype_1
5894	ntype_1
5895	ntype_3
5896	ntype_2
5897	ntype_2
5898	ntype_2
5899	ntype_1
5900	ntype_3
5901	ntype_0
5902	ntype_0
5903	ntype_0
5904	ntype_0
5905	ntype_0
5906	ntype_1
5907	ntype_2
5908	ntype_2
5909	ntype_3
5910	ntype_2
5911	ntype_3
5912	ntype_0
5913	ntype_1
5914	ntype_2
5915	ntype_3
5916	ntype_2
5917	ntype_3
5918	ntype_3
5919	ntype_0
5920	ntype_3
5921	ntype_1
5922	ntype_0
5923	ntype_0
5924	ntype_1
5925	ntype_2
5926	ntype_3
5927	ntype_0
5928	ntype_1
5929	ntype_1
5930	ntype_3
5931	ntype_0
5932	ntype_3
5933	ntype_0
5934	ntype_0
5935	ntype_1
5936	ntype_2
5937	ntype_0
5938	ntype_3
5939	ntype_3
5940	ntype_0
5941	ntype_0
5942	ntype_3
5943	ntype_2
5944	ntype_1
5945	ntype_0
5946	ntype_3
5947	ntype_1
5948	ntype_1
5949	ntype_3
5950	ntype_1
5951	ntype_1
5952	ntype_2
5953	ntype_3
5954	ntype_0
5955	ntype_3
5956	ntype_2
5957	ntype_3
5958	ntype_0
5959	ntype_0
5960	ntype_3
5961	ntype_1
5962	ntype_2
5963	ntype_1
5964	ntype_2
5965	ntype_1
5966	ntype_3
5967	ntype_0
5968	ntype_1
5969	ntype_3
5970	ntype_0
5971	ntype_1
5972	ntype_1
5973	ntype_3
5974	ntype_3
5975	ntype_1
5976	ntype_0
5977	ntype_2
5978	ntype_2
5979	ntype_2
5980	ntype_1
5981	ntype_0
5982	ntype_1
5983	ntype_1
5984	ntype_1
5985	ntype_0
5986	ntype_3
5987	ntype_2
5988	ntype_2
5989	ntype_1
5990	ntype_2
5991	ntype_1
5992	ntype_1
5993	ntype_2
5994	ntype_0
5995	ntype_3
5996	ntype_0
5997	ntype_3
5998	ntype_1
5999	ntype_2
6000	ntype_1
6001	ntype_1
6002	ntype_0
6003	ntype_3
6004	ntype_3
6005	ntype_1
6006	ntype_3
6007	ntype_2
6008	ntype_3
6009	ntype_3
6010	ntype_3
6011	ntype_1
6012	ntype_1
6013	ntype_2
6014	ntype_0
6015	ntype_3
6016	ntype_0
6017	ntype_1
6018	ntype_1
6019	ntype_3
6020	ntype_1
6021	ntype_3
6022	ntype_1
6023	ntype_3
6024	ntype_2
6025	ntype_1
6026	ntype_2
6027	ntype_0
6028	ntype_1
6029	ntype_1
6030	ntype_3
6031	ntype_2
6032	ntype_2
6033	ntype_2
6034	ntype_2
6035	ntype_0
6036	ntype_0
6037	ntype_1
6038	ntype_1
6039	ntype_2
6040	ntype_1
6041	ntype_0
6042	ntype_2
6043	ntype_3
6044	ntype_0
6045	ntype_3
6046	ntype_1
6047	ntype_2
6048	ntype_3
6049	ntype_2
6050	ntype_1
6051	ntype_0
6052	ntype_0
6053	ntype_3
6054	ntype_1
6055	ntype_2
6056	ntype_0
6057	ntype_1
6058	ntype_2
6059	ntype_2
6060	ntype_1
6061	ntype_1
6062	ntype_2
6063	ntype_3
6064	ntype_2
6065	ntype_3
6066	ntype_2
6067	ntype_0
6068	ntype_1
6069	ntype_3
6070	ntype_1
6071	ntype_2
6072	ntype_3
6073	ntype_3
6074	ntype_2
6075	ntype_2
6076	ntype_3
6077	ntype_0
6078	ntype_2
6079	ntype_2
6080	ntype_1
6081	ntype_1
6082	ntype_1
6083	ntype_3
6084	ntype_1
6085	ntype_1
6086	ntype_2
6087	ntype_0
6088	ntype_1
6089	ntype_0
6090	ntype_2
6091	ntype_0
6092	ntype_1
6093	ntype_2
6094	ntype_3
6095	ntype_1
6096	ntype_3
6097	ntype_3
6098	ntype_0
6099	ntype_0
6100	ntype_2
6101	ntype_2
6102	ntype_1
6103	ntype_0
6104	ntype_3
6105	ntype_3
6106	ntype_2
6107	ntype_3
6108	ntype_3
6109	ntype_0
6110	ntype_3
6111	ntype_0
6112	ntype_2
6113	ntype_1
6114	ntype_0
6115	ntype_0
6116	ntype_3
6117	ntype_3
6118	ntype_0
6119	ntype_2
6120	ntype_2
6121	ntype_0
6122	ntype_1
6123	ntype_1
6124	ntype_2
6125	ntype_3
6126	ntype_0
6127	ntype_0
6128	ntype_1
6129	ntype_2
6130	ntype_1
6131	ntype_0
6132	ntype_2
6133	ntype_2
6134	ntype_3
6135	ntype_2
6136	ntype_1
6137	ntype_2
6138	ntype_0
6139	ntype_3
6140	ntype_0
6141	ntype_1
6142	ntype_3
6143	ntype_2
6144	ntype_1
6145	ntype_3
6146	ntype_0
6147	ntype_0
6148	ntype_3
6149	ntype_2
6150	ntype_1
6151	ntype_2
6152	ntype_2
6153	ntype_2
6154	ntype_3
6155	ntype_1
6156	ntype_2
6157	ntype_0
6158	ntype_0
6159	ntype_0
6160	ntype_3
6161	ntype_3
6162	ntype_1
6163	ntype_1
6164	ntype_2
6165	ntype_3
6166	ntype_2
6167	ntype_3
6168	ntype_0
6169	ntype_3
6170	ntype_3
6171	ntype_2
6172	ntype_0
6173	ntype_0
6174	ntype_0
6175	ntype_1
6176	ntype_2
6177	ntype_0
6178	ntype_0
6179	ntype_3
6180	ntype_0
6181	ntype_3
6182	ntype_1
6183	ntype_0
6184	ntype_3
6185	ntype_1
6186	ntype_3
6187	ntype_0
6188	ntype_1
6189	ntype_2
6190	ntype_0
6191	ntype_3
6192	ntype_3
6193	ntype_1
6194	ntype_1
6195	ntype_3
6196	ntype_3
6197	ntype_3
6198	ntype_3
6199	ntype_3
6200	ntype_2
6201	ntype_3
6202	ntype_3
6203	ntype_1
6204	ntype_2
6205	ntype_0
6206	ntype_3
6207	ntype_3
6208	ntype_2
6209	ntype_3
6210	ntype_0
6211	ntype_0
6212	ntype_3
6213	ntype_3
6214	ntype_1
6215	ntype_3
6216	ntype_0
6217	ntype_0
6218	ntype_2
6219	ntype_2
6220	ntype_1
6221	ntype_3
6222	ntype_3
6223	ntype_1
6224	ntype_2
6225	ntype_3
6226	ntype_2
6227	ntype_2
6228	ntype_1
6229	ntype_2
6230	ntype_1
6231	ntype_2
6232	ntype_3
6233	ntype_3
6234	ntype_0
6235	ntype_2
6236	ntype_0
6237	ntype_0
6238	ntype_1
6239	ntype_3
6240	ntype_3
6241	ntype_0
6242	ntype_3
6243	ntype_0
6244	ntype_0
6245	ntype_1
6246	ntype_2
6247	ntype_3
6248	ntype_0
6249	ntype_2
6250	ntype_2
6251	ntype_1
6252	ntype_3
6253	ntype_0
6254	ntype_3
6255	ntype_3
6256	ntype_0
6257	ntype_0
6258	ntype_2
6259	ntype_1
6260	ntype_2
6261	ntype_1
6262	ntype_3
6263	ntype_1
6264	ntype_3
6265	ntype_2
6266	ntype_2
6267	ntype_1
6268	ntype_0
6269	ntype_1
6270	ntype_3
6271	ntype_3
6272	ntype_1
6273	ntype_0
6274	ntype_3
6275	ntype_3
6276	ntype_1
6277	ntype_0
6278	ntype_0
6279	ntype_0
6280	ntype_0
6281	ntype_1
6282	ntype_0
6283	ntype_0
6284	ntype_1
6285	ntype_2
6286	ntype_3
6287	ntype_1
6288	ntype_2
6289	ntype_1
6290	ntype_1
6291	ntype_0
6292	ntype_2
6293	ntype_1
6294	ntype_0
6295	ntype_3
6296	ntype_2
6297	ntype_2
6298	ntype_1
6299	ntype_1
6300	ntype_3
6301	ntype_1
6302	ntype_0
6303	ntype_0
6304	ntype_0
6305	ntype_3
6306	ntype_3
6307	ntype_0
6308	ntype_2
6309	ntype_1
6310	ntype_2
6311	ntype_2
6312	ntype_0
6313	ntype_1
6314	ntype_0
6315	ntype_3
6316	ntype_1
6317	ntype_0
6318	ntype_2
6319	ntype_1
6320	ntype_3
6321	ntype_0
6322	ntype_1
6323	ntype_3
6324	ntype_0
6325	ntype_0
6326	ntype_1
6327	ntype_2
6328	ntype_0
6329	ntype_3
6330	ntype_3
6331	ntype_1
6332	ntype_2
6333	ntype_0
6334	ntype_1
6335	ntype_0
6336	ntype_0
6337	ntype_1
6338	ntype_0
6339	ntype_2
6340	ntype_3
6341	ntype_1
6342	ntype_2
6343	ntype_2
6344	ntype_3
6345	ntype_3
6346	ntype_2
6347	ntype_2
6348	ntype_1
6349	ntype_1
6350	ntype_2
6351	ntype_1
6352	ntype_2
6353	ntype_3
6354	ntype_3
6355	ntype_2
6356	ntype_2
6357	ntype_0
6358	ntype_2
6359	ntype_3
6360	ntype_2
6361	ntype_1
6362	ntype_0
6363	ntype_3
6364	ntype_0
6365	ntype_2
6366	ntype_3
6367	ntype_0
6368	ntype_0
6369	ntype_3
6370	ntype_0
6371	ntype_1
6372	ntype_1
6373	ntype_3
6374	ntype_2
6375	ntype_3
6376	ntype_3
6377	ntype_1
6378	ntype_2
6379	ntype_3
6380	ntype_0
6381	ntype_0
6382	ntype_1
6383	ntype_2
6384	ntype_0
6385	ntype_0
6386	ntype_2
6387	ntype_2
6388	ntype_1
6389	ntype_0
6390	ntype_0
6391	ntype_2
6392	ntype_3
6393	ntype_3
6394	ntype_2
6395	ntype_3
6396	ntype_0
6397	ntype_1
6398	ntype_2
6399	ntype_0
6400	ntype_0
6401	ntype_3
6402	ntype_2
6403	ntype_1
6404	ntype_2
6405	ntype_0
6406	ntype_2
6407	ntype_0
6408	ntype_1
6409	ntype_3
6410	ntype_2
6411	ntype_0
6412	ntype_0
6413	ntype_3
6414	ntype_3
6415	ntype_1
6416	ntype_2
6417	ntype_1
6418	ntype_0
6419	ntype_2
6420	ntype_3
6421	ntype_2
6422	ntype_3
6423	ntype_2
6424	ntype_0
6425	ntype_2
6426	ntype_0
6427	ntype_2
6428	ntype_2
6429	ntype_1
6430	ntype_0
6431	ntype_3
6432	ntype_0
6433	ntype_3
6434	ntype_3
6435	ntype_2
6436	ntype_3
6437	ntype_2
6438	ntype_0
6439	ntype_1
6440	ntype_2
6441	ntype_1
6442	ntype_0
6443	ntype_2
6444	ntype_3
6445	ntype_1
6446	ntype_0
6447	ntype_1
6448	ntype_1
6449	ntype_0
6450	ntype_2
6451	ntype_1
6452	ntype_1
6453	ntype_2
6454	ntype_3
6455	ntype_1
6456	ntype_1
6457	ntype_1
6458	ntype_0
6459	ntype_3
6460	ntype_2
6461	ntype_2
6462	ntype_0
6463	ntype_2
6464	ntype_0
6465	ntype_2
6466	ntype_3
6467	ntype_0
6468	ntype_2
6469	ntype_3
6470	ntype_1
6471	ntype_2
6472	ntype_3
6473	ntype_1
6474	ntype_1
6475	ntype_0
6476	ntype_2
6477	ntype_2
6478	ntype_1
6479	ntype_3
6480	ntype_3
6481	ntype_3
6482	ntype_0
6483	ntype_0
6484	ntype_3
6485	ntype_2
6486	ntype_0
6487	ntype_2
6488	ntype_2
6489	ntype_0
6490	ntype_3
6491	ntype_3
6492	ntype_0
6493	ntype_1
6494	ntype_3
6495	ntype_2
6496	ntype_0
6497	ntype_2
6498	ntype_2
6499	ntype_1
6500	ntype_2
6501	ntype_3
6502	ntype_1
6503	ntype_1
6504	ntype_0
6505	ntype_2
6506	ntype_1
6507	ntype_0
6508	ntype_0
6509	ntype_0
6510	ntype_2
6511	ntype_0
6512	ntype_1
6513	ntype_1
6514	ntype_1
6515	ntype_1
6516	ntype_3
6517	ntype_3
6518	ntype_1
6519	ntype_1
6520	ntype_1
6521	ntype_1
6522	ntype_1
6523	ntype_0
6524	ntype_0
6525	ntype_2
6526	ntype_3
6527	ntype_3
6528	ntype_1
6529	ntype_1
6530	ntype_1
6531	ntype_0
6532	ntype_2
6533	ntype_3
6534	ntype_3
6535	ntype_0
6536	ntype_1
6537	ntype_2
6538	ntype_2
6539	ntype_3
6540	ntype_1
6541	ntype_3
6542	ntype_2
6543	ntype_1
6544	ntype_1
6545	ntype_0
6546	ntype_2
6547	ntype_1
6548	ntype_2
6549	ntype_1
6550	ntype_3
6551	ntype_2
6552	ntype_0
6553	ntype_1
6554	ntype_1
6555	ntype_1
6556	ntype_0
6557	ntype_0
6558	ntype_1
6559	ntype_2
6560	ntype_2
6561	ntype_0
6562	ntype_1
6563	ntype_1
6564	ntype_0
6565	ntype_3
6566	ntype_0
6567	ntype_1
6568	ntype_0
6569	ntype_0
6570	ntype_2
6571	ntype_2
6572	ntype_2
6573	ntype_3
6574	ntype_2
6575	ntype_1
6576	ntype_2
6577	ntype_1
6578	ntype_3
6579	ntype_2
6580	ntype_1
6581	ntype_0
6582	ntype_0
6583	ntype_1
6584	ntype_2
6585	ntype_0
6586	ntype_1
6587	ntype_0
6588	ntype_2
6589	ntype_0
6590	ntype_1
6591	ntype_0
6592	ntype_0
6593	ntype_0
6594	ntype_1
6595	ntype_0
6596	ntype_3
6597	ntype_3
6598	ntype_3
6599	ntype_1
6600	ntype_1
6601	ntype_2
6602	ntype_2
6603	ntype_0
6604	ntype_0
6605	ntype_0
6606	ntype_3
6607	ntype_3
6608	ntype_2
6609	ntype_2
6610	ntype_2
6611	ntype_3
6612	ntype_2
6613	ntype_3
6614	ntype_2
6615	ntype_2
6616	ntype_3
6617	ntype_0
6618	ntype_2
6619	ntype_0
6620	ntype_3
6621	ntype_1
6622	ntype_3
6623	ntype_0
6624	ntype_0
6625	ntype_1
6626	ntype_0
6627	ntype_1
6628	ntype_2
6629	ntype_1
6630	ntype_3
6631	ntype_2
6632	ntype_1
6633	ntype_1
6634	ntype_1
6635	ntype_1
6636	ntype_2
6637	ntype_1
6638	ntype_2
6639	ntype_2
6640	ntype_2
6641	ntype_0
6642	ntype_1
6643	ntype_1
6644	ntype_0
6645	ntype_1
6646	ntype_3
6647	ntype_3
6648	ntype_3
6649	ntype_1
6650	ntype_1
6651	ntype_0
6652	ntype_2
6653	ntype_3
6654	ntype_1
6655	ntype_0
6656	ntype_3
6657	ntype_2
6658	ntype_2
6659	ntype_1
6660	ntype_3
6661	ntype_0
6662	ntype_1
6663	ntype_1
6664	ntype_3
6665	ntype_3
6666	ntype_2
6667	ntype_0
6668	ntype_3
6669	ntype_0
6670	ntype_0
6671	ntype_1
6672	ntype_2
6673	ntype_1
6674	ntype_2
6675	ntype_0
6676	ntype_1
6677	ntype_1
6678	ntype_1
6679	ntype_3
6680	ntype_0
6681	ntype_0
6682	ntype_1
6683	ntype_0
6684	ntype_0
6685	ntype_1
6686	ntype_0
6687	ntype_0
6688	ntype_3
6689	ntype_0
6690	ntype_2
6691	ntype_0
6692	ntype_1
6693	ntype_1
6694	ntype_2
6695	ntype_0
6696	ntype_2
6697	ntype_3
6698	ntype_0
6699	ntype_2
6700	ntype_2
6701	ntype_3
6702	ntype_3
6703	ntype_3
6704	ntype_1
6705	ntype_0
6706	ntype_3
6707	ntype_1
6708	ntype_3
6709	ntype_0
6710	ntype_0
6711	ntype_3
6712	ntype_3
6713	ntype_2
6714	ntype_3
6715	ntype_2
6716	ntype_2
6717	ntype_1
6718	ntype_0
6719	ntype_0
6720	ntype_0
6721	ntype_2
6722	ntype_1
6723	ntype_3
6724	ntype_2
6725	ntype_1
6726	ntype_0
6727	ntype_3
6728	ntype_3
6729	ntype_0
6730	ntype_2
6731	ntype_1
6732	ntype_3
6733	ntype_0
6734	ntype_3
6735	ntype_1
6736	ntype_3
6737	ntype_1
6738	ntype_3
6739	ntype_2
6740	ntype_0
6741	ntype_0
6742	ntype_0
6743	ntype_1
6744	ntype_0
6745	ntype_0
6746	ntype_3
6747	ntype_3
6748	ntype_0
6749	ntype_0
6750	ntype_0
6751	ntype_0
6752	ntype_3
6753	ntype_1
6754	ntype_3
6755	ntype_1
6756	ntype_0
6757	ntype_0
6758	ntype_0
6759	ntype_3
6760	ntype_0
6761	ntype_2
6762	ntype_0
6763	ntype_3
6764	ntype_1
6765	ntype_2
6766	ntype_2
6767	ntype_3
6768	ntype_1
6769	ntype_0
6770	ntype_0
6771	ntype_3
6772	ntype_2
6773	ntype_2
6774	ntype_0
6775	ntype_2
6776	ntype_1
6777	ntype_0
6778	ntype_2
6779	ntype_2
6780	ntype_1
6781	ntype_3
6782	ntype_3
6783	ntype_0
6784	ntype_2
6785	ntype_1
6786	ntype_1
6787	ntype_2
6788	ntype_2
6789	ntype_3
6790	ntype_0
6791	ntype_0
6792	ntype_1
6793	ntype_2
6794	ntype_3
6795	ntype_1
6796	ntype_3
6797	ntype_2
6798	ntype_2
6799	ntype_1
6800	ntype_3
6801	ntype_2
6802	ntype_1
6803	ntype_1
6804	ntype_0
6805	ntype_0
6806	ntype_2
6807	ntype_3
6808	ntype_2
6809	ntype_1
6810	ntype_2
6811	ntype_2
6812	ntype_1
6813	ntype_3
6814	ntype_3
6815	ntype_3
6816	ntype_1
6817	ntype_2
6818	ntype_2
6819	ntype_1
6820	ntype_0
6821	ntype_3
6822	ntype_0
6823	ntype_0
6824	ntype_2
6825	ntype_1
6826	ntype_1
6827	ntype_2
6828	ntype_0
6829	ntype_2
6830	ntype_2
6831	ntype_0
6832	ntype_1
6833	ntype_2
6834	ntype_3
6835	ntype_0
6836	ntype_3
6837	ntype_3
6838	ntype_3
6839	ntype_3
6840	ntype_1
6841	ntype_0
6842	ntype_0
6843	ntype_1
6844	ntype_0
6845	ntype_0
6846	ntype_2
6847	ntype_3
6848	ntype_0
6849	ntype_2
6850	ntype_0
6851	ntype_3
6852	ntype_2
6853	ntype_2
6854	ntype_3
6855	ntype_2
6856	ntype_0
6857	ntype_0
6858	ntype_1
6859	ntype_3
6860	ntype_2
6861	ntype_3
6862	ntype_3
6863	ntype_2
6864	ntype_2
6865	ntype_0
6866	ntype_3
6867	ntype_1
6868	ntype_1
6869	ntype_0
6870	ntype_3
6871	ntype_3
6872	ntype_1
6873	ntype_0
6874	ntype_1
6875	ntype_1
6876	ntype_1
6877	ntype_3
6878	ntype_3
6879	ntype_1
6880	ntype_0
6881	ntype_0
6882	ntype_2
6883	ntype_3
6884	ntype_2
6885	ntype_0
6886	ntype_0
6887	ntype_2
6888	ntype_1
6889	ntype_0
6890	ntype_3
6891	ntype_2
6892	ntype_2
6893	ntype_3
6894	ntype_2
6895	ntype_1
6896	ntype_0
6897	ntype_3
6898	ntype_3
6899	ntype_1
6900	ntype_1
6901	ntype_0
6902	ntype_0
6903	ntype_2
6904	ntype_0
6905	ntype_3
6906	ntype_0
6907	ntype_0
6908	ntype_0
6909	ntype_2
6910	ntype_2
6911	ntype_3
6912	ntype_1
6913	ntype_2
6914	ntype_2
6915	ntype_2
6916	ntype_3
6917	ntype_0
6918	ntype_1
6919	ntype_0
6920	ntype_2
6921	ntype_2
6922	ntype_0
6923	ntype_1
6924	ntype_1
6925	ntype_0
6926	ntype_1
6927	ntype_3
6928	ntype_0
6929	ntype_1
6930	ntype_2
6931	ntype_2
6932	ntype_3
6933	ntype_2
6934	ntype_1
6935	ntype_0
6936	ntype_2
6937	ntype_0
6938	ntype_0
6939	ntype_2
6940	ntype_0
6941	ntype_0
6942	ntype_0
6943	ntype_3
6944	ntype_3
6945	ntype_1
6946	ntype_2
6947	ntype_0
6948	ntype_0
6949	ntype_0
6950	ntype_1
6951	ntype_2
6952	ntype_0
6953	ntype_3
6954	ntype_0
6955	ntype_3
6956	ntype_2
6957	ntype_1
6958	ntype_3
6959	ntype_1
6960	ntype_1
6961	ntype_0
6962	ntype_3
6963	ntype_0
6964	ntype_3
6965	ntype_3
6966	ntype_1
6967	ntype_0
6968	ntype_0
6969	ntype_3
6970	ntype_0
6971	ntype_2
6972	ntype_2
6973	ntype_0
6974	ntype_2
6975	ntype_2
6976	ntype_1
6977	ntype_3
6978	ntype_0
6979	ntype_2
6980	ntype_1
6981	ntype_3
6982	ntype_3
6983	ntype_2
6984	ntype_2
6985	ntype_0
6986	ntype_1
6987	ntype_2
6988	ntype_2
6989	ntype_0
6990	ntype_1
6991	ntype_3
6992	ntype_1
6993	ntype_2
6994	ntype_1
6995	ntype_3
6996	ntype_0
6997	ntype_2
6998	ntype_0
6999	ntype_3
7000	ntype_3
7001	ntype_3
7002	ntype_1
7003	ntype_0
7004	ntype_1
7005	ntype_2
7006	ntype_3
7007	ntype_0
7008	ntype_1
7009	ntype_0
7010	ntype_0
7011	ntype_2
7012	ntype_2
7013	ntype_1
7014	ntype_3
7015	ntype_1
7016	ntype_1
7017	ntype_0
7018	ntype_1
7019	ntype_1
7020	ntype_2
7021	ntype_1
7022	ntype_2
7023	ntype_2
7024	ntype_3
7025	ntype_0
7026	ntype_3
7027	ntype_0
7028	ntype_3
7029	ntype_2
7030	ntype_2
7031	ntype_2
7032	ntype_0
7033	ntype_1
7034	ntype_1
7035	ntype_3
7036	ntype_0
7037	ntype_3
7038	ntype_0
7039	ntype_1
7040	ntype_2
7041	ntype_0
7042	ntype_1
7043	ntype_2
7044	ntype_3
7045	ntype_0
7046	ntype_1
7047	ntype_3
7048	ntype_1
7049	ntype_0
7050	ntype_2
7051	ntype_2
7052	ntype_1
7053	ntype_1
7054	ntype_3
7055	ntype_3
7056	ntype_2
7057	ntype_0
7058	ntype_3
7059	ntype_0
7060	ntype_0
7061	ntype_2
7062	ntype_1
7063	ntype_3
7064	ntype_1
7065	ntype_1
7066	ntype_2
7067	ntype_0
7068	ntype_1
7069	ntype_3
7070	ntype_0
7071	ntype_1
7072	ntype_1
7073	ntype_2
7074	ntype_0
7075	ntype_3
7076	ntype_0
7077	ntype_3
7078	ntype_1
7079	ntype_3
7080	ntype_1
7081	ntype_1
7082	ntype_2
7083	ntype_1
7084	ntype_1
7085	ntype_0
7086	ntype_3
7087	ntype_1
7088	ntype_2
7089	ntype_2
7090	ntype_3
7091	ntype_1
7092	ntype_3
7093	ntype_2
7094	ntype_1
7095	ntype_1
7096	ntype_0
7097	ntype_0
7098	ntype_0
7099	ntype_0
7100	ntype_2
7101	ntype_1
7102	ntype_2
7103	ntype_2
7104	ntype_1
7105	ntype_2
7106	ntype_1
7107	ntype_1
7108	ntype_3
7109	ntype_2
7110	ntype_2
7111	ntype_3
7112	ntype_1
7113	ntype_0
7114	ntype_2
7115	ntype_1
7116	ntype_0
7117	ntype_2
7118	ntype_1
7119	ntype_0
7120	ntype_3
7121	ntype_2
7122	ntype_1
7123	ntype_3
7124	ntype_0
7125	ntype_0
7126	ntype_1
7127	ntype_0
7128	ntype_3
7129	ntype_1
7130	ntype_0
7131	ntype_3
7132	ntype_0
7133	ntype_0
7134	ntype_2
7135	ntype_2
7136	ntype_0
7137	ntype_0
7138	ntype_1
7139	ntype_1
7140	ntype_1
7141	ntype_0
7142	ntype_1
7143	ntype_1
7144	ntype_3
7145	ntype_1
7146	ntype_0
7147	ntype_2
7148	ntype_1
7149	ntype_0
7150	ntype_0
7151	ntype_1
7152	ntype_1
7153	ntype_1
7154	ntype_0
7155	ntype_2
7156	ntype_2
7157	ntype_3
7158	ntype_2
7159	ntype_1
7160	ntype_3
7161	ntype_1
7162	ntype_1
7163	ntype_3
7164	ntype_0
7165	ntype_3
7166	ntype_1
7167	ntype_2
7168	ntype_1
7169	ntype_1
7170	ntype_0
7171	ntype_1
7172	ntype_3
7173	ntype_0
7174	ntype_0
7175	ntype_0
7176	ntype_1
7177	ntype_0
7178	ntype_1
7179	ntype_0
7180	ntype_2
7181	ntype_1
7182	ntype_2
7183	ntype_0
7184	ntype_2
7185	ntype_2
7186	ntype_3
7187	ntype_0
7188	ntype_0
7189	ntype_3
7190	ntype_0
7191	ntype_1
7192	ntype_3
7193	ntype_1
7194	ntype_1
7195	ntype_0
7196	ntype_0
7197	ntype_3
7198	ntype_2
7199	ntype_0
7200	ntype_3
7201	ntype_3
7202	ntype_1
7203	ntype_2
7204	ntype_3
7205	ntype_0
7206	ntype_3
7207	ntype_2
7208	ntype_1
7209	ntype_0
7210	ntype_3
7211	ntype_0
7212	ntype_0
7213	ntype_2
7214	ntype_3
7215	ntype_2
7216	ntype_0
7217	ntype_2
7218	ntype_1
7219	ntype_0
7220	ntype_2
7221	ntype_0
7222	ntype_3
7223	ntype_0
7224	ntype_1
7225	ntype_0
7226	ntype_1
7227	ntype_2
7228	ntype_0
7229	ntype_2
7230	ntype_3
7231	ntype_1
7232	ntype_2
7233	ntype_3
7234	ntype_3
7235	ntype_0
7236	ntype_2
7237	ntype_0
7238	ntype_2
7239	ntype_0
7240	ntype_2
7241	ntype_1
7242	ntype_1
7243	ntype_2
7244	ntype_2
7245	ntype_3
7246	ntype_3
7247	ntype_0
7248	ntype_1
7249	ntype_0
7250	ntype_2
7251	ntype_0
7252	ntype_0
7253	ntype_1
7254	ntype_1
7255	ntype_3
7256	ntype_1
7257	ntype_1
7258	ntype_1
7259	ntype_2
7260	ntype_1
7261	ntype_3
7262	ntype_0
7263	ntype_1
7264	ntype_2
7265	ntype_2
7266	ntype_0
7267	ntype_0
7268	ntype_1
7269	ntype_0
7270	ntype_1
7271	ntype_3
7272	ntype_3
7273	ntype_1
7274	ntype_2
7275	ntype_2
7276	ntype_1
7277	ntype_1
7278	ntype_0
7279	ntype_2
7280	ntype_2
7281	ntype_1
7282	ntype_0
7283	ntype_3
7284	ntype_2
7285	ntype_0
7286	ntype_1
7287	ntype_1
7288	ntype_2
7289	ntype_0
7290	ntype_3
7291	ntype_3
7292	ntype_2
7293	ntype_2
7294	ntype_1
7295	ntype_3
7296	ntype_0
7297	ntype_1
7298	ntype_1
7299	ntype_3
7300	ntype_1
7301	ntype_0
7302	ntype_3
7303	ntype_2
7304	ntype_1
7305	ntype_3
7306	ntype_2
7307	ntype_2
7308	ntype_3
7309	ntype_3
7310	ntype_3
7311	ntype_1
7312	ntype_0
7313	ntype_3
7314	ntype_0
7315	ntype_0
7316	ntype_1
7317	ntype_1
7318	ntype_2
7319	ntype_0
7320	ntype_3
7321	ntype_0
7322	ntype_2
7323	ntype_3
7324	ntype_3
7325	ntype_0
7326	ntype_2
7327	ntype_3
7328	ntype_1
7329	ntype_2
7330	ntype_2
7331	ntype_2
7332	ntype_3
7333	ntype_3
7334	ntype_2
7335	ntype_1
7336	ntype_3
7337	ntype_1
7338	ntype_1
7339	ntype_2
7340	ntype_3
7341	ntype_2
7342	ntype_1
7343	ntype_2
7344	ntype_0
7345	ntype_2
7346	ntype_3
7347	ntype_2
7348	ntype_1
7349	ntype_2
7350	ntype_1
7351	ntype_0
7352	ntype_2
7353	ntype_1
7354	ntype_3
7355	ntype_1
7356	ntype_1
7357	ntype_3
7358	ntype_1
7359	ntype_2
7360	ntype_0
7361	ntype_0
7362	ntype_2
7363	ntype_3
7364	ntype_2
7365	ntype_3
7366	ntype_2
7367	ntype_2
7368	ntype_2
7369	ntype_1
7370	ntype_3
7371	ntype_0
7372	ntype_2
7373	ntype_2
7374	ntype_1
7375	ntype_0
7376	ntype_3
7377	ntype_0
7378	ntype_3
7379	ntype_0
7380	ntype_2
7381	ntype_3
7382	ntype_3
7383	ntype_0
7384	ntype_1
7385	ntype_2
7386	ntype_0
7387	ntype_0
7388	ntype_1
7389	ntype_2
7390	ntype_1
7391	ntype_1
7392	ntype_0
7393	ntype_3
7394	ntype_3
7395	ntype_0
7396	ntype_2
7397	ntype_1
7398	ntype_2
7399	ntype_3
7400	ntype_1
7401	ntype_0
7402	ntype_3
7403	ntype_2
7404	ntype_2
7405	ntype_2
7406	ntype_3
7407	ntype_0
7408	ntype_2
7409	ntype_3
7410	ntype_3
7411	ntype_1
7412	ntype_0
7413	ntype_3
7414	ntype_3
7415	ntype_3
7416	ntype_2
7417	ntype_3
7418	ntype_3
7419	ntype_0
7420	ntype_0
7421	ntype_1
7422	ntype_1
7423	ntype_2
7424	ntype_2
7425	ntype_2
7426	ntype_0
7427	ntype_0
7428	ntype_3
7429	ntype_3
7430	ntype_3
7431	ntype_1
7432	ntype_1
7433	ntype_3
7434	ntype_2
7435	ntype_2
7436	ntype_2
7437	ntype_1
7438	ntype_1
7439	ntype_2
7440	ntype_2
7441	ntype_2
7442	ntype_2
7443	ntype_0
7444	ntype_3
7445	ntype_3
7446	ntype_3
7447	ntype_2
7448	ntype_0
7449	ntype_2
7450	ntype_1
7451	ntype_3
7452	ntype_3
7453	ntype_1
7454	ntype_3
7455	ntype_0
7456	ntype_0
7457	ntype_1
7458	ntype_0
7459	ntype_3
7460	ntype_1
7461	ntype_2
7462	ntype_3
7463	ntype_1
7464	ntype_3
7465	ntype_3
7466	ntype_1
7467	ntype_2
7468	ntype_3
7469	ntype_0
7470	ntype_2
7471	ntype_0
7472	ntype_1
7473	ntype_3
7474	ntype_0
7475	ntype_2
7476	ntype_0
7477	ntype_3
7478	ntype_2
7479	ntype_1
7480	ntype_3
7481	ntype_2
7482	ntype_1
7483	ntype_1
7484	ntype_1
7485	ntype_3
7486	ntype_2
7487	ntype_2
7488	ntype_3
7489	ntype_2
7490	ntype_0
7491	ntype_3
7492	ntype_0
7493	ntype_1
7494	ntype_0
7495	ntype_0
7496	ntype_3
7497	ntype_3
7498	ntype_3
7499	ntype_0
7500	ntype_3
7501	ntype_2
7502	ntype_3
7503	ntype_3
7504	ntype_3
7505	ntype_3
7506	ntype_0
7507	ntype_3
7508	ntype_2
7509	ntype_1
7510	ntype_2
7511	ntype_0
7512	ntype_2
7513	ntype_1
7514	ntype_1
7515	ntype_0
7516	ntype_0
7517	ntype_3
7518	ntype_0
7519	ntype_2
7520	ntype_1
7521	ntype_0
7522	ntype_2
7523	ntype_1
7524	ntype_2
7525	ntype_3
7526	ntype_3
7527	ntype_3
7528	ntype_2
7529	ntype_1
7530	ntype_2
7531	ntype_0
7532	ntype_0
7533	ntype_2
7534	ntype_0
7535	ntype_2
7536	ntype_0
7537	ntype_3
7538	ntype_3
7539	ntype_2
7540	ntype_1
7541	ntype_2
7542	ntype_3
7543	ntype_2
7544	ntype_0
7545	ntype_1
7546	ntype_0
7547	ntype_2
7548	ntype_2
7549	ntype_0
7550	ntype_2
7551	ntype_0
7552	ntype_2
7553	ntype_0
7554	ntype_0
7555	ntype_1
7556	ntype_1
7557	ntype_3
7558	ntype_0
7559	ntype_3
7560	ntype_1
7561	ntype_3
7562	ntype_0
7563	ntype_2
7564	ntype_3
7565	ntype_3
7566	ntype_3
7567	ntype_3
7568	ntype_1
7569	ntype_3
7570	ntype_0
7571	ntype_1
7572	ntype_0
7573	ntype_1
7574	ntype_2
7575	ntype_0
7576	ntype_1
7577	ntype_0
7578	ntype_3
7579	ntype_1
7580	ntype_3
7581	ntype_3
7582	ntype_1
7583	ntype_1
7584	ntype_2
7585	ntype_0
7586	ntype_3
7587	ntype_2
7588	ntype_3
7589	ntype_2
7590	ntype_0
7591	ntype_2
7592	ntype_3
7593	ntype_1
7594	ntype_3
7595	ntype_2
7596	ntype_2
7597	ntype_3
7598	ntype_3
7599	ntype_3
7600	ntype_0
7601	ntype_3
7602	ntype_1
7603	ntype_2
7604	ntype_2
7605	ntype_0
7606	ntype_0
7607	ntype_1
7608	ntype_1
7609	ntype_3
7610	ntype_1
7611	ntype_3
7612	ntype_0
7613	ntype_2
7614	ntype_2
7615	ntype_1
7616	ntype_3
7617	ntype_3
7618	ntype_1
7619	ntype_0
7620	ntype_3
7621	ntype_1
7622	ntype_2
7623	ntype_2
7624	ntype_0
7625	ntype_0
7626	ntype_0
7627	ntype_2
7628	ntype_3
7629	ntype_1
7630	ntype_3
7631	ntype_3
7632	ntype_2
7633	ntype_0
7634	ntype_3
7635	ntype_1
7636	ntype_0
7637	ntype_0
7638	ntype_1
7639	ntype_0
7640	ntype_3
7641	ntype_0
7642	ntype_1
7643	ntype_0
7644	ntype_1
7645	ntype_3
7646	ntype_2
7647	ntype_2
7648	ntype_2
7649	ntype_0
7650	ntype_2
7651	ntype_0
7652	ntype_2
7653	ntype_3
7654	ntype_2
7655	ntype_2
7656	ntype_3
7657	ntype_1
7658	ntype_1
7659	ntype_0
7660	ntype_1
7661	ntype_2
7662	ntype_1
7663	ntype_0
7664	ntype_0
7665	ntype_0
7666	ntype_1
7667	ntype_3
7668	ntype_3
7669	ntype_2
7670	ntype_3
7671	ntype_0
7672	ntype_2
7673	ntype_2
7674	ntype_0
7675	ntype_3
7676	ntype_0
7677	ntype_1
7678	ntype_1
7679	ntype_1
7680	ntype_1
7681	ntype_1
7682	ntype_2
7683	ntype_1
7684	ntype_0
7685	ntype_2
7686	ntype_2
7687	ntype_0
7688	ntype_0
7689	ntype_0
7690	ntype_0
7691	ntype_1
7692	ntype_1
7693	ntype_3
7694	ntype_1
7695	ntype_1
7696	ntype_3
7697	ntype_1
7698	ntype_1
7699	ntype_0
7700	ntype_3
7701	ntype_0
7702	ntype_2
7703	ntype_1
7704	ntype_3
7705	ntype_0
7706	ntype_3
7707	ntype_3
7708	ntype_2
7709	ntype_1
7710	ntype_3
7711	ntype_1
7712	ntype_2
7713	ntype_3
7714	ntype_1
7715	ntype_0
7716	ntype_0
7717	ntype_3
7718	ntype_3
7719	ntype_1
7720	ntype_0
7721	ntype_0
7722	ntype_0
7723	ntype_1
7724	ntype_0
7725	ntype_3
7726	ntype_0
7727	ntype_2
7728	ntype_2
7729	ntype_1
7730	ntype_0
7731	ntype_2
7732	ntype_3
7733	ntype_2
7734	ntype_0
7735	ntype_0
7736	ntype_0
7737	ntype_1
7738	ntype_3
7739	ntype_3
7740	ntype_2
7741	ntype_3
7742	ntype_2
7743	ntype_2
7744	ntype_2
7745	ntype_3
7746	ntype_2
7747	ntype_2
7748	ntype_3
7749	ntype_1
7750	ntype_3
7751	ntype_1
7752	ntype_1
7753	ntype_1
7754	ntype_3
7755	ntype_0
7756	ntype_1
7757	ntype_3
7758	ntype_3
7759	ntype_2
7760	ntype_2
7761	ntype_2
7762	ntype_2
7763	ntype_0
7764	ntype_3
7765	ntype_3
7766	ntype_2
7767	ntype_3
7768	ntype_3
7769	ntype_3
7770	ntype_2
7771	ntype_0
7772	ntype_1
7773	ntype_0
7774	ntype_0
7775	ntype_2
7776	ntype_1
7777	ntype_1
7778	ntype_2
7779	ntype_1
7780	ntype_1
7781	ntype_2
7782	ntype_0
7783	ntype_2
7784	ntype_0
7785	ntype_1
7786	ntype_2
7787	ntype_0
7788	ntype_1
7789	ntype_0
7790	ntype_1
7791	ntype_3
7792	ntype_2
7793	ntype_3
7794	ntype_2
7795	ntype_2
7796	ntype_2
7797	ntype_1
7798	ntype_2
7799	ntype_3
7800	ntype_0
7801	ntype_2
7802	ntype_3
7803	ntype_2
7804	ntype_0
7805	ntype_1
7806	ntype_1
7807	ntype_2
7808	ntype_2
7809	ntype_0
7810	ntype_2
7811	ntype_1
7812	ntype_3
7813	ntype_0
7814	ntype_1
7815	ntype_0
7816	ntype_2
7817	ntype_3
7818	ntype_2
7819	ntype_2
7820	ntype_0
7821	ntype_3
7822	ntype_2
7823	ntype_2
7824	ntype_3
7825	ntype_0
7826	ntype_0
7827	ntype_1
7828	ntype_3
7829	ntype_2
7830	ntype_3
7831	ntype_2
7832	ntype_2
7833	ntype_2
7834	ntype_3
7835	ntype_1
7836	ntype_0
7837	ntype_0
7838	ntype_0
7839	ntype_3
7840	ntype_3
7841	ntype_0
7842	ntype_3
7843	ntype_0
7844	ntype_1
7845	ntype_0
7846	ntype_3
7847	ntype_2
7848	ntype_0
7849	ntype_0
7850	ntype_3
7851	ntype_0
7852	ntype_3
7853	ntype_1
7854	ntype_3
7855	ntype_0
7856	ntype_3
7857	ntype_3
7858	ntype_2
7859	ntype_0
7860	ntype_0
7861	ntype_1
7862	ntype_0
7863	ntype_2
7864	ntype_2
7865	ntype_3
7866	ntype_3
7867	ntype_1
7868	ntype_0
7869	ntype_0
7870	ntype_1
7871	ntype_1
7872	ntype_1
7873	ntype_2
7874	ntype_0
7875	ntype_1
7876	ntype_3
7877	ntype_0
7878	ntype_2
7879	ntype_2
7880	ntype_3
7881	ntype_0
7882	ntype_1
7883	ntype_2
7884	ntype_1
7885	ntype_2
7886	ntype_3
7887	ntype_0
7888	ntype_0
7889	ntype_2
7890	ntype_3
7891	ntype_0
7892	ntype_0
7893	ntype_2
7894	ntype_2
7895	ntype_1
7896	ntype_2
7897	ntype_2
7898	ntype_2
7899	ntype_3
7900	ntype_2
7901	ntype_2
7902	ntype_2
7903	ntype_2
7904	ntype_1
7905	ntype_0
7906	ntype_0
7907	ntype_3
7908	ntype_2
7909	ntype_1
7910	ntype_3
7911	ntype_2
7912	ntype_3
7913	ntype_1
7914	ntype_1
7915	ntype_0
7916	ntype_1
7917	ntype_0
7918	ntype_0
7919	ntype_0
7920	ntype_1
7921	ntype_1
7922	ntype_2
7923	ntype_0
7924	ntype_0
7925	ntype_3
7926	ntype_2
7927	ntype_1
7928	ntype_2
7929	ntype_0
7930	ntype_1
7931	ntype_3
7932	ntype_0
7933	ntype_0
7934	ntype_2
7935	ntype_1
7936	ntype_2
7937	ntype_2
7938	ntype_2
7939	ntype_1
7940	ntype_2
7941	ntype_0
7942	ntype_1
7943	ntype_1
7944	ntype_0
7945	ntype_1
7946	ntype_1
7947	ntype_0
7948	ntype_1
7949	ntype_3
7950	ntype_0
7951	ntype_2
7952	ntype_0
7953	ntype_2
7954	ntype_2
7955	ntype_0
7956	ntype_3
7957	ntype_3
7958	ntype_0
7959	ntype_0
7960	ntype_2
7961	ntype_0
7962	ntype_0
7963	ntype_1
7964	ntype_0
7965	ntype_2
7966	ntype_0
7967	ntype_3
7968	ntype_1
7969	ntype_0
7970	ntype_3
7971	ntype_3
7972	ntype_0
7973	ntype_0
7974	ntype_3
7975	ntype_1
7976	ntype_2
7977	ntype_3
7978	ntype_0
7979	ntype_3
7980	ntype_3
7981	ntype_1
7982	ntype_3
7983	ntype_0
7984	ntype_0
7985	ntype_1
7986	ntype_3
7987	ntype_0
7988	ntype_3
7989	ntype_1
7990	ntype_1
7991	ntype_2
7992	ntype_1
7993	ntype_2
7994	ntype_1
7995	ntype_1
7996	ntype_1
7997	ntype_3
7998	ntype_1
7999	ntype_3
8000	ntype_3
8001	ntype_3
8002	ntype_2
8003	ntype_3
8004	ntype_2
8005	ntype_2
8006	ntype_3
8007	ntype_2
8008	ntype_0
8009	ntype_3
8010	ntype_1
8011	ntype_2
8012	ntype_1
8013	ntype_2
8014	ntype_3
8015	ntype_3
8016	ntype_1
8017	ntype_3
8018	ntype_3
8019	ntype_1
8020	ntype_0
8021	ntype_0
8022	ntype_3
8023	ntype_2
8024	ntype_3
8025	ntype_1
8026	ntype_2
8027	ntype_0
8028	ntype_1
8029	ntype_2
8030	ntype_2
8031	ntype_2
8032	ntype_0
8033	ntype_1
8034	ntype_2
8035	ntype_1
8036	ntype_0
8037	ntype_0
8038	ntype_1
8039	ntype_2
8040	ntype_2
8041	ntype_1
8042	ntype_1
8043	ntype_2
8044	ntype_2
8045	ntype_3
8046	ntype_1
8047	ntype_2
8048	ntype_1
8049	ntype_2
8050	ntype_1
8051	ntype_3
8052	ntype_0
8053	ntype_0
8054	ntype_3
8055	ntype_0
8056	ntype_3
8057	ntype_0
8058	ntype_0
8059	ntype_2
8060	ntype_2
8061	ntype_2
8062	ntype_1
8063	ntype_3
8064	ntype_2
8065	ntype_3
8066	ntype_3
8067	ntype_2
8068	ntype_2
8069	ntype_3
8070	ntype_3
8071	ntype_3
8072	ntype_2
8073	ntype_2
8074	ntype_3
8075	ntype_1
8076	ntype_3
8077	ntype_2
8078	ntype_1
8079	ntype_1
8080	ntype_2
8081	ntype_2
8082	ntype_2
8083	ntype_1
8084	ntype_2
8085	ntype_2
8086	ntype_2
8087	ntype_1
8088	ntype_0
8089	ntype_1
8090	ntype_3
8091	ntype_2
8092	ntype_1
8093	ntype_0
8094	ntype_3
8095	ntype_0
8096	ntype_0
8097	ntype_3
8098	ntype_2
8099	ntype_2
8100	ntype_3
8101	ntype_2
8102	ntype_3
8103	ntype_1
8104	ntype_0
8105	ntype_0
8106	ntype_2
8107	ntype_2
8108	ntype_2
8109	ntype_3
8110	ntype_3
8111	ntype_2
8112	ntype_2
8113	ntype_1
8114	ntype_2
8115	ntype_3
8116	ntype_0
8117	ntype_0
8118	ntype_0
8119	ntype_2
8120	ntype_0
8121	ntype_3
8122	ntype_3
8123	ntype_1
8124	ntype_0
8125	ntype_3
8126	ntype_3
8127	ntype_2
8128	ntype_1
8129	ntype_1
8130	ntype_2
8131	ntype_0
8132	ntype_2
8133	ntype_0
8134	ntype_0
8135	ntype_0
8136	ntype_1
8137	ntype_2
8138	ntype_0
8139	ntype_2
8140	ntype_3
8141	ntype_2
8142	ntype_0
8143	ntype_1
8144	ntype_2
8145	ntype_0
8146	ntype_2
8147	ntype_0
8148	ntype_1
8149	ntype_3
8150	ntype_3
8151	ntype_0
8152	ntype_0
8153	ntype_2
8154	ntype_0
8155	ntype_1
8156	ntype_0
8157	ntype_1
8158	ntype_1
8159	ntype_3
8160	ntype_2
8161	ntype_2
8162	ntype_3
8163	ntype_0
8164	ntype_2
8165	ntype_2
8166	ntype_3
8167	ntype_1
8168	ntype_2
8169	ntype_3
8170	ntype_0
8171	ntype_1
8172	ntype_0
8173	ntype_3
8174	ntype_1
8175	ntype_1
8176	ntype_2
8177	ntype_0
8178	ntype_2
8179	ntype_0
8180	ntype_0
8181	ntype_2
8182	ntype_1
8183	ntype_1
8184	ntype_2
8185	ntype_2
8186	ntype_1
8187	ntype_0
8188	ntype_1
8189	ntype_2
8190	ntype_2
8191	ntype_1
8192	ntype_1
8193	ntype_1
8194	ntype_2
8195	ntype_2
8196	ntype_2
8197	ntype_0
8198	ntype_0
8199	ntype_0
8200	ntype_0
8201	ntype_1
8202	ntype_0
8203	ntype_2
8204	ntype_2
8205	ntype_0
8206	ntype_2
8207	ntype_0
8208	ntype_0
8209	ntype_1
8210	ntype_1
8211	ntype_1
8212	ntype_3
8213	ntype_1
8214	ntype_1
8215	ntype_1
8216	ntype_1
8217	ntype_2
8218	ntype_3
8219	ntype_0
8220	ntype_1
8221	ntype_1
8222	ntype_0
8223	ntype_3
8224	ntype_0
8225	ntype_1
8226	ntype_3
8227	ntype_1
8228	ntype_1
8229	ntype_0
8230	ntype_3
8231	ntype_3
8232	ntype_0
8233	ntype_2
8234	ntype_2
8235	ntype_0
8236	ntype_2
8237	ntype_3
8238	ntype_2
8239	ntype_2
8240	ntype_0
8241	ntype_3
8242	ntype_0
8243	ntype_1
8244	ntype_0
8245	ntype_3
8246	ntype_2
8247	ntype_3
8248	ntype_1
8249	ntype_2
8250	ntype_3
8251	ntype_3
8252	ntype_0
8253	ntype_3
8254	ntype_3
8255	ntype_2
8256	ntype_1
8257	ntype_0
8258	ntype_2
8259	ntype_2
8260	ntype_1
8261	ntype_2
8262	ntype_0
8263	ntype_3
8264	ntype_1
8265	ntype_3
8266	ntype_1
8267	ntype_3
8268	ntype_2
8269	ntype_3
8270	ntype_3
8271	ntype_1
8272	ntype_1
8273	ntype_1
8274	ntype_2
8275	ntype_0
8276	ntype_3
8277	ntype_3
8278	ntype_0
8279	ntype_2
8280	ntype_1
8281	ntype_1
8282	ntype_3
8283	ntype_1
8284	ntype_0
8285	ntype_2
8286	ntype_2
8287	ntype_3
8288	ntype_3
8289	ntype_1
8290	ntype_0
8291	ntype_1
8292	ntype_2
8293	ntype_2
8294	ntype_0
8295	ntype_3
8296	ntype_2
8297	ntype_3
8298	ntype_1
8299	ntype_0
8300	ntype_1
8301	ntype_0
8302	ntype_3
8303	ntype_0
8304	ntype_0
8305	ntype_2
8306	ntype_1
8307	ntype_2
8308	ntype_3
8309	ntype_3
8310	ntype_0
8311	ntype_1
8312	ntype_0
8313	ntype_1
8314	ntype_3
8315	ntype_0
8316	ntype_1
8317	ntype_0
8318	ntype_1
8319	ntype_2
8320	ntype_3
8321	ntype_3
8322	ntype_3
8323	ntype_1
8324	ntype_0
8325	ntype_0
8326	ntype_1
8327	ntype_0
8328	ntype_0
8329	ntype_1
8330	ntype_0
8331	ntype_1
8332	ntype_2
8333	ntype_2
8334	ntype_2
8335	ntype_2
8336	ntype_0
8337	ntype_3
8338	ntype_1
8339	ntype_2
8340	ntype_2
8341	ntype_2
8342	ntype_1
8343	ntype_1
8344	ntype_0
8345	ntype_2
8346	ntype_2
8347	ntype_1
8348	ntype_2
8349	ntype_3
8350	ntype_3
8351	ntype_2
8352	ntype_1
8353	ntype_2
8354	ntype_2
8355	ntype_2
8356	ntype_0
8357	ntype_2
8358	ntype_1
8359	ntype_0
8360	ntype_3
8361	ntype_0
8362	ntype_2
8363	ntype_3
8364	ntype_1
8365	ntype_3
8366	ntype_0
8367	ntype_2
8368	ntype_1
8369	ntype_0
8370	ntype_3
8371	ntype_0
8372	ntype_1
8373	ntype_0
8374	ntype_1
8375	ntype_1
8376	ntype_0
8377	ntype_3
8378	ntype_1
8379	ntype_0
8380	ntype_2
8381	ntype_1
8382	ntype_1
8383	ntype_3
8384	ntype_1
8385	ntype_3
8386	ntype_0
8387	ntype_3
8388	ntype_1
8389	ntype_0
8390	ntype_3
8391	ntype_3
8392	ntype_3
8393	ntype_2
8394	ntype_3
8395	ntype_1
8396	ntype_2
8397	ntype_2
8398	ntype_2
8399	ntype_2
8400	ntype_0
8401	ntype_1
8402	ntype_3
8403	ntype_1
8404	ntype_2
8405	ntype_2
8406	ntype_3
8407	ntype_2
8408	ntype_2
8409	ntype_3
8410	ntype_3
8411	ntype_2
8412	ntype_0
8413	ntype_2
8414	ntype_1
8415	ntype_2
8416	ntype_2
8417	ntype_0
8418	ntype_1
8419	ntype_2
8420	ntype_0
8421	ntype_3
8422	ntype_2
8423	ntype_2
8424	ntype_2
8425	ntype_0
8426	ntype_1
8427	ntype_0
8428	ntype_1
8429	ntype_0
8430	ntype_2
8431	ntype_0
8432	ntype_3
8433	ntype_2
8434	ntype_3
8435	ntype_1
8436	ntype_0
8437	ntype_2
8438	ntype_3
8439	ntype_2
8440	ntype_1
8441	ntype_3
8442	ntype_1
8443	ntype_1
8444	ntype_2
8445	ntype_3
8446	ntype_3
8447	ntype_0
8448	ntype_0
8449	ntype_2
8450	ntype_3
8451	ntype_3
8452	ntype_0
8453	ntype_0
8454	ntype_3
8455	ntype_3
8456	ntype_0
8457	ntype_1
8458	ntype_1
8459	ntype_3
8460	ntype_0
8461	ntype_1
8462	ntype_0
8463	ntype_3
8464	ntype_0
8465	ntype_3
8466	ntype_1
8467	ntype_3
8468	ntype_1
8469	ntype_2
8470	ntype_3
8471	ntype_3
8472	ntype_0
8473	ntype_1
8474	ntype_1
8475	ntype_1
8476	ntype_0
8477	ntype_0
8478	ntype_2
8479	ntype_3
8480	ntype_1
8481	ntype_0
8482	ntype_1
8483	ntype_3
8484	ntype_2
8485	ntype_1
8486	ntype_1
8487	ntype_1
8488	ntype_3
8489	ntype_3
8490	ntype_2
8491	ntype_2
8492	ntype_3
8493	ntype_1
8494	ntype_1
8495	ntype_1
8496	ntype_1
8497	ntype_0
8498	ntype_2
8499	ntype_2
8500	ntype_0
8501	ntype_3
8502	ntype_1
8503	ntype_2
8504	ntype_1
8505	ntype_2
8506	ntype_1
8507	ntype_3
8508	ntype_0
8509	ntype_0
8510	ntype_1
8511	ntype_1
8512	ntype_3
8513	ntype_2
8514	ntype_0
8515	ntype_1
8516	ntype_0
8517	ntype_1
8518	ntype_0
8519	ntype_3
8520	ntype_2
8521	ntype_0
8522	ntype_1
8523	ntype_2
8524	ntype_1
8525	ntype_3
8526	ntype_3
8527	ntype_2
8528	ntype_0
8529	ntype_0
8530	ntype_3
8531	ntype_3
8532	ntype_2
8533	ntype_1
8534	ntype_3
8535	ntype_3
8536	ntype_0
8537	ntype_3
8538	ntype_3
8539	ntype_3
8540	ntype_2
8541	ntype_2
8542	ntype_1
8543	ntype_2
8544	ntype_3
8545	ntype_0
8546	ntype_3
8547	ntype_0
8548	ntype_3
8549	ntype_3
8550	ntype_1
8551	ntype_2
8552	ntype_1
8553	ntype_0
8554	ntype_0
8555	ntype_2
8556	ntype_3
8557	ntype_3
8558	ntype_0
8559	ntype_1
8560	ntype_2
8561	ntype_1
8562	ntype_2
8563	ntype_0
8564	ntype_2
8565	ntype_2
8566	ntype_2
8567	ntype_2
8568	ntype_2
8569	ntype_3
8570	ntype_2
8571	ntype_0
8572	ntype_0
8573	ntype_3
8574	ntype_2
8575	ntype_1
8576	ntype_0
8577	ntype_2
8578	ntype_2
8579	ntype_0
8580	ntype_3
8581	ntype_1
8582	ntype_2
8583	ntype_1
8584	ntype_3
8585	ntype_2
8586	ntype_3
8587	ntype_3
8588	ntype_0
8589	ntype_2
8590	ntype_2
8591	ntype_2
8592	ntype_0
8593	ntype_1
8594	ntype_3
8595	ntype_0
8596	ntype_1
8597	ntype_1
8598	ntype_3
8599	ntype_2
8600	ntype_1
8601	ntype_0
8602	ntype_3
8603	ntype_3
8604	ntype_2
8605	ntype_0
8606	ntype_1
8607	ntype_3
8608	ntype_0
8609	ntype_1
8610	ntype_0
8611	ntype_1
8612	ntype_3
8613	ntype_3
8614	ntype_1
8615	ntype_1
8616	ntype_3
8617	ntype_2
8618	ntype_3
8619	ntype_0
8620	ntype_0
8621	ntype_2
8622	ntype_2
8623	ntype_1
8624	ntype_1
8625	ntype_1
8626	ntype_3
8627	ntype_3
8628	ntype_0
8629	ntype_3
8630	ntype_0
8631	ntype_3
8632	ntype_2
8633	ntype_1
8634	ntype_0
8635	ntype_2
8636	ntype_1
8637	ntype_3
8638	ntype_1
8639	ntype_0
8640	ntype_0
8641	ntype_2
8642	ntype_0
8643	ntype_3
8644	ntype_3
8645	ntype_3
8646	ntype_3
8647	ntype_1
8648	ntype_2
8649	ntype_0
8650	ntype_0
8651	ntype_3
8652	ntype_0
8653	ntype_0
8654	ntype_2
8655	ntype_2
8656	ntype_2
8657	ntype_2
8658	ntype_1
8659	ntype_0
8660	ntype_3
8661	ntype_2
8662	ntype_2
8663	ntype_2
8664	ntype_0
8665	ntype_3
8666	ntype_2
8667	ntype_1
8668	ntype_0
8669	ntype_3
8670	ntype_2
8671	ntype_3
8672	ntype_0
8673	ntype_2
8674	ntype_3
8675	ntype_3
8676	ntype_0
8677	ntype_3
8678	ntype_0
8679	ntype_3
8680	ntype_3
8681	ntype_2
8682	ntype_3
8683	ntype_3
8684	ntype_3
8685	ntype_3
8686	ntype_2
8687	ntype_2
8688	ntype_2
8689	ntype_0
8690	ntype_3
8691	ntype_2
8692	ntype_3
8693	ntype_3
8694	ntype_1
8695	ntype_2
8696	ntype_3
8697	ntype_0
8698	ntype_2
8699	ntype_2
8700	ntype_0
8701	ntype_3
8702	ntype_2
8703	ntype_1
8704	ntype_0
8705	ntype_0
8706	ntype_0
8707	ntype_2
8708	ntype_2
8709	ntype_0
8710	ntype_3
8711	ntype_1
8712	ntype_1
8713	ntype_1
8714	ntype_2
8715	ntype_1
8716	ntype_3
8717	ntype_0
8718	ntype_3
8719	ntype_0
8720	ntype_1
8721	ntype_0
8722	ntype_1
8723	ntype_3
8724	ntype_3
8725	ntype_1
8726	ntype_1
8727	ntype_3
8728	ntype_2
8729	ntype_3
8730	ntype_2
8731	ntype_0
8732	ntype_0
8733	ntype_0
8734	ntype_2
8735	ntype_2
8736	ntype_1
8737	ntype_3
8738	ntype_1
8739	ntype_2
8740	ntype_2
8741	ntype_1
8742	ntype_0
8743	ntype_0
8744	ntype_0
8745	ntype_2
8746	ntype_2
8747	ntype_1
8748	ntype_2
8749	ntype_0
8750	ntype_2
8751	ntype_3
8752	ntype_0
8753	ntype_1
8754	ntype_0
8755	ntype_3
8756	ntype_0
8757	ntype_2
8758	ntype_1
8759	ntype_1
8760	ntype_0
8761	ntype_3
8762	ntype_3
8763	ntype_1
8764	ntype_0
8765	ntype_3
8766	ntype_1
8767	ntype_1
8768	ntype_3
8769	ntype_1
8770	ntype_2
8771	ntype_3
8772	ntype_0
8773	ntype_2
8774	ntype_0
8775	ntype_1
8776	ntype_2
8777	ntype_2
8778	ntype_2
8779	ntype_3
8780	ntype_2
8781	ntype_3
8782	ntype_1
8783	ntype_0
8784	ntype_2
8785	ntype_1
8786	ntype_2
8787	ntype_1
8788	ntype_2
8789	ntype_2
8790	ntype_2
8791	ntype_3
8792	ntype_3
8793	ntype_1
8794	ntype_0
8795	ntype_2
8796	ntype_1
8797	ntype_3
8798	ntype_1
8799	ntype_2
8800	ntype_2
8801	ntype_1
8802	ntype_3
8803	ntype_3
8804	ntype_1
8805	ntype_0
8806	ntype_3
8807	ntype_0
8808	ntype_0
8809	ntype_0
8810	ntype_2
8811	ntype_3
8812	ntype_0
8813	ntype_0
8814	ntype_1
8815	ntype_1
8816	ntype_0
8817	ntype_1
8818	ntype_3
8819	ntype_3
8820	ntype_2
8821	ntype_2
8822	ntype_1
8823	ntype_1
8824	ntype_3
8825	ntype_0
8826	ntype_3
8827	ntype_3
8828	ntype_0
8829	ntype_1
8830	ntype_2
8831	ntype_3
8832	ntype_3
8833	ntype_3
8834	ntype_3
8835	ntype_2
8836	ntype_1
8837	ntype_1
8838	ntype_2
8839	ntype_0
8840	ntype_0
8841	ntype_2
8842	ntype_0
8843	ntype_1
8844	ntype_2
8845	ntype_2
8846	ntype_2
8847	ntype_3
8848	ntype_2
8849	ntype_1
8850	ntype_2
8851	ntype_1
8852	ntype_1
8853	ntype_3
8854	ntype_2
8855	ntype_1
8856	ntype_2
8857	ntype_0
8858	ntype_3
8859	ntype_0
8860	ntype_3
8861	ntype_0
8862	ntype_1
8863	ntype_3
8864	ntype_3
8865	ntype_1
8866	ntype_1
8867	ntype_2
8868	ntype_1
8869	ntype_0
8870	ntype_3
8871	ntype_1
8872	ntype_0
8873	ntype_0
8874	ntype_3
8875	ntype_3
8876	ntype_1
8877	ntype_2
8878	ntype_3
8879	ntype_0
8880	ntype_2
8881	ntype_3
8882	ntype_3
8883	ntype_2
8884	ntype_3
8885	ntype_0
8886	ntype_0
8887	ntype_3
8888	ntype_1
8889	ntype_2
8890	ntype_1
8891	ntype_1
8892	ntype_1
8893	ntype_1
8894	ntype_0
8895	ntype_1
8896	ntype_0
8897	ntype_1
8898	ntype_1
8899	ntype_3
8900	ntype_2
8901	ntype_1
8902	ntype_3
8903	ntype_2
8904	ntype_3
8905	ntype_3
8906	ntype_3
8907	ntype_1
8908	ntype_1
8909	ntype_1
8910	ntype_1
8911	ntype_3
8912	ntype_2
8913	ntype_1
8914	ntype_0
8915	ntype_1
8916	ntype_2
8917	ntype_0
8918	ntype_1
8919	ntype_3
8920	ntype_0
8921	ntype_0
8922	ntype_3
8923	ntype_3
8924	ntype_3
8925	ntype_2
8926	ntype_2
8927	ntype_3
8928	ntype_1
8929	ntype_1
8930	ntype_0
8931	ntype_2
8932	ntype_1
8933	ntype_2
8934	ntype_3
8935	ntype_0
8936	ntype_2
8937	ntype_0
8938	ntype_3
8939	ntype_0
8940	ntype_0
8941	ntype_0
8942	ntype_0
8943	ntype_0
8944	ntype_1
8945	ntype_0
8946	ntype_2
8947	ntype_3
8948	ntype_3
8949	ntype_2
8950	ntype_0
8951	ntype_3
8952	ntype_2
8953	ntype_1
8954	ntype_0
8955	ntype_1
8956	ntype_1
8957	ntype_3
8958	ntype_3
8959	ntype_3
8960	ntype_3
8961	ntype_0
8962	ntype_3
8963	ntype_1
8964	ntype_0
8965	ntype_2
8966	ntype_1
8967	ntype_3
8968	ntype_0
8969	ntype_3
8970	ntype_3
8971	ntype_1
8972	ntype_2
8973	ntype_2
8974	ntype_0
8975	ntype_3
8976	ntype_1
8977	ntype_1
8978	ntype_0
8979	ntype_2
8980	ntype_3
8981	ntype_1
8982	ntype_2
8983	ntype_0
8984	ntype_2
8985	ntype_1
8986	ntype_1
8987	ntype_3
8988	ntype_0
8989	ntype_0
8990	ntype_1
8991	ntype_3
8992	ntype_3
8993	ntype_0
8994	ntype_3
8995	ntype_2
8996	ntype_1
8997	ntype_1
8998	ntype_1
8999	ntype_2
9000	ntype_2
9001	ntype_3
9002	ntype_1
9003	ntype_3
9004	ntype_0
9005	ntype_0
9006	ntype_0
9007	ntype_1
9008	ntype_0
9009	ntype_0
9010	ntype_2
9011	ntype_0
9012	ntype_1
9013	ntype_2
9014	ntype_0
9015	ntype_2
9016	ntype_2
9017	ntype_0
9018	ntype_0
9019	ntype_2
9020	ntype_3
9021	ntype_3
9022	ntype_0
9023	ntype_2
9024	ntype_3
9025	ntype_0
9026	ntype_1
9027	ntype_1
9028	ntype_3
9029	ntype_3
9030	ntype_0
9031	ntype_0
9032	ntype_1
9033	ntype_1
9034	ntype_0
9035	ntype_0
9036	ntype_0
9037	ntype_3
9038	ntype_3
9039	ntype_0
9040	ntype_0
9041	ntype_0
9042	ntype_2
9043	ntype_0
9044	ntype_0
9045	ntype_1
9046	ntype_0
9047	ntype_2
9048	ntype_3
9049	ntype_3
9050	ntype_3
9051	ntype_2
9052	ntype_3
9053	ntype_0
9054	ntype_3
9055	ntype_2
9056	ntype_0
9057	ntype_3
9058	ntype_2
9059	ntype_1
9060	ntype_3
9061	ntype_0
9062	ntype_1
9063	ntype_0
9064	ntype_2
9065	ntype_0
9066	ntype_2
9067	ntype_2
9068	ntype_0
9069	ntype_3
9070	ntype_1
9071	ntype_2
9072	ntype_2
9073	ntype_0
9074	ntype_0
9075	ntype_3
9076	ntype_0
9077	ntype_1
9078	ntype_2
9079	ntype_3
9080	ntype_3
9081	ntype_3
9082	ntype_1
9083	ntype_3
9084	ntype_2
9085	ntype_0
9086	ntype_1
9087	ntype_1
9088	ntype_3
9089	ntype_0
9090	ntype_2
9091	ntype_1
9092	ntype_1
9093	ntype_1
9094	ntype_0
9095	ntype_2
9096	ntype_1
9097	ntype_2
9098	ntype_1
9099	ntype_3
9100	ntype_1
9101	ntype_1
9102	ntype_3
9103	ntype_2
9104	ntype_2
9105	ntype_0
9106	ntype_3
9107	ntype_1
9108	ntype_1
9109	ntype_2
9110	ntype_1
9111	ntype_2
9112	ntype_3
9113	ntype_2
9114	ntype_2
9115	ntype_3
9116	ntype_1
9117	ntype_0
9118	ntype_1
9119	ntype_0
9120	ntype_2
9121	ntype_2
9122	ntype_1
9123	ntype_0
9124	ntype_0
9125	ntype_0
9126	ntype_0
9127	ntype_1
9128	ntype_3
9129	ntype_0
9130	ntype_0
9131	ntype_1
9132	ntype_3
9133	ntype_3
9134	ntype_3
9135	ntype_1
9136	ntype_0
9137	ntype_0
9138	ntype_0
9139	ntype_1
9140	ntype_2
9141	ntype_0
9142	ntype_1
9143	ntype_0
9144	ntype_3
9145	ntype_2
9146	ntype_2
9147	ntype_0
9148	ntype_2
9149	ntype_1
9150	ntype_3
9151	ntype_3
9152	ntype_2
9153	ntype_0
9154	ntype_2
9155	ntype_0
9156	ntype_1
9157	ntype_2
9158	ntype_2
9159	ntype_0
9160	ntype_0
9161	ntype_1
9162	ntype_2
9163	ntype_0
9164	ntype_3
9165	ntype_0
9166	ntype_3
9167	ntype_2
9168	ntype_0
9169	ntype_0
9170	ntype_1
9171	ntype_2
9172	ntype_0
9173	ntype_1
9174	ntype_3
9175	ntype_3
9176	ntype_2
9177	ntype_0
9178	ntype_0
9179	ntype_2
9180	ntype_1
9181	ntype_1
9182	ntype_1
9183	ntype_1
9184	ntype_2
9185	ntype_3
9186	ntype_3
9187	ntype_2
9188	ntype_2
9189	ntype_0
9190	ntype_3
9191	ntype_0
9192	ntype_2
9193	ntype_3
9194	ntype_2
9195	ntype_0
9196	ntype_2
9197	ntype_2
9198	ntype_2
9199	ntype_3
9200	ntype_2
9201	ntype_1
9202	ntype_0
9203	ntype_1
9204	ntype_2
9205	ntype_2
9206	ntype_0
9207	ntype_2
9208	ntype_1
9209	ntype_0
9210	ntype_0
9211	ntype_1
9212	ntype_0
9213	ntype_1
9214	ntype_0
9215	ntype_1
9216	ntype_0
9217	ntype_1
9218	ntype_0
9219	ntype_1
9220	ntype_3
9221	ntype_1
9222	ntype_3
9223	ntype_3
9224	ntype_3
9225	ntype_0
9226	ntype_2
9227	ntype_1
9228	ntype_2
9229	ntype_0
9230	ntype_1
9231	ntype_2
9232	ntype_3
9233	ntype_1
9234	ntype_3
9235	ntype_1
9236	ntype_3
9237	ntype_3
9238	ntype_0
9239	ntype_1
9240	ntype_3
9241	ntype_3
9242	ntype_0
9243	ntype_0
9244	ntype_1
9245	ntype_0
9246	ntype_1
9247	ntype_3
9248	ntype_0
9249	ntype_2
9250	ntype_0
9251	ntype_0
9252	ntype_1
9253	ntype_3
9254	ntype_1
9255	ntype_0
9256	ntype_1
9257	ntype_1
9258	ntype_2
9259	ntype_3
9260	ntype_1
9261	ntype_2
9262	ntype_1
9263	ntype_1
9264	ntype_1
9265	ntype_0
9266	ntype_2
9267	ntype_1
9268	ntype_1
9269	ntype_1
9270	ntype_0
9271	ntype_3
9272	ntype_3
9273	ntype_0
9274	ntype_1
9275	ntype_2
9276	ntype_3
9277	ntype_1
9278	ntype_3
9279	ntype_2
9280	ntype_2
9281	ntype_3
9282	ntype_2
9283	ntype_2
9284	ntype_0
9285	ntype_1
9286	ntype_2
9287	ntype_2
9288	ntype_1
9289	ntype_2
9290	ntype_0
9291	ntype_0
9292	ntype_1
9293	ntype_0
9294	ntype_3
9295	ntype_2
9296	ntype_3
9297	ntype_0
9298	ntype_1
9299	ntype_1
9300	ntype_3
9301	ntype_0
9302	ntype_1
9303	ntype_0
9304	ntype_0
9305	ntype_0
9306	ntype_2
9307	ntype_0
9308	ntype_3
9309	ntype_0
9310	ntype_3
9311	ntype_2
9312	ntype_1
9313	ntype_2
9314	ntype_0
9315	ntype_1
9316	ntype_0
9317	ntype_0
9318	ntype_1
9319	ntype_1
9320	ntype_3
9321	ntype_3
9322	ntype_1
9323	ntype_1
9324	ntype_0
9325	ntype_0
9326	ntype_0
9327	ntype_0
9328	ntype_1
9329	ntype_0
9330	ntype_0
9331	ntype_0
9332	ntype_3
9333	ntype_2
9334	ntype_3
9335	ntype_0
9336	ntype_2
9337	ntype_0
9338	ntype_2
9339	ntype_2
9340	ntype_2
9341	ntype_3
9342	ntype_0
9343	ntype_3
9344	ntype_1
9345	ntype_1
9346	ntype_1
9347	ntype_3
9348	ntype_1
9349	ntype_3
9350	ntype_0
9351	ntype_3
9352	ntype_1
9353	ntype_3
9354	ntype_2
9355	ntype_2
9356	ntype_1
9357	ntype_0
9358	ntype_1
9359	ntype_0
9360	ntype_3
9361	ntype_1
9362	ntype_1
9363	ntype_2
9364	ntype_3
9365	ntype_3
9366	ntype_1
9367	ntype_3
9368	ntype_0
9369	ntype_3
9370	ntype_3
9371	ntype_2
9372	ntype_1
9373	ntype_1
9374	ntype_1
9375	ntype_0
9376	ntype_1
9377	ntype_1
9378	ntype_0
9379	ntype_0
9380	ntype_0
9381	ntype_3
9382	ntype_1
9383	ntype_3
9384	ntype_2
9385	ntype_0
9386	ntype_1
9387	ntype_2
9388	ntype_3
9389	ntype_0
9390	ntype_1
9391	ntype_2
9392	ntype_0
9393	ntype_3
9394	ntype_3
9395	ntype_3
9396	ntype_2
9397	ntype_3
9398	ntype_1
9399	ntype_2
9400	ntype_2
9401	ntype_2
9402	ntype_0
9403	ntype_1
9404	ntype_3
9405	ntype_2
9406	ntype_1
9407	ntype_3
9408	ntype_1
9409	ntype_1
9410	ntype_0
9411	ntype_1
9412	ntype_1
9413	ntype_1
9414	ntype_0
9415	ntype_0
9416	ntype_1
9417	ntype_3
9418	ntype_1
9419	ntype_3
9420	ntype_2
9421	ntype_0
9422	ntype_3
9423	ntype_1
9424	ntype_3
9425	ntype_1
9426	ntype_3
9427	ntype_0
9428	ntype_0
9429	ntype_1
9430	ntype_2
9431	ntype_2
9432	ntype_0
9433	ntype_0
9434	ntype_0
9435	ntype_3
9436	ntype_3
9437	ntype_0
9438	ntype_3
9439	ntype_2
9440	ntype_0
9441	ntype_0
9442	ntype_3
9443	ntype_2
9444	ntype_3
9445	ntype_1
9446	ntype_0
9447	ntype_0
9448	ntype_3
9449	ntype_2
9450	ntype_3
9451	ntype_1
9452	ntype_0
9453	ntype_0
9454	ntype_2
9455	ntype_3
9456	ntype_0
9457	ntype_1
9458	ntype_0
9459	ntype_2
9460	ntype_2
9461	ntype_0
9462	ntype_1
9463	ntype_0
9464	ntype_3
9465	ntype_0
9466	ntype_2
9467	ntype_3
9468	ntype_2
9469	ntype_3
9470	ntype_0
9471	ntype_2
9472	ntype_3
9473	ntype_3
9474	ntype_3
9475	ntype_0
9476	ntype_1
9477	ntype_3
9478	ntype_0
9479	ntype_3
9480	ntype_1
9481	ntype_3
9482	ntype_3
9483	ntype_2
9484	ntype_0
9485	ntype_3
9486	ntype_3
9487	ntype_1
9488	ntype_1
9489	ntype_1
9490	ntype_3
9491	ntype_2
9492	ntype_3
9493	ntype_3
9494	ntype_1
9495	ntype_2
9496	ntype_0
9497	ntype_3
9498	ntype_0
9499	ntype_1
9500	ntype_0
9501	ntype_3
9502	ntype_0
9503	ntype_0
9504	ntype_1
9505	ntype_0
9506	ntype_1
9507	ntype_3
9508	ntype_2
9509	ntype_2
9510	ntype_3
9511	ntype_2
9512	ntype_2
9513	ntype_3
9514	ntype_1
9515	ntype_3
9516	ntype_0
9517	ntype_0
9518	ntype_3
9519	ntype_1
9520	ntype_2
9521	ntype_0
9522	ntype_0
9523	ntype_2
9524	ntype_1
9525	ntype_2
9526	ntype_0
9527	ntype_2
9528	ntype_1
9529	ntype_1
9530	ntype_1
9531	ntype_1
9532	ntype_0
9533	ntype_2
9534	ntype_3
9535	ntype_0
9536	ntype_3
9537	ntype_2
9538	ntype_1
9539	ntype_2
9540	ntype_0
9541	ntype_2
9542	ntype_3
9543	ntype_2
9544	ntype_0
9545	ntype_0
9546	ntype_2
9547	ntype_0
9548	ntype_3
9549	ntype_2
9550	ntype_1
9551	ntype_1
9552	ntype_3
9553	ntype_1
9554	ntype_3
9555	ntype_2
9556	ntype_2
9557	ntype_2
9558	ntype_2
9559	ntype_1
9560	ntype_0
9561	ntype_2
9562	ntype_1
9563	ntype_1
9564	ntype_0
9565	ntype_0
9566	ntype_3
9567	ntype_2
9568	ntype_1
9569	ntype_3
9570	ntype_3
9571	ntype_0
9572	ntype_3
9573	ntype_0
9574	ntype_3
9575	ntype_1
9576	ntype_1
9577	ntype_1
9578	ntype_1
9579	ntype_3
9580	ntype_0
9581	ntype_3
9582	ntype_3
9583	ntype_2
9584	ntype_2
9585	ntype_1
9586	ntype_1
9587	ntype_0
9588	ntype_1
9589	ntype_2
9590	ntype_2
9591	ntype_0
9592	ntype_0
9593	ntype_1
9594	ntype_2
9595	ntype_1
9596	ntype_1
9597	ntype_1
9598	ntype_2
9599	ntype_0
9600	ntype_0
9601	ntype_2
9602	ntype_1
9603	ntype_0
9604	ntype_0
9605	ntype_0
9606	ntype_0
9607	ntype_3
9608	ntype_1
9609	ntype_3
9610	ntype_3
9611	ntype_2
9612	ntype_3
9613	ntype_1
9614	ntype_3
9615	ntype_2
9616	ntype_0
9617	ntype_0
9618	ntype_0
9619	ntype_3
9620	ntype_2
9621	ntype_2
9622	ntype_0
9623	ntype_3
9624	ntype_3
9625	ntype_3
9626	ntype_2
9627	ntype_2
9628	ntype_3
9629	ntype_3
9630	ntype_3
9631	ntype_2
9632	ntype_1
9633	ntype_2
9634	ntype_3
9635	ntype_0
9636	ntype_0
9637	ntype_3
9638	ntype_0
9639	ntype_2
9640	ntype_3
9641	ntype_2
9642	ntype_0
9643	ntype_0
9644	ntype_3
9645	ntype_1
9646	ntype_2
9647	ntype_3
9648	ntype_1
9649	ntype_3
9650	ntype_0
9651	ntype_0
9652	ntype_3
9653	ntype_2
9654	ntype_1
9655	ntype_1
9656	ntype_0
9657	ntype_3
9658	ntype_1
9659	ntype_1
9660	ntype_3
9661	ntype_3
9662	ntype_2
9663	ntype_2
9664	ntype_2
9665	ntype_0
9666	ntype_1
9667	ntype_2
9668	ntype_0
9669	ntype_2
9670	ntype_3
9671	ntype_0
9672	ntype_2
9673	ntype_0
9674	ntype_0
9675	ntype_0
9676	ntype_1
9677	ntype_3
9678	ntype_0
9679	ntype_2
9680	ntype_1
9681	ntype_3
9682	ntype_2
9683	ntype_3
9684	ntype_0
9685	ntype_3
9686	ntype_3
9687	ntype_3
9688	ntype_0
9689	ntype_0
9690	ntype_0
9691	ntype_3
9692	ntype_0
9693	ntype_0
9694	ntype_2
9695	ntype_2
9696	ntype_2
9697	ntype_2
9698	ntype_2
9699	ntype_1
9700	ntype_1
9701	ntype_0
9702	ntype_2
9703	ntype_3
9704	ntype_3
9705	ntype_3
9706	ntype_2
9707	ntype_3
9708	ntype_0
9709	ntype_2
9710	ntype_3
9711	ntype_3
9712	ntype_1
9713	ntype_3
9714	ntype_2
9715	ntype_0
9716	ntype_2
9717	ntype_0
9718	ntype_1
9719	ntype_0
9720	ntype_1
9721	ntype_1
9722	ntype_3
9723	ntype_2
9724	ntype_2
9725	ntype_1
9726	ntype_0
9727	ntype_0
9728	ntype_2
9729	ntype_0
9730	ntype_3
9731	ntype_3
9732	ntype_2
9733	ntype_0
9734	ntype_1
9735	ntype_2
9736	ntype_0
9737	ntype_1
9738	ntype_0
9739	ntype_3
9740	ntype_0
9741	ntype_0
9742	ntype_0
9743	ntype_1
9744	ntype_2
9745	ntype_2
9746	ntype_3
9747	ntype_1
9748	ntype_1
9749	ntype_0
9750	ntype_0
9751	ntype_3
9752	ntype_0
9753	ntype_2
9754	ntype_0
9755	ntype_0
9756	ntype_1
9757	ntype_1
9758	ntype_2
9759	ntype_3
9760	ntype_2
9761	ntype_3
9762	ntype_3
9763	ntype_1
9764	ntype_2
9765	ntype_2
9766	ntype_3
9767	ntype_1
9768	ntype_3
9769	ntype_0
9770	ntype_3
9771	ntype_0
9772	ntype_0
9773	ntype_3
9774	ntype_0
9775	ntype_0
9776	ntype_0
9777	ntype_1
9778	ntype_0
9779	ntype_2
9780	ntype_0
9781	ntype_2
9782	ntype_2
9783	ntype_2
9784	ntype_0
9785	ntype_0
9786	ntype_0
9787	ntype_0
9788	ntype_0
9789	ntype_3
9790	ntype_2
9791	ntype_3
9792	ntype_1
9793	ntype_2
9794	ntype_3
9795	ntype_3
9796	ntype_2
9797	ntype_0
9798	ntype_0
9799	ntype_2
9800	ntype_0
9801	ntype_3
9802	ntype_2
9803	ntype_3
9804	ntype_1
9805	ntype_1
9806	ntype_2
9807	ntype_2
9808	ntype_2
9809	ntype_1
9810	ntype_1
9811	ntype_3
9812	ntype_1
9813	ntype_0
9814	ntype_2
9815	ntype_2
9816	ntype_2
9817	ntype_3
9818	ntype_3
9819	ntype_1
9820	ntype_3
9821	ntype_2
9822	ntype_0
9823	ntype_2
9824	ntype_0
9825	ntype_0
9826	ntype_2
9827	ntype_0
9828	ntype_1
9829	ntype_3
9830	ntype_1
9831	ntype_1
9832	ntype_2
9833	ntype_1
9834	ntype_3
9835	ntype_0
9836	ntype_1
9837	ntype_0
9838	ntype_0
9839	ntype_1
9840	ntype_1
9841	ntype_0
9842	ntype_3
9843	ntype_0
9844	ntype_0
9845	ntype_0
9846	ntype_3
9847	ntype_0
9848	ntype_3
9849	ntype_3
9850	ntype_2
9851	ntype_2
9852	ntype_0
9853	ntype_0
9854	ntype_2
9855	ntype_3
9856	ntype_3
9857	ntype_2
9858	ntype_2
9859	ntype_3
9860	ntype_0
9861	ntype_3
9862	ntype_3
9863	ntype_0
9864	ntype_2
9865	ntype_2
9866	ntype_3
9867	ntype_0
9868	ntype_3
9869	ntype_0
9870	ntype_2
9871	ntype_1
9872	ntype_1
9873	ntype_3
9874	ntype_2
9875	ntype_3
9876	ntype_3
9877	ntype_3
9878	ntype_1
9879	ntype_3
9880	ntype_0
9881	ntype_0
9882	ntype_0
9883	ntype_1
9884	ntype_1
9885	ntype_0
9886	ntype_2
9887	ntype_0
9888	ntype_0
9889	ntype_1
9890	ntype_2
9891	ntype_0
9892	ntype_1
9893	ntype_0
9894	ntype_0
9895	ntype_0
9896	ntype_0
9897	ntype_3
9898	ntype_0
9899	ntype_3
9900	ntype_0
9901	ntype_1
9902	ntype_2
9903	ntype_2
9904	ntype_1
9905	ntype_2
9906	ntype_1
9907	ntype_1
9908	ntype_2
9909	ntype_0
9910	ntype_0
9911	ntype_0
9912	ntype_1
9913	ntype_0
9914	ntype_3
9915	ntype_0
9916	ntype_0
9917	ntype_0
9918	ntype_2
9919	ntype_3
9920	ntype_1
9921	ntype_0
9922	ntype_3
9923	ntype_0
9924	ntype_0
9925	ntype_2
9926	ntype_3
9927	ntype_1
9928	ntype_1
9929	ntype_0
9930	ntype_1
9931	ntype_3
9932	ntype_1
9933	ntype_0
9934	ntype_2
9935	ntype_1
9936	ntype_2
9937	ntype_1
9938	ntype_0
9939	ntype_0
9940	ntype_1
9941	ntype_1
9942	ntype_1
9943	ntype_1
9944	ntype_1
9945	ntype_2
9946	ntype_3
9947	ntype_3
9948	ntype_0
9949	ntype_3
9950	ntype_3
9951	ntype_2
9952	ntype_2
9953	ntype_0
9954	ntype_0
9955	ntype_2
9956	ntype_2
9957	ntype_1
9958	ntype_3
9959	ntype_0
9960	ntype_2
9961	ntype_0
9962	ntype_0
9963	ntype_3
9964	ntype_2
9965	ntype_2
9966	ntype_3
9967	ntype_0
9968	ntype_1
9969	ntype_2
9970	ntype_0
9971	ntype_2
9972	ntype_1
9973	ntype_1
9974	ntype_1
9975	ntype_1
9976	ntype_2
9977	ntype_1
9978	ntype_0
9979	ntype_3
9980	ntype_1
9981	ntype_3
9982	ntype_1
9983	ntype_1
9984	ntype_3
9985	ntype_2
9986	ntype_0
9987	ntype_0
9988	ntype_1
9989	ntype_3
9990	ntype_1
9991	ntype_1
9992	ntype_0
9993	ntype_1
9994	ntype_1
9995	ntype_0
9996	ntype_0
9997	ntype_3
9998	ntype_2
9999	ntype_1
10000	ntype_0
10001	ntype_0
10002	ntype_0
10003	ntype_0
10004	ntype_1
10005	ntype_1
10006	ntype_2
10007	ntype_0
10008	ntype_2
10009	ntype_1
10010	ntype_0
10011	ntype_1
10012	ntype_1
10013	ntype_3
10014	ntype_3
10015	ntype_1
10016	ntype_2
10017	ntype_1
10018	ntype_1
10019	ntype_2
10020	ntype_0
10021	ntype_1
10022	ntype_0
10023	ntype_1
10024	ntype_2
10025	ntype_3
10026	ntype_1
10027	ntype_0
10028	ntype_0
10029	ntype_2
10030	ntype_1
10031	ntype_0
10032	ntype_3
10033	ntype_0
10034	ntype_2
10035	ntype_3
10036	ntype_0
10037	ntype_3
10038	ntype_2
10039	ntype_3
10040	ntype_1
10041	ntype_0
10042	ntype_0
10043	ntype_3
10044	ntype_0
10045	ntype_1
10046	ntype_0
10047	ntype_0
10048	ntype_2
10049	ntype_3
10050	ntype_3
10051	ntype_0
10052	ntype_0
10053	ntype_3
10054	ntype_0
10055	ntype_3
10056	ntype_1
10057	ntype_0
10058	ntype_2
10059	ntype_0
10060	ntype_0
10061	ntype_0
10062	ntype_1
10063	ntype_1
10064	ntype_1
10065	ntype_3
10066	ntype_3
10067	ntype_1
10068	ntype_2
10069	ntype_3
10070	ntype_0
10071	ntype_2
10072	ntype_3
10073	ntype_1
10074	ntype_1
10075	ntype_0
10076	ntype_2
10077	ntype_0
