NodeID	NodeType
0	ntype_0
1	ntype_1
2	ntype_3
3	ntype_1
4	ntype_0
5	ntype_2
6	ntype_3
7	ntype_0
8	ntype_1
9	ntype_0
10	ntype_0
11	ntype_0
12	ntype_3
13	ntype_3
14	ntype_3
15	ntype_0
16	ntype_3
17	ntype_3
18	ntype_3
19	ntype_0
20	ntype_2
21	ntype_2
22	ntype_3
23	ntype_0
24	ntype_2
25	ntype_0
26	ntype_2
27	ntype_1
28	ntype_2
29	ntype_3
30	ntype_2
31	ntype_1
32	ntype_0
33	ntype_0
34	ntype_1
35	ntype_0
36	ntype_1
37	ntype_3
38	ntype_3
39	ntype_1
40	ntype_1
41	ntype_1
42	ntype_0
43	ntype_3
44	ntype_1
45	ntype_3
46	ntype_2
47	ntype_3
48	ntype_1
49	ntype_0
50	ntype_3
51	ntype_1
52	ntype_2
53	ntype_3
54	ntype_2
55	ntype_2
56	ntype_1
57	ntype_3
58	ntype_0
59	ntype_3
60	ntype_3
61	ntype_0
62	ntype_3
63	ntype_1
64	ntype_1
65	ntype_0
66	ntype_1
67	ntype_0
68	ntype_2
69	ntype_2
70	ntype_2
71	ntype_2
72	ntype_1
73	ntype_1
74	ntype_2
75	ntype_3
76	ntype_1
77	ntype_2
78	ntype_0
79	ntype_2
80	ntype_3
81	ntype_2
82	ntype_1
83	ntype_3
84	ntype_3
85	ntype_3
86	ntype_1
87	ntype_0
88	ntype_3
89	ntype_3
90	ntype_2
91	ntype_3
92	ntype_1
93	ntype_0
94	ntype_2
95	ntype_0
96	ntype_3
97	ntype_3
98	ntype_0
99	ntype_3
100	ntype_0
101	ntype_1
102	ntype_3
103	ntype_3
104	ntype_1
105	ntype_1
106	ntype_3
107	ntype_2
108	ntype_1
109	ntype_3
110	ntype_2
111	ntype_1
112	ntype_2
113	ntype_1
114	ntype_2
115	ntype_2
116	ntype_2
117	ntype_2
118	ntype_3
119	ntype_2
120	ntype_2
121	ntype_2
122	ntype_3
123	ntype_3
124	ntype_1
125	ntype_2
126	ntype_2
127	ntype_3
128	ntype_3
129	ntype_0
130	ntype_3
131	ntype_2
132	ntype_1
133	ntype_2
134	ntype_2
135	ntype_1
136	ntype_0
137	ntype_3
138	ntype_3
139	ntype_1
140	ntype_2
141	ntype_3
142	ntype_0
143	ntype_2
144	ntype_1
145	ntype_3
146	ntype_0
147	ntype_1
148	ntype_2
149	ntype_2
150	ntype_0
151	ntype_0
152	ntype_2
153	ntype_1
154	ntype_2
155	ntype_0
156	ntype_3
157	ntype_2
158	ntype_2
159	ntype_2
160	ntype_2
161	ntype_0
162	ntype_0
163	ntype_1
164	ntype_3
165	ntype_2
166	ntype_3
167	ntype_3
168	ntype_3
169	ntype_2
170	ntype_2
171	ntype_1
172	ntype_3
173	ntype_1
174	ntype_3
175	ntype_0
176	ntype_3
177	ntype_0
178	ntype_2
179	ntype_3
180	ntype_2
181	ntype_2
182	ntype_3
183	ntype_2
184	ntype_1
185	ntype_3
186	ntype_2
187	ntype_0
188	ntype_1
189	ntype_3
190	ntype_3
191	ntype_2
192	ntype_1
193	ntype_2
194	ntype_1
195	ntype_3
196	ntype_1
197	ntype_1
198	ntype_2
199	ntype_1
200	ntype_1
201	ntype_2
202	ntype_2
203	ntype_1
204	ntype_0
205	ntype_3
206	ntype_0
207	ntype_3
208	ntype_0
209	ntype_2
210	ntype_3
211	ntype_1
212	ntype_1
213	ntype_2
214	ntype_1
215	ntype_0
216	ntype_3
217	ntype_1
218	ntype_1
219	ntype_3
220	ntype_3
221	ntype_2
222	ntype_2
223	ntype_3
224	ntype_0
225	ntype_2
226	ntype_0
227	ntype_3
228	ntype_2
229	ntype_3
230	ntype_0
231	ntype_3
232	ntype_1
233	ntype_3
234	ntype_0
235	ntype_2
236	ntype_2
237	ntype_1
238	ntype_1
239	ntype_0
240	ntype_3
241	ntype_0
242	ntype_1
243	ntype_2
244	ntype_3
245	ntype_1
246	ntype_1
247	ntype_0
248	ntype_3
249	ntype_3
250	ntype_3
251	ntype_2
252	ntype_3
253	ntype_2
254	ntype_3
255	ntype_2
256	ntype_0
257	ntype_2
258	ntype_1
259	ntype_0
260	ntype_1
261	ntype_0
262	ntype_2
263	ntype_0
264	ntype_1
265	ntype_2
266	ntype_1
267	ntype_2
268	ntype_2
269	ntype_1
270	ntype_0
271	ntype_2
272	ntype_2
273	ntype_2
274	ntype_1
275	ntype_3
276	ntype_2
277	ntype_1
278	ntype_2
279	ntype_2
280	ntype_2
281	ntype_0
282	ntype_0
283	ntype_1
284	ntype_1
285	ntype_1
286	ntype_2
287	ntype_1
288	ntype_3
289	ntype_1
290	ntype_2
291	ntype_3
292	ntype_1
293	ntype_3
294	ntype_0
295	ntype_3
296	ntype_1
297	ntype_3
298	ntype_0
299	ntype_3
300	ntype_1
301	ntype_2
302	ntype_3
303	ntype_2
304	ntype_1
305	ntype_2
306	ntype_2
307	ntype_0
308	ntype_0
309	ntype_3
310	ntype_1
311	ntype_1
312	ntype_1
313	ntype_3
314	ntype_3
315	ntype_3
316	ntype_2
317	ntype_2
318	ntype_3
319	ntype_1
320	ntype_3
321	ntype_1
322	ntype_0
323	ntype_2
324	ntype_3
325	ntype_0
326	ntype_0
327	ntype_2
328	ntype_1
329	ntype_3
330	ntype_2
331	ntype_2
332	ntype_2
333	ntype_2
334	ntype_2
335	ntype_0
336	ntype_0
337	ntype_3
338	ntype_1
339	ntype_0
340	ntype_2
341	ntype_1
342	ntype_0
343	ntype_0
344	ntype_3
345	ntype_2
346	ntype_1
347	ntype_3
348	ntype_1
349	ntype_1
350	ntype_2
351	ntype_1
352	ntype_0
353	ntype_3
354	ntype_0
355	ntype_1
356	ntype_3
357	ntype_0
358	ntype_0
359	ntype_1
360	ntype_3
361	ntype_2
362	ntype_2
363	ntype_3
364	ntype_1
365	ntype_3
366	ntype_2
367	ntype_1
368	ntype_3
369	ntype_1
370	ntype_0
371	ntype_2
372	ntype_3
373	ntype_1
374	ntype_3
375	ntype_1
376	ntype_0
377	ntype_0
378	ntype_3
379	ntype_3
380	ntype_1
381	ntype_1
382	ntype_3
383	ntype_3
384	ntype_0
385	ntype_2
386	ntype_2
387	ntype_2
388	ntype_0
389	ntype_2
390	ntype_0
391	ntype_3
392	ntype_3
393	ntype_0
394	ntype_2
395	ntype_2
396	ntype_2
397	ntype_3
398	ntype_2
399	ntype_1
400	ntype_0
401	ntype_0
402	ntype_2
403	ntype_2
404	ntype_3
405	ntype_1
406	ntype_1
407	ntype_1
408	ntype_0
409	ntype_2
410	ntype_3
411	ntype_0
412	ntype_2
413	ntype_0
414	ntype_0
415	ntype_1
416	ntype_1
417	ntype_2
418	ntype_1
419	ntype_1
420	ntype_3
421	ntype_2
422	ntype_2
423	ntype_3
424	ntype_0
425	ntype_2
426	ntype_2
427	ntype_0
428	ntype_2
429	ntype_0
430	ntype_2
431	ntype_1
432	ntype_2
433	ntype_2
434	ntype_3
435	ntype_1
436	ntype_3
437	ntype_2
438	ntype_0
439	ntype_2
440	ntype_1
441	ntype_0
442	ntype_3
443	ntype_1
444	ntype_3
445	ntype_1
446	ntype_0
447	ntype_1
448	ntype_3
449	ntype_2
450	ntype_1
451	ntype_1
452	ntype_0
453	ntype_1
454	ntype_0
455	ntype_1
456	ntype_0
457	ntype_1
458	ntype_0
459	ntype_1
460	ntype_3
461	ntype_0
462	ntype_0
463	ntype_2
464	ntype_1
465	ntype_0
466	ntype_1
467	ntype_1
468	ntype_0
469	ntype_0
470	ntype_2
471	ntype_3
472	ntype_2
473	ntype_2
474	ntype_0
475	ntype_0
476	ntype_1
477	ntype_3
478	ntype_1
479	ntype_1
480	ntype_2
481	ntype_0
482	ntype_1
483	ntype_1
484	ntype_0
485	ntype_0
486	ntype_0
487	ntype_3
488	ntype_0
489	ntype_3
490	ntype_3
491	ntype_0
492	ntype_3
493	ntype_0
494	ntype_0
495	ntype_3
496	ntype_1
497	ntype_2
498	ntype_0
499	ntype_1
500	ntype_3
501	ntype_3
502	ntype_2
503	ntype_3
504	ntype_2
505	ntype_2
506	ntype_1
507	ntype_1
508	ntype_0
509	ntype_3
510	ntype_0
511	ntype_1
512	ntype_2
513	ntype_1
514	ntype_2
515	ntype_1
516	ntype_0
517	ntype_1
518	ntype_0
519	ntype_1
520	ntype_1
521	ntype_3
522	ntype_1
523	ntype_0
524	ntype_2
525	ntype_2
526	ntype_3
527	ntype_2
528	ntype_2
529	ntype_3
530	ntype_0
531	ntype_0
532	ntype_3
533	ntype_0
534	ntype_1
535	ntype_0
536	ntype_2
537	ntype_3
538	ntype_0
539	ntype_2
540	ntype_3
541	ntype_1
542	ntype_0
543	ntype_1
544	ntype_3
545	ntype_0
546	ntype_2
547	ntype_0
548	ntype_3
549	ntype_1
550	ntype_3
551	ntype_0
552	ntype_1
553	ntype_2
554	ntype_3
555	ntype_0
556	ntype_1
557	ntype_1
558	ntype_3
559	ntype_1
560	ntype_3
561	ntype_1
562	ntype_1
563	ntype_0
564	ntype_1
565	ntype_0
566	ntype_2
567	ntype_3
568	ntype_0
569	ntype_1
570	ntype_3
571	ntype_1
572	ntype_3
573	ntype_3
574	ntype_2
575	ntype_2
576	ntype_1
577	ntype_1
578	ntype_1
579	ntype_3
580	ntype_1
581	ntype_3
582	ntype_1
583	ntype_0
584	ntype_3
585	ntype_2
586	ntype_1
587	ntype_0
588	ntype_0
589	ntype_0
590	ntype_0
591	ntype_2
592	ntype_0
593	ntype_2
594	ntype_3
595	ntype_3
596	ntype_2
597	ntype_1
598	ntype_1
599	ntype_1
600	ntype_3
601	ntype_2
602	ntype_1
603	ntype_3
604	ntype_1
605	ntype_1
606	ntype_0
607	ntype_2
608	ntype_0
609	ntype_1
610	ntype_1
611	ntype_1
612	ntype_1
613	ntype_0
614	ntype_3
615	ntype_1
616	ntype_3
617	ntype_3
618	ntype_0
619	ntype_3
620	ntype_0
621	ntype_1
622	ntype_2
623	ntype_1
624	ntype_2
625	ntype_2
626	ntype_1
627	ntype_1
628	ntype_0
629	ntype_3
630	ntype_0
631	ntype_1
632	ntype_3
633	ntype_2
634	ntype_3
635	ntype_3
636	ntype_3
637	ntype_0
638	ntype_1
639	ntype_1
640	ntype_0
641	ntype_2
642	ntype_3
643	ntype_1
644	ntype_3
645	ntype_2
646	ntype_0
647	ntype_2
648	ntype_0
649	ntype_1
650	ntype_2
651	ntype_1
652	ntype_0
653	ntype_3
654	ntype_0
655	ntype_3
656	ntype_3
657	ntype_3
658	ntype_1
659	ntype_1
660	ntype_2
661	ntype_1
662	ntype_1
663	ntype_3
664	ntype_0
665	ntype_2
666	ntype_0
667	ntype_1
668	ntype_0
669	ntype_1
670	ntype_3
671	ntype_3
672	ntype_1
673	ntype_2
674	ntype_3
675	ntype_1
676	ntype_0
677	ntype_0
678	ntype_2
679	ntype_1
680	ntype_2
681	ntype_1
682	ntype_3
683	ntype_1
684	ntype_3
685	ntype_1
686	ntype_3
687	ntype_1
688	ntype_3
689	ntype_2
690	ntype_2
691	ntype_1
692	ntype_0
693	ntype_3
694	ntype_2
695	ntype_0
696	ntype_1
697	ntype_0
698	ntype_2
699	ntype_3
700	ntype_1
701	ntype_3
702	ntype_2
703	ntype_3
704	ntype_0
705	ntype_3
706	ntype_0
707	ntype_3
708	ntype_2
709	ntype_0
710	ntype_2
711	ntype_2
712	ntype_3
713	ntype_0
714	ntype_1
715	ntype_2
716	ntype_1
717	ntype_1
718	ntype_3
719	ntype_1
720	ntype_2
721	ntype_1
722	ntype_1
723	ntype_2
724	ntype_3
725	ntype_1
726	ntype_1
727	ntype_0
728	ntype_2
729	ntype_3
730	ntype_1
731	ntype_3
732	ntype_3
733	ntype_1
734	ntype_3
735	ntype_1
736	ntype_0
737	ntype_0
738	ntype_3
739	ntype_1
740	ntype_3
741	ntype_2
742	ntype_0
743	ntype_3
744	ntype_3
745	ntype_2
746	ntype_0
747	ntype_2
748	ntype_3
749	ntype_1
750	ntype_3
751	ntype_0
752	ntype_1
753	ntype_1
754	ntype_2
755	ntype_0
756	ntype_2
757	ntype_2
758	ntype_0
759	ntype_1
760	ntype_3
761	ntype_0
762	ntype_0
763	ntype_3
764	ntype_0
765	ntype_1
766	ntype_3
767	ntype_2
768	ntype_0
769	ntype_1
770	ntype_1
771	ntype_1
772	ntype_3
773	ntype_3
774	ntype_0
775	ntype_2
776	ntype_0
777	ntype_1
778	ntype_2
779	ntype_3
780	ntype_3
781	ntype_2
782	ntype_1
783	ntype_3
784	ntype_1
785	ntype_3
786	ntype_3
787	ntype_2
788	ntype_0
789	ntype_0
790	ntype_1
791	ntype_0
792	ntype_1
793	ntype_0
794	ntype_2
795	ntype_0
796	ntype_0
797	ntype_3
798	ntype_0
799	ntype_1
800	ntype_1
801	ntype_0
802	ntype_3
803	ntype_1
804	ntype_2
805	ntype_1
806	ntype_0
807	ntype_0
808	ntype_3
809	ntype_1
810	ntype_2
811	ntype_0
812	ntype_2
813	ntype_0
814	ntype_2
815	ntype_3
816	ntype_3
817	ntype_1
818	ntype_1
819	ntype_1
820	ntype_2
821	ntype_0
822	ntype_0
823	ntype_2
824	ntype_1
825	ntype_3
826	ntype_0
827	ntype_2
828	ntype_1
829	ntype_0
830	ntype_3
831	ntype_3
832	ntype_2
833	ntype_1
834	ntype_2
835	ntype_1
836	ntype_3
837	ntype_1
838	ntype_2
839	ntype_1
840	ntype_1
841	ntype_2
842	ntype_0
843	ntype_2
844	ntype_0
845	ntype_0
846	ntype_0
847	ntype_3
848	ntype_2
849	ntype_2
850	ntype_0
851	ntype_3
852	ntype_3
853	ntype_0
854	ntype_2
855	ntype_0
856	ntype_2
857	ntype_3
858	ntype_1
859	ntype_3
860	ntype_2
861	ntype_3
862	ntype_3
863	ntype_1
864	ntype_3
865	ntype_0
866	ntype_1
867	ntype_2
868	ntype_0
869	ntype_2
870	ntype_2
871	ntype_3
872	ntype_2
873	ntype_1
874	ntype_0
875	ntype_2
876	ntype_1
877	ntype_2
878	ntype_0
879	ntype_3
880	ntype_2
881	ntype_1
882	ntype_1
883	ntype_1
884	ntype_0
885	ntype_0
886	ntype_1
887	ntype_2
888	ntype_2
889	ntype_0
890	ntype_0
891	ntype_0
892	ntype_1
893	ntype_0
894	ntype_3
895	ntype_0
896	ntype_3
897	ntype_1
898	ntype_1
899	ntype_1
900	ntype_2
901	ntype_3
902	ntype_2
903	ntype_2
904	ntype_0
905	ntype_0
906	ntype_3
907	ntype_2
908	ntype_0
909	ntype_3
910	ntype_1
911	ntype_1
912	ntype_3
913	ntype_1
914	ntype_1
915	ntype_1
916	ntype_1
917	ntype_1
918	ntype_1
919	ntype_0
920	ntype_1
921	ntype_0
922	ntype_1
923	ntype_1
924	ntype_1
925	ntype_2
926	ntype_3
927	ntype_3
928	ntype_2
929	ntype_2
930	ntype_0
931	ntype_0
932	ntype_3
933	ntype_0
934	ntype_3
935	ntype_3
936	ntype_2
937	ntype_2
938	ntype_1
939	ntype_3
940	ntype_1
941	ntype_0
942	ntype_1
943	ntype_0
944	ntype_0
945	ntype_1
946	ntype_2
947	ntype_3
948	ntype_0
949	ntype_1
950	ntype_1
951	ntype_1
952	ntype_3
953	ntype_2
954	ntype_0
955	ntype_2
956	ntype_1
957	ntype_3
958	ntype_3
959	ntype_1
960	ntype_2
961	ntype_0
962	ntype_0
963	ntype_1
964	ntype_3
965	ntype_1
966	ntype_3
967	ntype_1
968	ntype_3
969	ntype_0
970	ntype_2
971	ntype_1
972	ntype_0
973	ntype_3
974	ntype_2
975	ntype_1
976	ntype_0
977	ntype_0
978	ntype_1
979	ntype_1
980	ntype_3
981	ntype_1
982	ntype_0
983	ntype_0
984	ntype_0
985	ntype_1
986	ntype_1
987	ntype_0
988	ntype_1
989	ntype_0
990	ntype_2
991	ntype_0
992	ntype_2
993	ntype_3
994	ntype_2
995	ntype_1
996	ntype_1
997	ntype_1
998	ntype_3
999	ntype_0
1000	ntype_1
1001	ntype_3
1002	ntype_3
1003	ntype_2
1004	ntype_0
1005	ntype_0
1006	ntype_1
1007	ntype_3
1008	ntype_0
1009	ntype_3
1010	ntype_2
1011	ntype_1
1012	ntype_3
1013	ntype_2
1014	ntype_3
1015	ntype_0
1016	ntype_1
1017	ntype_2
1018	ntype_1
1019	ntype_2
1020	ntype_0
1021	ntype_0
1022	ntype_3
1023	ntype_1
1024	ntype_1
1025	ntype_1
1026	ntype_2
1027	ntype_2
1028	ntype_3
1029	ntype_0
1030	ntype_3
1031	ntype_3
1032	ntype_3
1033	ntype_1
1034	ntype_2
1035	ntype_2
1036	ntype_3
1037	ntype_3
1038	ntype_1
1039	ntype_2
1040	ntype_3
1041	ntype_2
1042	ntype_1
1043	ntype_3
1044	ntype_3
1045	ntype_2
1046	ntype_0
1047	ntype_1
1048	ntype_2
1049	ntype_1
1050	ntype_2
1051	ntype_1
1052	ntype_2
1053	ntype_1
1054	ntype_3
1055	ntype_1
1056	ntype_0
1057	ntype_0
1058	ntype_1
1059	ntype_1
1060	ntype_2
1061	ntype_3
1062	ntype_2
1063	ntype_0
1064	ntype_3
1065	ntype_2
1066	ntype_0
1067	ntype_0
1068	ntype_0
1069	ntype_1
1070	ntype_0
1071	ntype_3
1072	ntype_3
1073	ntype_2
1074	ntype_3
1075	ntype_0
1076	ntype_1
1077	ntype_3
1078	ntype_3
1079	ntype_1
1080	ntype_3
1081	ntype_3
1082	ntype_0
1083	ntype_2
1084	ntype_0
1085	ntype_3
1086	ntype_1
1087	ntype_0
1088	ntype_0
1089	ntype_3
1090	ntype_0
1091	ntype_0
1092	ntype_1
1093	ntype_2
1094	ntype_1
1095	ntype_2
1096	ntype_1
1097	ntype_2
1098	ntype_2
1099	ntype_2
1100	ntype_3
1101	ntype_3
1102	ntype_1
1103	ntype_2
1104	ntype_2
1105	ntype_0
1106	ntype_1
1107	ntype_1
1108	ntype_0
1109	ntype_1
1110	ntype_3
1111	ntype_2
1112	ntype_3
1113	ntype_1
1114	ntype_3
1115	ntype_1
1116	ntype_1
1117	ntype_0
1118	ntype_3
1119	ntype_3
1120	ntype_1
1121	ntype_3
1122	ntype_3
1123	ntype_0
1124	ntype_0
1125	ntype_3
1126	ntype_2
1127	ntype_0
1128	ntype_1
1129	ntype_1
1130	ntype_0
1131	ntype_0
1132	ntype_1
1133	ntype_0
1134	ntype_1
1135	ntype_0
1136	ntype_3
1137	ntype_3
1138	ntype_0
1139	ntype_3
1140	ntype_2
1141	ntype_0
1142	ntype_0
1143	ntype_1
1144	ntype_0
1145	ntype_3
1146	ntype_1
1147	ntype_1
1148	ntype_2
1149	ntype_1
1150	ntype_2
1151	ntype_1
1152	ntype_2
1153	ntype_2
1154	ntype_0
1155	ntype_0
1156	ntype_0
1157	ntype_3
1158	ntype_0
1159	ntype_1
1160	ntype_0
1161	ntype_0
1162	ntype_2
1163	ntype_3
1164	ntype_3
1165	ntype_2
1166	ntype_0
1167	ntype_0
1168	ntype_1
1169	ntype_0
1170	ntype_3
1171	ntype_1
1172	ntype_1
1173	ntype_1
1174	ntype_0
1175	ntype_3
1176	ntype_3
1177	ntype_2
1178	ntype_0
1179	ntype_1
1180	ntype_3
1181	ntype_1
1182	ntype_2
1183	ntype_2
1184	ntype_0
1185	ntype_0
1186	ntype_3
1187	ntype_1
1188	ntype_1
1189	ntype_1
1190	ntype_3
1191	ntype_2
1192	ntype_1
1193	ntype_0
1194	ntype_3
1195	ntype_3
1196	ntype_0
1197	ntype_1
1198	ntype_3
1199	ntype_2
1200	ntype_1
1201	ntype_0
1202	ntype_3
1203	ntype_1
1204	ntype_3
1205	ntype_0
1206	ntype_0
1207	ntype_2
1208	ntype_2
1209	ntype_0
1210	ntype_3
1211	ntype_2
1212	ntype_0
1213	ntype_0
1214	ntype_0
1215	ntype_2
1216	ntype_1
1217	ntype_2
1218	ntype_2
1219	ntype_3
1220	ntype_1
1221	ntype_3
1222	ntype_2
1223	ntype_3
1224	ntype_3
1225	ntype_3
1226	ntype_2
1227	ntype_3
1228	ntype_1
1229	ntype_0
1230	ntype_0
1231	ntype_3
1232	ntype_1
1233	ntype_3
1234	ntype_0
1235	ntype_1
1236	ntype_1
1237	ntype_3
1238	ntype_2
1239	ntype_2
1240	ntype_1
1241	ntype_2
1242	ntype_2
1243	ntype_3
1244	ntype_0
1245	ntype_3
1246	ntype_1
1247	ntype_2
1248	ntype_3
1249	ntype_3
1250	ntype_1
1251	ntype_2
1252	ntype_1
1253	ntype_3
1254	ntype_2
1255	ntype_1
1256	ntype_2
1257	ntype_1
1258	ntype_1
1259	ntype_0
1260	ntype_2
1261	ntype_0
1262	ntype_1
1263	ntype_2
1264	ntype_0
1265	ntype_0
1266	ntype_2
1267	ntype_0
1268	ntype_1
1269	ntype_2
1270	ntype_1
1271	ntype_3
1272	ntype_1
1273	ntype_3
1274	ntype_3
1275	ntype_0
1276	ntype_1
1277	ntype_3
1278	ntype_1
1279	ntype_2
1280	ntype_3
1281	ntype_2
1282	ntype_2
1283	ntype_0
1284	ntype_0
1285	ntype_3
1286	ntype_2
1287	ntype_0
1288	ntype_3
1289	ntype_0
1290	ntype_2
1291	ntype_1
1292	ntype_2
1293	ntype_0
1294	ntype_0
1295	ntype_1
1296	ntype_3
1297	ntype_2
1298	ntype_0
1299	ntype_3
1300	ntype_3
1301	ntype_0
1302	ntype_0
1303	ntype_0
1304	ntype_1
1305	ntype_0
1306	ntype_0
1307	ntype_1
1308	ntype_1
1309	ntype_3
1310	ntype_0
1311	ntype_3
1312	ntype_0
1313	ntype_3
1314	ntype_0
1315	ntype_2
1316	ntype_1
1317	ntype_2
1318	ntype_2
1319	ntype_3
1320	ntype_0
1321	ntype_1
1322	ntype_3
1323	ntype_0
1324	ntype_0
1325	ntype_2
1326	ntype_3
1327	ntype_2
1328	ntype_2
1329	ntype_3
1330	ntype_3
1331	ntype_2
1332	ntype_2
1333	ntype_2
1334	ntype_0
1335	ntype_3
1336	ntype_2
1337	ntype_1
1338	ntype_3
1339	ntype_0
1340	ntype_2
1341	ntype_0
1342	ntype_3
1343	ntype_2
1344	ntype_1
1345	ntype_3
1346	ntype_2
1347	ntype_3
1348	ntype_2
1349	ntype_1
1350	ntype_2
1351	ntype_0
1352	ntype_2
1353	ntype_2
1354	ntype_0
1355	ntype_0
1356	ntype_2
1357	ntype_1
1358	ntype_0
1359	ntype_2
1360	ntype_3
1361	ntype_3
1362	ntype_2
1363	ntype_3
1364	ntype_1
1365	ntype_1
1366	ntype_1
1367	ntype_0
1368	ntype_1
1369	ntype_1
1370	ntype_1
1371	ntype_1
1372	ntype_0
1373	ntype_1
1374	ntype_1
1375	ntype_3
1376	ntype_1
1377	ntype_0
1378	ntype_0
1379	ntype_1
1380	ntype_0
1381	ntype_3
1382	ntype_2
1383	ntype_1
1384	ntype_0
1385	ntype_3
1386	ntype_0
1387	ntype_1
1388	ntype_0
1389	ntype_1
1390	ntype_1
1391	ntype_1
1392	ntype_3
1393	ntype_0
1394	ntype_1
1395	ntype_3
1396	ntype_1
1397	ntype_1
1398	ntype_2
1399	ntype_0
1400	ntype_2
1401	ntype_0
1402	ntype_2
1403	ntype_3
1404	ntype_3
1405	ntype_0
1406	ntype_1
1407	ntype_2
1408	ntype_3
1409	ntype_2
1410	ntype_0
1411	ntype_2
1412	ntype_1
1413	ntype_2
1414	ntype_3
1415	ntype_3
1416	ntype_3
1417	ntype_0
1418	ntype_0
1419	ntype_2
1420	ntype_1
1421	ntype_3
1422	ntype_1
1423	ntype_1
1424	ntype_2
1425	ntype_1
1426	ntype_3
1427	ntype_1
1428	ntype_0
1429	ntype_1
1430	ntype_2
1431	ntype_1
1432	ntype_1
1433	ntype_1
1434	ntype_0
1435	ntype_3
1436	ntype_1
1437	ntype_3
1438	ntype_2
1439	ntype_0
1440	ntype_0
1441	ntype_0
1442	ntype_0
1443	ntype_3
1444	ntype_1
1445	ntype_1
1446	ntype_1
1447	ntype_3
1448	ntype_0
1449	ntype_2
1450	ntype_1
1451	ntype_3
1452	ntype_2
1453	ntype_2
1454	ntype_3
1455	ntype_1
1456	ntype_1
1457	ntype_2
1458	ntype_1
1459	ntype_1
1460	ntype_2
1461	ntype_1
1462	ntype_2
1463	ntype_0
1464	ntype_3
1465	ntype_2
1466	ntype_0
1467	ntype_1
1468	ntype_2
1469	ntype_3
1470	ntype_2
1471	ntype_0
1472	ntype_2
1473	ntype_2
1474	ntype_2
1475	ntype_3
1476	ntype_2
1477	ntype_3
1478	ntype_3
1479	ntype_3
1480	ntype_1
1481	ntype_1
1482	ntype_2
1483	ntype_1
1484	ntype_0
1485	ntype_3
1486	ntype_2
1487	ntype_2
1488	ntype_1
1489	ntype_1
1490	ntype_1
1491	ntype_1
1492	ntype_1
1493	ntype_3
1494	ntype_1
1495	ntype_2
1496	ntype_2
1497	ntype_1
1498	ntype_0
1499	ntype_3
1500	ntype_1
1501	ntype_1
1502	ntype_3
1503	ntype_2
1504	ntype_0
1505	ntype_1
1506	ntype_1
1507	ntype_3
1508	ntype_3
1509	ntype_1
1510	ntype_2
1511	ntype_2
1512	ntype_3
1513	ntype_3
1514	ntype_1
1515	ntype_1
1516	ntype_2
1517	ntype_1
1518	ntype_3
1519	ntype_0
1520	ntype_2
1521	ntype_0
1522	ntype_2
1523	ntype_2
1524	ntype_0
1525	ntype_2
1526	ntype_2
1527	ntype_3
1528	ntype_0
1529	ntype_2
1530	ntype_2
1531	ntype_3
1532	ntype_0
1533	ntype_1
1534	ntype_2
1535	ntype_3
1536	ntype_2
1537	ntype_1
1538	ntype_2
1539	ntype_2
1540	ntype_0
1541	ntype_2
1542	ntype_1
1543	ntype_0
1544	ntype_1
1545	ntype_2
1546	ntype_3
1547	ntype_2
1548	ntype_3
1549	ntype_3
1550	ntype_2
1551	ntype_3
1552	ntype_1
1553	ntype_0
1554	ntype_1
1555	ntype_1
1556	ntype_1
1557	ntype_2
1558	ntype_2
1559	ntype_0
1560	ntype_2
1561	ntype_3
1562	ntype_0
1563	ntype_2
1564	ntype_0
1565	ntype_3
1566	ntype_0
1567	ntype_2
1568	ntype_3
1569	ntype_1
1570	ntype_0
1571	ntype_0
1572	ntype_2
1573	ntype_0
1574	ntype_2
1575	ntype_1
1576	ntype_2
1577	ntype_0
1578	ntype_2
1579	ntype_3
1580	ntype_1
1581	ntype_2
1582	ntype_0
1583	ntype_3
1584	ntype_2
1585	ntype_2
1586	ntype_1
1587	ntype_0
1588	ntype_2
1589	ntype_0
1590	ntype_0
1591	ntype_3
1592	ntype_2
1593	ntype_1
1594	ntype_0
1595	ntype_2
1596	ntype_2
1597	ntype_1
1598	ntype_1
1599	ntype_0
1600	ntype_1
1601	ntype_0
1602	ntype_3
1603	ntype_3
1604	ntype_2
1605	ntype_1
1606	ntype_2
1607	ntype_2
1608	ntype_3
1609	ntype_0
1610	ntype_3
1611	ntype_1
1612	ntype_0
1613	ntype_1
1614	ntype_3
1615	ntype_1
1616	ntype_2
1617	ntype_1
1618	ntype_0
1619	ntype_0
1620	ntype_1
1621	ntype_2
1622	ntype_0
1623	ntype_2
1624	ntype_2
1625	ntype_2
1626	ntype_2
1627	ntype_2
1628	ntype_0
1629	ntype_2
1630	ntype_1
1631	ntype_2
1632	ntype_1
1633	ntype_1
1634	ntype_1
1635	ntype_2
1636	ntype_2
1637	ntype_3
1638	ntype_2
1639	ntype_0
1640	ntype_0
1641	ntype_2
1642	ntype_0
1643	ntype_3
1644	ntype_0
1645	ntype_0
1646	ntype_0
1647	ntype_0
1648	ntype_0
1649	ntype_1
1650	ntype_1
1651	ntype_1
1652	ntype_3
1653	ntype_1
1654	ntype_1
1655	ntype_2
1656	ntype_3
1657	ntype_0
1658	ntype_2
1659	ntype_3
1660	ntype_1
1661	ntype_3
1662	ntype_0
1663	ntype_2
1664	ntype_0
1665	ntype_0
1666	ntype_0
1667	ntype_3
1668	ntype_3
1669	ntype_2
1670	ntype_1
1671	ntype_0
1672	ntype_0
1673	ntype_0
1674	ntype_1
1675	ntype_0
1676	ntype_2
1677	ntype_3
1678	ntype_2
1679	ntype_1
1680	ntype_0
1681	ntype_3
1682	ntype_3
1683	ntype_3
1684	ntype_0
1685	ntype_3
1686	ntype_0
1687	ntype_0
1688	ntype_3
1689	ntype_3
1690	ntype_3
1691	ntype_0
1692	ntype_3
1693	ntype_0
1694	ntype_0
1695	ntype_3
1696	ntype_2
1697	ntype_1
1698	ntype_2
1699	ntype_3
1700	ntype_1
1701	ntype_2
1702	ntype_2
1703	ntype_2
1704	ntype_0
1705	ntype_1
1706	ntype_2
1707	ntype_0
1708	ntype_1
1709	ntype_2
1710	ntype_1
1711	ntype_3
1712	ntype_2
1713	ntype_0
1714	ntype_1
1715	ntype_3
1716	ntype_3
1717	ntype_2
1718	ntype_1
1719	ntype_2
1720	ntype_0
1721	ntype_1
1722	ntype_1
1723	ntype_1
1724	ntype_1
1725	ntype_1
1726	ntype_3
1727	ntype_3
1728	ntype_1
1729	ntype_3
1730	ntype_2
1731	ntype_0
1732	ntype_2
1733	ntype_0
1734	ntype_0
1735	ntype_1
1736	ntype_0
1737	ntype_1
1738	ntype_0
1739	ntype_0
1740	ntype_1
1741	ntype_1
1742	ntype_3
1743	ntype_3
1744	ntype_1
1745	ntype_2
1746	ntype_0
1747	ntype_3
1748	ntype_1
1749	ntype_2
1750	ntype_0
1751	ntype_2
1752	ntype_1
1753	ntype_1
1754	ntype_2
1755	ntype_3
1756	ntype_0
1757	ntype_2
1758	ntype_1
1759	ntype_3
1760	ntype_3
1761	ntype_3
1762	ntype_0
1763	ntype_1
1764	ntype_0
1765	ntype_3
1766	ntype_2
1767	ntype_3
1768	ntype_3
1769	ntype_2
1770	ntype_1
1771	ntype_1
1772	ntype_2
1773	ntype_2
1774	ntype_2
1775	ntype_3
1776	ntype_2
1777	ntype_2
1778	ntype_3
1779	ntype_2
1780	ntype_0
1781	ntype_2
1782	ntype_3
1783	ntype_3
1784	ntype_3
1785	ntype_2
1786	ntype_0
1787	ntype_2
1788	ntype_2
1789	ntype_3
1790	ntype_3
1791	ntype_2
1792	ntype_3
1793	ntype_0
1794	ntype_1
1795	ntype_1
1796	ntype_1
1797	ntype_0
1798	ntype_2
1799	ntype_1
1800	ntype_3
1801	ntype_1
1802	ntype_1
1803	ntype_1
1804	ntype_0
1805	ntype_2
1806	ntype_1
1807	ntype_2
1808	ntype_2
1809	ntype_2
1810	ntype_2
1811	ntype_1
1812	ntype_0
1813	ntype_1
1814	ntype_2
1815	ntype_2
1816	ntype_0
1817	ntype_1
1818	ntype_1
1819	ntype_3
1820	ntype_0
1821	ntype_2
1822	ntype_1
1823	ntype_1
1824	ntype_2
1825	ntype_1
1826	ntype_1
1827	ntype_0
1828	ntype_1
1829	ntype_1
1830	ntype_0
1831	ntype_0
1832	ntype_2
1833	ntype_3
1834	ntype_3
1835	ntype_3
1836	ntype_3
1837	ntype_0
1838	ntype_3
1839	ntype_2
1840	ntype_3
1841	ntype_3
1842	ntype_3
1843	ntype_3
1844	ntype_0
1845	ntype_0
1846	ntype_0
1847	ntype_3
1848	ntype_0
1849	ntype_3
1850	ntype_3
1851	ntype_3
1852	ntype_2
1853	ntype_1
1854	ntype_0
1855	ntype_3
1856	ntype_1
1857	ntype_1
1858	ntype_1
1859	ntype_2
1860	ntype_0
1861	ntype_1
1862	ntype_3
1863	ntype_3
1864	ntype_1
1865	ntype_0
1866	ntype_3
1867	ntype_0
1868	ntype_3
1869	ntype_0
1870	ntype_1
1871	ntype_1
1872	ntype_3
1873	ntype_3
1874	ntype_2
1875	ntype_1
1876	ntype_2
1877	ntype_1
1878	ntype_1
1879	ntype_0
1880	ntype_1
1881	ntype_2
1882	ntype_2
1883	ntype_2
1884	ntype_0
1885	ntype_0
1886	ntype_1
1887	ntype_1
1888	ntype_2
1889	ntype_2
1890	ntype_2
1891	ntype_0
1892	ntype_3
1893	ntype_1
1894	ntype_3
1895	ntype_0
1896	ntype_3
1897	ntype_0
1898	ntype_1
1899	ntype_2
1900	ntype_1
1901	ntype_0
1902	ntype_1
1903	ntype_1
1904	ntype_2
1905	ntype_1
1906	ntype_0
1907	ntype_3
1908	ntype_3
1909	ntype_3
1910	ntype_2
1911	ntype_0
1912	ntype_1
1913	ntype_3
1914	ntype_0
1915	ntype_3
1916	ntype_3
1917	ntype_2
1918	ntype_0
1919	ntype_0
1920	ntype_1
1921	ntype_0
1922	ntype_2
1923	ntype_0
1924	ntype_1
1925	ntype_2
1926	ntype_1
1927	ntype_0
1928	ntype_0
1929	ntype_0
1930	ntype_3
1931	ntype_0
1932	ntype_1
1933	ntype_1
1934	ntype_0
1935	ntype_0
1936	ntype_1
1937	ntype_0
1938	ntype_0
1939	ntype_0
1940	ntype_1
1941	ntype_1
1942	ntype_0
1943	ntype_1
1944	ntype_0
1945	ntype_3
1946	ntype_1
1947	ntype_2
1948	ntype_2
1949	ntype_2
1950	ntype_1
1951	ntype_1
1952	ntype_2
1953	ntype_2
1954	ntype_2
1955	ntype_1
1956	ntype_3
1957	ntype_2
1958	ntype_2
1959	ntype_0
1960	ntype_2
1961	ntype_0
1962	ntype_2
1963	ntype_0
1964	ntype_3
1965	ntype_1
1966	ntype_1
1967	ntype_2
1968	ntype_1
1969	ntype_0
1970	ntype_2
1971	ntype_1
1972	ntype_2
1973	ntype_2
1974	ntype_3
1975	ntype_0
1976	ntype_2
1977	ntype_2
1978	ntype_0
1979	ntype_3
1980	ntype_1
1981	ntype_3
1982	ntype_2
1983	ntype_3
1984	ntype_2
1985	ntype_1
1986	ntype_2
1987	ntype_3
1988	ntype_2
1989	ntype_2
1990	ntype_2
1991	ntype_0
1992	ntype_1
1993	ntype_2
1994	ntype_3
1995	ntype_2
1996	ntype_0
1997	ntype_1
1998	ntype_1
1999	ntype_3
2000	ntype_1
2001	ntype_3
2002	ntype_1
2003	ntype_1
2004	ntype_2
2005	ntype_3
2006	ntype_3
2007	ntype_3
2008	ntype_3
2009	ntype_2
2010	ntype_2
2011	ntype_1
2012	ntype_0
2013	ntype_3
2014	ntype_3
2015	ntype_3
2016	ntype_3
2017	ntype_0
2018	ntype_0
2019	ntype_1
2020	ntype_0
2021	ntype_0
2022	ntype_1
2023	ntype_1
2024	ntype_1
2025	ntype_2
2026	ntype_2
2027	ntype_0
2028	ntype_0
2029	ntype_3
2030	ntype_2
2031	ntype_3
2032	ntype_3
2033	ntype_1
2034	ntype_0
2035	ntype_1
2036	ntype_1
2037	ntype_1
2038	ntype_0
2039	ntype_0
2040	ntype_3
2041	ntype_2
2042	ntype_2
2043	ntype_3
2044	ntype_2
2045	ntype_2
2046	ntype_2
2047	ntype_2
2048	ntype_2
2049	ntype_1
2050	ntype_1
2051	ntype_3
2052	ntype_2
2053	ntype_3
2054	ntype_2
2055	ntype_1
2056	ntype_1
2057	ntype_1
2058	ntype_3
2059	ntype_3
2060	ntype_1
2061	ntype_2
2062	ntype_3
2063	ntype_3
2064	ntype_3
2065	ntype_2
2066	ntype_2
2067	ntype_1
2068	ntype_2
2069	ntype_1
2070	ntype_1
2071	ntype_3
2072	ntype_3
2073	ntype_2
2074	ntype_2
2075	ntype_0
2076	ntype_0
2077	ntype_2
2078	ntype_0
2079	ntype_3
2080	ntype_3
2081	ntype_1
2082	ntype_3
2083	ntype_2
2084	ntype_0
2085	ntype_1
2086	ntype_0
2087	ntype_2
2088	ntype_0
2089	ntype_2
2090	ntype_1
2091	ntype_3
2092	ntype_2
2093	ntype_3
2094	ntype_3
2095	ntype_1
2096	ntype_0
2097	ntype_2
2098	ntype_2
2099	ntype_1
2100	ntype_3
2101	ntype_2
2102	ntype_0
2103	ntype_2
2104	ntype_2
2105	ntype_3
2106	ntype_1
2107	ntype_3
2108	ntype_2
2109	ntype_1
2110	ntype_2
2111	ntype_2
2112	ntype_3
2113	ntype_1
2114	ntype_3
2115	ntype_3
2116	ntype_0
2117	ntype_0
2118	ntype_3
2119	ntype_2
2120	ntype_1
2121	ntype_3
2122	ntype_2
2123	ntype_1
2124	ntype_3
2125	ntype_1
2126	ntype_1
2127	ntype_1
2128	ntype_0
2129	ntype_1
2130	ntype_1
2131	ntype_3
2132	ntype_1
2133	ntype_0
2134	ntype_2
2135	ntype_3
2136	ntype_3
2137	ntype_0
2138	ntype_3
2139	ntype_2
2140	ntype_3
2141	ntype_2
2142	ntype_3
2143	ntype_1
2144	ntype_0
2145	ntype_1
2146	ntype_0
2147	ntype_1
2148	ntype_3
2149	ntype_1
2150	ntype_1
2151	ntype_1
2152	ntype_2
2153	ntype_0
2154	ntype_2
2155	ntype_0
2156	ntype_3
2157	ntype_0
2158	ntype_1
2159	ntype_2
2160	ntype_0
2161	ntype_2
2162	ntype_3
2163	ntype_3
2164	ntype_2
2165	ntype_3
2166	ntype_0
2167	ntype_1
2168	ntype_2
2169	ntype_3
2170	ntype_1
2171	ntype_2
2172	ntype_0
2173	ntype_1
2174	ntype_0
2175	ntype_0
2176	ntype_3
2177	ntype_2
2178	ntype_2
2179	ntype_0
2180	ntype_3
2181	ntype_1
2182	ntype_2
2183	ntype_2
2184	ntype_2
2185	ntype_3
2186	ntype_3
2187	ntype_3
2188	ntype_1
2189	ntype_1
2190	ntype_2
2191	ntype_2
2192	ntype_3
2193	ntype_2
2194	ntype_3
2195	ntype_3
2196	ntype_3
2197	ntype_0
2198	ntype_1
2199	ntype_2
2200	ntype_3
2201	ntype_0
2202	ntype_1
2203	ntype_3
2204	ntype_2
2205	ntype_1
2206	ntype_2
2207	ntype_3
2208	ntype_2
2209	ntype_1
2210	ntype_3
2211	ntype_2
2212	ntype_0
2213	ntype_0
2214	ntype_2
2215	ntype_1
2216	ntype_3
2217	ntype_0
2218	ntype_0
2219	ntype_1
2220	ntype_0
2221	ntype_0
2222	ntype_2
2223	ntype_3
2224	ntype_0
2225	ntype_1
2226	ntype_1
2227	ntype_3
2228	ntype_1
2229	ntype_3
2230	ntype_0
2231	ntype_3
2232	ntype_2
2233	ntype_0
2234	ntype_1
2235	ntype_3
2236	ntype_2
2237	ntype_0
2238	ntype_2
2239	ntype_0
2240	ntype_0
2241	ntype_0
2242	ntype_1
2243	ntype_3
2244	ntype_0
2245	ntype_2
2246	ntype_2
2247	ntype_2
2248	ntype_1
2249	ntype_2
2250	ntype_1
2251	ntype_3
2252	ntype_2
2253	ntype_0
2254	ntype_1
2255	ntype_1
2256	ntype_0
2257	ntype_1
2258	ntype_1
2259	ntype_0
2260	ntype_3
2261	ntype_3
2262	ntype_1
2263	ntype_2
2264	ntype_1
2265	ntype_2
2266	ntype_1
2267	ntype_2
2268	ntype_0
2269	ntype_1
2270	ntype_3
2271	ntype_2
2272	ntype_1
2273	ntype_0
2274	ntype_0
2275	ntype_2
2276	ntype_2
2277	ntype_0
2278	ntype_0
2279	ntype_1
2280	ntype_1
2281	ntype_1
2282	ntype_1
2283	ntype_0
2284	ntype_2
2285	ntype_2
2286	ntype_3
2287	ntype_1
2288	ntype_0
2289	ntype_2
2290	ntype_3
2291	ntype_1
2292	ntype_0
2293	ntype_2
2294	ntype_0
2295	ntype_2
2296	ntype_1
2297	ntype_1
2298	ntype_2
2299	ntype_0
2300	ntype_3
2301	ntype_2
2302	ntype_2
2303	ntype_3
2304	ntype_3
2305	ntype_1
2306	ntype_3
2307	ntype_2
2308	ntype_3
2309	ntype_3
2310	ntype_3
2311	ntype_3
2312	ntype_3
2313	ntype_1
2314	ntype_3
2315	ntype_3
2316	ntype_2
2317	ntype_0
2318	ntype_1
2319	ntype_1
2320	ntype_2
2321	ntype_2
2322	ntype_3
2323	ntype_1
2324	ntype_0
2325	ntype_3
2326	ntype_2
2327	ntype_2
2328	ntype_0
2329	ntype_2
2330	ntype_0
2331	ntype_3
2332	ntype_3
2333	ntype_1
2334	ntype_2
2335	ntype_3
2336	ntype_2
2337	ntype_3
2338	ntype_3
2339	ntype_2
2340	ntype_3
2341	ntype_3
2342	ntype_0
2343	ntype_3
2344	ntype_3
2345	ntype_1
2346	ntype_0
2347	ntype_0
2348	ntype_3
2349	ntype_1
2350	ntype_2
2351	ntype_1
2352	ntype_0
2353	ntype_2
2354	ntype_2
2355	ntype_1
2356	ntype_1
2357	ntype_1
2358	ntype_2
2359	ntype_1
2360	ntype_0
2361	ntype_1
2362	ntype_2
2363	ntype_3
2364	ntype_1
2365	ntype_1
2366	ntype_2
2367	ntype_2
2368	ntype_3
2369	ntype_0
2370	ntype_3
2371	ntype_3
2372	ntype_1
2373	ntype_2
2374	ntype_1
2375	ntype_2
2376	ntype_3
2377	ntype_3
2378	ntype_3
2379	ntype_2
2380	ntype_3
2381	ntype_2
2382	ntype_3
2383	ntype_0
2384	ntype_1
2385	ntype_1
2386	ntype_0
2387	ntype_1
2388	ntype_3
2389	ntype_3
2390	ntype_2
2391	ntype_1
2392	ntype_1
2393	ntype_2
2394	ntype_0
2395	ntype_1
2396	ntype_1
2397	ntype_3
2398	ntype_0
2399	ntype_0
2400	ntype_1
2401	ntype_3
2402	ntype_0
2403	ntype_0
2404	ntype_1
2405	ntype_0
2406	ntype_1
2407	ntype_2
2408	ntype_1
2409	ntype_1
2410	ntype_0
2411	ntype_2
2412	ntype_1
2413	ntype_3
2414	ntype_3
2415	ntype_2
2416	ntype_2
2417	ntype_2
2418	ntype_3
2419	ntype_2
2420	ntype_2
2421	ntype_3
2422	ntype_1
2423	ntype_1
2424	ntype_0
2425	ntype_3
2426	ntype_2
2427	ntype_1
2428	ntype_2
2429	ntype_1
2430	ntype_0
2431	ntype_3
2432	ntype_1
2433	ntype_3
2434	ntype_0
2435	ntype_0
2436	ntype_3
2437	ntype_1
2438	ntype_2
2439	ntype_1
2440	ntype_2
2441	ntype_2
2442	ntype_2
2443	ntype_1
2444	ntype_1
2445	ntype_0
2446	ntype_0
2447	ntype_0
2448	ntype_2
2449	ntype_3
2450	ntype_0
2451	ntype_1
2452	ntype_1
2453	ntype_2
2454	ntype_1
2455	ntype_1
2456	ntype_0
2457	ntype_0
2458	ntype_3
2459	ntype_1
2460	ntype_3
2461	ntype_2
2462	ntype_1
2463	ntype_3
2464	ntype_1
2465	ntype_2
2466	ntype_1
2467	ntype_0
2468	ntype_0
2469	ntype_3
2470	ntype_2
2471	ntype_3
2472	ntype_3
2473	ntype_1
2474	ntype_3
2475	ntype_2
2476	ntype_3
2477	ntype_3
2478	ntype_1
2479	ntype_3
2480	ntype_2
2481	ntype_0
2482	ntype_3
2483	ntype_0
2484	ntype_2
2485	ntype_3
2486	ntype_0
2487	ntype_2
2488	ntype_1
2489	ntype_2
2490	ntype_1
2491	ntype_3
2492	ntype_1
2493	ntype_2
2494	ntype_2
2495	ntype_3
2496	ntype_1
2497	ntype_3
2498	ntype_2
2499	ntype_3
2500	ntype_0
2501	ntype_3
2502	ntype_1
2503	ntype_2
2504	ntype_1
2505	ntype_3
2506	ntype_1
2507	ntype_1
2508	ntype_0
2509	ntype_0
2510	ntype_1
2511	ntype_3
2512	ntype_2
2513	ntype_3
2514	ntype_2
2515	ntype_0
2516	ntype_2
2517	ntype_0
2518	ntype_0
2519	ntype_0
2520	ntype_3
2521	ntype_2
2522	ntype_1
2523	ntype_2
2524	ntype_2
2525	ntype_0
2526	ntype_0
2527	ntype_3
2528	ntype_1
2529	ntype_3
2530	ntype_0
2531	ntype_3
2532	ntype_1
2533	ntype_0
2534	ntype_3
2535	ntype_0
2536	ntype_1
2537	ntype_3
2538	ntype_2
2539	ntype_2
2540	ntype_0
2541	ntype_3
2542	ntype_1
2543	ntype_3
2544	ntype_2
2545	ntype_0
2546	ntype_1
2547	ntype_3
2548	ntype_2
2549	ntype_0
2550	ntype_2
2551	ntype_3
2552	ntype_0
2553	ntype_1
2554	ntype_1
2555	ntype_0
2556	ntype_0
2557	ntype_2
2558	ntype_0
2559	ntype_0
2560	ntype_1
2561	ntype_2
2562	ntype_0
2563	ntype_0
2564	ntype_3
2565	ntype_3
2566	ntype_1
2567	ntype_1
2568	ntype_1
2569	ntype_3
2570	ntype_3
2571	ntype_3
2572	ntype_2
2573	ntype_0
2574	ntype_1
2575	ntype_2
2576	ntype_1
2577	ntype_3
2578	ntype_0
2579	ntype_1
2580	ntype_0
2581	ntype_1
2582	ntype_2
2583	ntype_1
2584	ntype_0
2585	ntype_3
2586	ntype_2
2587	ntype_3
2588	ntype_1
2589	ntype_1
2590	ntype_1
2591	ntype_2
2592	ntype_2
2593	ntype_2
2594	ntype_2
2595	ntype_2
2596	ntype_0
2597	ntype_1
2598	ntype_0
2599	ntype_1
2600	ntype_2
2601	ntype_1
2602	ntype_0
2603	ntype_0
2604	ntype_0
2605	ntype_2
2606	ntype_0
2607	ntype_1
2608	ntype_3
2609	ntype_2
2610	ntype_2
2611	ntype_2
2612	ntype_2
2613	ntype_2
2614	ntype_0
2615	ntype_2
2616	ntype_2
2617	ntype_2
2618	ntype_2
2619	ntype_1
2620	ntype_2
2621	ntype_3
2622	ntype_0
2623	ntype_3
2624	ntype_2
2625	ntype_1
2626	ntype_2
2627	ntype_1
2628	ntype_2
2629	ntype_0
2630	ntype_1
2631	ntype_1
2632	ntype_3
2633	ntype_3
2634	ntype_2
2635	ntype_3
2636	ntype_3
2637	ntype_3
2638	ntype_0
2639	ntype_2
2640	ntype_1
2641	ntype_0
2642	ntype_0
2643	ntype_3
2644	ntype_2
2645	ntype_2
2646	ntype_1
2647	ntype_0
2648	ntype_3
2649	ntype_3
2650	ntype_3
2651	ntype_0
2652	ntype_2
2653	ntype_2
2654	ntype_2
2655	ntype_2
2656	ntype_1
2657	ntype_0
2658	ntype_3
2659	ntype_3
2660	ntype_1
2661	ntype_1
2662	ntype_2
2663	ntype_0
2664	ntype_2
2665	ntype_2
2666	ntype_0
2667	ntype_0
2668	ntype_0
2669	ntype_0
2670	ntype_2
2671	ntype_1
2672	ntype_0
2673	ntype_0
2674	ntype_0
2675	ntype_3
2676	ntype_1
2677	ntype_3
2678	ntype_1
2679	ntype_2
2680	ntype_0
2681	ntype_0
2682	ntype_0
2683	ntype_1
2684	ntype_2
2685	ntype_2
2686	ntype_1
2687	ntype_0
2688	ntype_3
2689	ntype_0
2690	ntype_0
2691	ntype_0
2692	ntype_3
2693	ntype_1
2694	ntype_3
2695	ntype_3
2696	ntype_3
2697	ntype_0
2698	ntype_3
2699	ntype_2
2700	ntype_2
2701	ntype_0
2702	ntype_3
2703	ntype_1
2704	ntype_1
2705	ntype_1
2706	ntype_0
2707	ntype_1
2708	ntype_3
2709	ntype_0
2710	ntype_1
2711	ntype_1
2712	ntype_0
2713	ntype_3
2714	ntype_1
2715	ntype_1
2716	ntype_1
2717	ntype_0
2718	ntype_1
2719	ntype_0
2720	ntype_1
2721	ntype_3
2722	ntype_0
2723	ntype_1
2724	ntype_3
2725	ntype_1
2726	ntype_0
2727	ntype_2
2728	ntype_1
2729	ntype_1
2730	ntype_0
2731	ntype_1
2732	ntype_3
2733	ntype_1
2734	ntype_3
2735	ntype_1
2736	ntype_0
2737	ntype_1
2738	ntype_2
2739	ntype_0
2740	ntype_0
2741	ntype_3
2742	ntype_1
2743	ntype_1
2744	ntype_0
2745	ntype_2
2746	ntype_0
2747	ntype_3
2748	ntype_0
2749	ntype_2
2750	ntype_3
2751	ntype_3
2752	ntype_3
2753	ntype_1
2754	ntype_3
2755	ntype_1
2756	ntype_0
2757	ntype_3
2758	ntype_1
2759	ntype_1
2760	ntype_2
2761	ntype_1
2762	ntype_1
2763	ntype_1
2764	ntype_1
2765	ntype_0
2766	ntype_2
2767	ntype_2
2768	ntype_1
2769	ntype_3
2770	ntype_3
2771	ntype_1
2772	ntype_3
2773	ntype_2
2774	ntype_2
2775	ntype_1
2776	ntype_2
2777	ntype_1
2778	ntype_0
2779	ntype_1
2780	ntype_3
2781	ntype_3
2782	ntype_1
2783	ntype_1
2784	ntype_3
2785	ntype_2
2786	ntype_2
2787	ntype_2
2788	ntype_2
2789	ntype_2
2790	ntype_3
2791	ntype_3
2792	ntype_2
2793	ntype_3
2794	ntype_1
2795	ntype_0
2796	ntype_0
2797	ntype_1
2798	ntype_0
2799	ntype_0
2800	ntype_1
2801	ntype_1
2802	ntype_0
2803	ntype_2
2804	ntype_2
2805	ntype_0
2806	ntype_0
2807	ntype_1
2808	ntype_2
2809	ntype_3
2810	ntype_3
2811	ntype_0
2812	ntype_0
2813	ntype_1
2814	ntype_3
2815	ntype_3
2816	ntype_1
2817	ntype_3
2818	ntype_0
2819	ntype_0
2820	ntype_1
2821	ntype_1
2822	ntype_3
2823	ntype_0
2824	ntype_2
2825	ntype_0
2826	ntype_3
2827	ntype_0
2828	ntype_0
2829	ntype_3
2830	ntype_0
2831	ntype_3
2832	ntype_1
2833	ntype_1
2834	ntype_1
2835	ntype_2
2836	ntype_3
2837	ntype_1
2838	ntype_2
2839	ntype_0
2840	ntype_0
2841	ntype_3
2842	ntype_1
2843	ntype_2
2844	ntype_0
2845	ntype_1
2846	ntype_0
2847	ntype_2
2848	ntype_1
2849	ntype_2
2850	ntype_0
2851	ntype_3
2852	ntype_3
2853	ntype_3
2854	ntype_1
2855	ntype_0
2856	ntype_0
2857	ntype_3
2858	ntype_1
2859	ntype_0
2860	ntype_0
2861	ntype_3
2862	ntype_0
2863	ntype_3
2864	ntype_3
2865	ntype_2
2866	ntype_3
2867	ntype_0
2868	ntype_1
2869	ntype_3
2870	ntype_0
2871	ntype_1
2872	ntype_1
2873	ntype_1
2874	ntype_1
2875	ntype_3
2876	ntype_2
2877	ntype_3
2878	ntype_2
2879	ntype_0
2880	ntype_0
2881	ntype_0
2882	ntype_0
2883	ntype_0
2884	ntype_1
2885	ntype_3
2886	ntype_0
2887	ntype_3
2888	ntype_3
2889	ntype_1
2890	ntype_2
2891	ntype_3
2892	ntype_0
2893	ntype_1
2894	ntype_0
2895	ntype_1
2896	ntype_3
2897	ntype_2
2898	ntype_2
2899	ntype_2
2900	ntype_0
2901	ntype_1
2902	ntype_3
2903	ntype_3
2904	ntype_1
2905	ntype_2
2906	ntype_0
2907	ntype_2
2908	ntype_3
2909	ntype_1
2910	ntype_2
2911	ntype_2
2912	ntype_0
2913	ntype_0
2914	ntype_2
2915	ntype_3
2916	ntype_3
2917	ntype_0
2918	ntype_0
2919	ntype_1
2920	ntype_0
2921	ntype_2
2922	ntype_1
2923	ntype_1
2924	ntype_2
2925	ntype_1
2926	ntype_2
2927	ntype_1
2928	ntype_3
2929	ntype_0
2930	ntype_2
2931	ntype_3
2932	ntype_0
2933	ntype_2
2934	ntype_3
2935	ntype_2
2936	ntype_0
2937	ntype_0
2938	ntype_0
2939	ntype_2
2940	ntype_2
2941	ntype_1
2942	ntype_3
2943	ntype_3
2944	ntype_3
2945	ntype_3
2946	ntype_3
2947	ntype_0
2948	ntype_3
2949	ntype_1
2950	ntype_0
2951	ntype_1
2952	ntype_1
2953	ntype_1
2954	ntype_0
2955	ntype_0
2956	ntype_2
2957	ntype_1
2958	ntype_0
2959	ntype_0
2960	ntype_1
2961	ntype_1
2962	ntype_0
2963	ntype_0
2964	ntype_0
2965	ntype_3
2966	ntype_3
2967	ntype_1
2968	ntype_1
2969	ntype_3
2970	ntype_2
2971	ntype_0
2972	ntype_0
2973	ntype_2
2974	ntype_1
2975	ntype_1
2976	ntype_2
2977	ntype_2
2978	ntype_1
2979	ntype_2
2980	ntype_3
2981	ntype_3
2982	ntype_1
2983	ntype_2
2984	ntype_1
2985	ntype_3
2986	ntype_1
2987	ntype_2
2988	ntype_2
2989	ntype_1
2990	ntype_1
2991	ntype_0
2992	ntype_2
2993	ntype_3
2994	ntype_1
2995	ntype_0
2996	ntype_3
2997	ntype_2
2998	ntype_2
2999	ntype_2
3000	ntype_3
3001	ntype_3
3002	ntype_0
3003	ntype_1
3004	ntype_3
3005	ntype_3
3006	ntype_0
3007	ntype_1
3008	ntype_0
3009	ntype_1
3010	ntype_3
3011	ntype_1
3012	ntype_1
3013	ntype_2
3014	ntype_2
3015	ntype_1
3016	ntype_3
3017	ntype_2
3018	ntype_2
3019	ntype_0
3020	ntype_3
3021	ntype_0
3022	ntype_0
3023	ntype_0
3024	ntype_0
3025	ntype_3
3026	ntype_3
3027	ntype_0
3028	ntype_0
3029	ntype_2
3030	ntype_0
3031	ntype_2
3032	ntype_2
3033	ntype_2
3034	ntype_3
3035	ntype_0
3036	ntype_1
3037	ntype_1
3038	ntype_2
3039	ntype_0
3040	ntype_3
3041	ntype_2
3042	ntype_0
3043	ntype_3
3044	ntype_3
3045	ntype_3
3046	ntype_3
3047	ntype_2
3048	ntype_2
3049	ntype_0
3050	ntype_0
3051	ntype_2
3052	ntype_1
3053	ntype_3
3054	ntype_1
3055	ntype_1
3056	ntype_1
3057	ntype_3
3058	ntype_1
3059	ntype_2
3060	ntype_2
3061	ntype_2
3062	ntype_2
3063	ntype_2
3064	ntype_2
3065	ntype_3
3066	ntype_0
3067	ntype_0
3068	ntype_1
3069	ntype_2
3070	ntype_2
3071	ntype_3
3072	ntype_0
3073	ntype_1
3074	ntype_2
3075	ntype_3
3076	ntype_0
3077	ntype_2
3078	ntype_2
3079	ntype_0
3080	ntype_2
3081	ntype_1
3082	ntype_3
3083	ntype_2
3084	ntype_2
3085	ntype_1
3086	ntype_2
3087	ntype_0
3088	ntype_1
3089	ntype_0
3090	ntype_1
3091	ntype_0
3092	ntype_2
3093	ntype_3
3094	ntype_2
3095	ntype_0
3096	ntype_2
3097	ntype_0
3098	ntype_3
3099	ntype_1
3100	ntype_1
3101	ntype_3
3102	ntype_0
3103	ntype_1
3104	ntype_1
3105	ntype_2
3106	ntype_1
3107	ntype_0
3108	ntype_0
3109	ntype_0
3110	ntype_2
3111	ntype_1
3112	ntype_3
3113	ntype_1
3114	ntype_0
3115	ntype_1
3116	ntype_3
3117	ntype_1
3118	ntype_0
3119	ntype_2
3120	ntype_1
3121	ntype_3
3122	ntype_2
3123	ntype_2
3124	ntype_2
3125	ntype_2
3126	ntype_1
3127	ntype_2
3128	ntype_3
3129	ntype_1
3130	ntype_2
3131	ntype_2
3132	ntype_2
3133	ntype_0
3134	ntype_0
3135	ntype_2
3136	ntype_2
3137	ntype_3
3138	ntype_3
3139	ntype_3
3140	ntype_2
3141	ntype_2
3142	ntype_2
3143	ntype_3
3144	ntype_2
3145	ntype_0
3146	ntype_0
3147	ntype_2
3148	ntype_3
3149	ntype_3
3150	ntype_3
3151	ntype_3
3152	ntype_0
3153	ntype_2
3154	ntype_0
3155	ntype_1
3156	ntype_0
3157	ntype_3
3158	ntype_0
3159	ntype_2
3160	ntype_1
3161	ntype_0
3162	ntype_1
3163	ntype_3
3164	ntype_1
3165	ntype_2
3166	ntype_0
3167	ntype_1
3168	ntype_2
3169	ntype_0
3170	ntype_0
3171	ntype_1
3172	ntype_1
3173	ntype_3
3174	ntype_0
3175	ntype_3
3176	ntype_1
3177	ntype_2
3178	ntype_3
3179	ntype_1
3180	ntype_2
3181	ntype_0
3182	ntype_1
3183	ntype_0
3184	ntype_1
3185	ntype_3
3186	ntype_3
3187	ntype_2
3188	ntype_1
3189	ntype_0
3190	ntype_1
3191	ntype_3
3192	ntype_1
3193	ntype_2
3194	ntype_2
3195	ntype_3
3196	ntype_2
3197	ntype_1
3198	ntype_3
3199	ntype_0
3200	ntype_2
3201	ntype_2
3202	ntype_3
3203	ntype_1
3204	ntype_3
3205	ntype_2
3206	ntype_0
3207	ntype_2
3208	ntype_2
3209	ntype_3
3210	ntype_2
3211	ntype_2
3212	ntype_2
3213	ntype_3
3214	ntype_0
3215	ntype_2
3216	ntype_3
3217	ntype_3
3218	ntype_1
3219	ntype_1
3220	ntype_3
3221	ntype_0
3222	ntype_3
3223	ntype_0
3224	ntype_1
3225	ntype_2
3226	ntype_2
3227	ntype_0
3228	ntype_2
3229	ntype_1
3230	ntype_2
3231	ntype_2
3232	ntype_0
3233	ntype_3
3234	ntype_2
3235	ntype_0
3236	ntype_2
3237	ntype_3
3238	ntype_3
3239	ntype_1
3240	ntype_2
3241	ntype_1
3242	ntype_1
3243	ntype_1
3244	ntype_0
3245	ntype_1
3246	ntype_3
3247	ntype_2
3248	ntype_1
3249	ntype_2
3250	ntype_0
3251	ntype_2
3252	ntype_2
3253	ntype_1
3254	ntype_3
3255	ntype_0
3256	ntype_1
3257	ntype_3
3258	ntype_2
3259	ntype_1
3260	ntype_0
3261	ntype_1
3262	ntype_1
3263	ntype_1
3264	ntype_1
3265	ntype_3
3266	ntype_1
3267	ntype_3
3268	ntype_3
3269	ntype_2
3270	ntype_3
3271	ntype_2
3272	ntype_3
3273	ntype_3
3274	ntype_2
3275	ntype_3
3276	ntype_3
3277	ntype_2
3278	ntype_1
3279	ntype_3
3280	ntype_2
3281	ntype_1
3282	ntype_1
3283	ntype_3
3284	ntype_1
3285	ntype_2
3286	ntype_1
3287	ntype_2
3288	ntype_1
3289	ntype_2
3290	ntype_0
3291	ntype_2
3292	ntype_0
3293	ntype_1
3294	ntype_1
3295	ntype_2
3296	ntype_1
3297	ntype_2
3298	ntype_0
3299	ntype_1
3300	ntype_3
3301	ntype_2
3302	ntype_1
3303	ntype_1
3304	ntype_2
3305	ntype_2
3306	ntype_1
3307	ntype_2
3308	ntype_2
3309	ntype_3
3310	ntype_3
3311	ntype_2
3312	ntype_2
3313	ntype_1
3314	ntype_1
3315	ntype_3
3316	ntype_1
3317	ntype_3
3318	ntype_0
3319	ntype_0
3320	ntype_2
3321	ntype_0
3322	ntype_2
3323	ntype_1
3324	ntype_0
3325	ntype_3
3326	ntype_1
3327	ntype_3
3328	ntype_0
3329	ntype_1
3330	ntype_3
3331	ntype_1
3332	ntype_1
3333	ntype_0
3334	ntype_1
3335	ntype_0
3336	ntype_1
3337	ntype_0
3338	ntype_1
3339	ntype_2
3340	ntype_1
3341	ntype_1
3342	ntype_3
3343	ntype_1
3344	ntype_0
3345	ntype_3
3346	ntype_1
3347	ntype_3
3348	ntype_1
3349	ntype_3
3350	ntype_3
3351	ntype_3
3352	ntype_1
3353	ntype_0
3354	ntype_3
3355	ntype_0
3356	ntype_3
3357	ntype_3
3358	ntype_2
3359	ntype_0
3360	ntype_2
3361	ntype_3
3362	ntype_1
3363	ntype_0
3364	ntype_3
3365	ntype_3
3366	ntype_2
3367	ntype_2
3368	ntype_3
3369	ntype_1
3370	ntype_2
3371	ntype_1
3372	ntype_2
3373	ntype_2
3374	ntype_0
3375	ntype_1
3376	ntype_3
3377	ntype_2
3378	ntype_2
3379	ntype_1
3380	ntype_2
3381	ntype_2
3382	ntype_0
3383	ntype_1
3384	ntype_2
3385	ntype_3
3386	ntype_3
3387	ntype_3
3388	ntype_3
3389	ntype_0
3390	ntype_0
3391	ntype_3
3392	ntype_3
3393	ntype_2
3394	ntype_3
3395	ntype_2
3396	ntype_2
3397	ntype_3
3398	ntype_0
3399	ntype_3
3400	ntype_0
3401	ntype_2
3402	ntype_0
3403	ntype_3
3404	ntype_3
3405	ntype_1
3406	ntype_1
3407	ntype_1
3408	ntype_1
3409	ntype_2
3410	ntype_2
3411	ntype_1
3412	ntype_0
3413	ntype_1
3414	ntype_1
3415	ntype_2
3416	ntype_3
3417	ntype_2
3418	ntype_2
3419	ntype_0
3420	ntype_1
3421	ntype_0
3422	ntype_3
3423	ntype_0
3424	ntype_1
3425	ntype_0
3426	ntype_2
3427	ntype_0
3428	ntype_0
3429	ntype_1
3430	ntype_1
3431	ntype_3
3432	ntype_3
3433	ntype_2
3434	ntype_2
3435	ntype_3
3436	ntype_0
3437	ntype_0
3438	ntype_0
3439	ntype_1
3440	ntype_2
3441	ntype_1
3442	ntype_2
3443	ntype_1
3444	ntype_3
3445	ntype_1
3446	ntype_1
3447	ntype_1
3448	ntype_1
3449	ntype_2
3450	ntype_1
3451	ntype_2
3452	ntype_3
3453	ntype_2
3454	ntype_2
3455	ntype_3
3456	ntype_1
3457	ntype_2
3458	ntype_2
3459	ntype_3
3460	ntype_1
3461	ntype_0
3462	ntype_0
3463	ntype_2
3464	ntype_0
3465	ntype_3
3466	ntype_1
3467	ntype_0
3468	ntype_2
3469	ntype_1
3470	ntype_0
3471	ntype_3
3472	ntype_2
3473	ntype_2
3474	ntype_2
3475	ntype_3
3476	ntype_3
3477	ntype_1
3478	ntype_1
3479	ntype_1
3480	ntype_1
3481	ntype_2
3482	ntype_2
3483	ntype_2
3484	ntype_1
3485	ntype_3
3486	ntype_3
3487	ntype_2
3488	ntype_2
3489	ntype_3
3490	ntype_2
3491	ntype_2
3492	ntype_3
3493	ntype_2
3494	ntype_0
3495	ntype_3
3496	ntype_3
3497	ntype_2
3498	ntype_3
3499	ntype_2
3500	ntype_0
3501	ntype_1
3502	ntype_0
3503	ntype_0
3504	ntype_2
3505	ntype_3
3506	ntype_3
3507	ntype_2
3508	ntype_3
3509	ntype_3
3510	ntype_1
3511	ntype_2
3512	ntype_0
3513	ntype_2
3514	ntype_2
3515	ntype_2
3516	ntype_3
3517	ntype_2
3518	ntype_3
3519	ntype_2
3520	ntype_1
3521	ntype_0
3522	ntype_2
3523	ntype_3
3524	ntype_0
3525	ntype_1
3526	ntype_2
3527	ntype_2
3528	ntype_3
3529	ntype_0
3530	ntype_1
3531	ntype_2
3532	ntype_1
3533	ntype_2
3534	ntype_2
3535	ntype_1
3536	ntype_2
3537	ntype_3
3538	ntype_2
3539	ntype_1
3540	ntype_0
3541	ntype_1
3542	ntype_3
3543	ntype_3
3544	ntype_1
3545	ntype_1
3546	ntype_1
3547	ntype_2
3548	ntype_0
3549	ntype_3
3550	ntype_0
3551	ntype_2
3552	ntype_3
3553	ntype_3
3554	ntype_3
3555	ntype_0
3556	ntype_3
3557	ntype_3
3558	ntype_0
3559	ntype_0
3560	ntype_1
3561	ntype_1
3562	ntype_0
3563	ntype_3
3564	ntype_3
3565	ntype_2
3566	ntype_1
3567	ntype_1
3568	ntype_0
3569	ntype_0
3570	ntype_0
3571	ntype_0
3572	ntype_2
3573	ntype_3
3574	ntype_1
3575	ntype_3
3576	ntype_3
3577	ntype_1
3578	ntype_3
3579	ntype_1
3580	ntype_1
3581	ntype_2
3582	ntype_0
3583	ntype_1
3584	ntype_0
3585	ntype_3
3586	ntype_0
3587	ntype_3
3588	ntype_2
3589	ntype_0
3590	ntype_1
3591	ntype_2
3592	ntype_0
3593	ntype_2
3594	ntype_3
3595	ntype_0
3596	ntype_2
3597	ntype_2
3598	ntype_3
3599	ntype_3
3600	ntype_2
3601	ntype_0
3602	ntype_3
3603	ntype_0
3604	ntype_2
3605	ntype_2
3606	ntype_1
3607	ntype_3
3608	ntype_0
3609	ntype_0
3610	ntype_3
3611	ntype_0
3612	ntype_3
3613	ntype_1
3614	ntype_0
3615	ntype_2
3616	ntype_2
3617	ntype_3
3618	ntype_1
3619	ntype_2
3620	ntype_2
3621	ntype_1
3622	ntype_3
3623	ntype_0
3624	ntype_0
3625	ntype_3
3626	ntype_1
3627	ntype_1
3628	ntype_1
3629	ntype_1
3630	ntype_3
3631	ntype_3
3632	ntype_2
3633	ntype_2
3634	ntype_1
3635	ntype_3
3636	ntype_0
3637	ntype_1
3638	ntype_3
3639	ntype_2
3640	ntype_3
3641	ntype_1
3642	ntype_1
3643	ntype_2
3644	ntype_1
3645	ntype_1
3646	ntype_0
3647	ntype_0
3648	ntype_0
3649	ntype_3
3650	ntype_3
3651	ntype_3
3652	ntype_0
3653	ntype_2
3654	ntype_3
3655	ntype_2
3656	ntype_3
3657	ntype_1
3658	ntype_3
3659	ntype_0
3660	ntype_0
3661	ntype_1
3662	ntype_2
3663	ntype_2
3664	ntype_0
3665	ntype_2
3666	ntype_1
3667	ntype_2
3668	ntype_1
3669	ntype_3
3670	ntype_0
3671	ntype_1
3672	ntype_2
3673	ntype_2
3674	ntype_2
3675	ntype_0
3676	ntype_1
3677	ntype_0
3678	ntype_2
3679	ntype_0
3680	ntype_0
3681	ntype_1
3682	ntype_3
3683	ntype_2
3684	ntype_3
3685	ntype_3
3686	ntype_1
3687	ntype_3
3688	ntype_3
3689	ntype_2
3690	ntype_1
3691	ntype_1
3692	ntype_0
3693	ntype_1
3694	ntype_1
3695	ntype_1
3696	ntype_0
3697	ntype_0
3698	ntype_0
3699	ntype_2
3700	ntype_1
3701	ntype_1
3702	ntype_0
3703	ntype_2
3704	ntype_3
3705	ntype_2
3706	ntype_1
3707	ntype_0
3708	ntype_1
3709	ntype_3
3710	ntype_0
3711	ntype_0
3712	ntype_3
3713	ntype_3
3714	ntype_0
3715	ntype_3
3716	ntype_1
3717	ntype_0
3718	ntype_2
3719	ntype_1
3720	ntype_3
3721	ntype_1
3722	ntype_0
3723	ntype_3
3724	ntype_1
3725	ntype_1
3726	ntype_1
3727	ntype_1
3728	ntype_0
3729	ntype_2
3730	ntype_1
3731	ntype_0
3732	ntype_1
3733	ntype_2
3734	ntype_3
3735	ntype_0
3736	ntype_3
3737	ntype_3
3738	ntype_3
3739	ntype_0
3740	ntype_0
3741	ntype_1
3742	ntype_3
3743	ntype_2
3744	ntype_0
3745	ntype_2
3746	ntype_1
3747	ntype_0
3748	ntype_3
3749	ntype_0
3750	ntype_2
3751	ntype_0
3752	ntype_1
3753	ntype_1
3754	ntype_2
3755	ntype_0
3756	ntype_2
3757	ntype_0
3758	ntype_3
3759	ntype_0
3760	ntype_1
3761	ntype_0
3762	ntype_1
3763	ntype_2
3764	ntype_3
3765	ntype_2
3766	ntype_2
3767	ntype_0
3768	ntype_3
3769	ntype_1
3770	ntype_2
3771	ntype_2
3772	ntype_2
3773	ntype_3
3774	ntype_0
3775	ntype_3
3776	ntype_3
3777	ntype_2
3778	ntype_3
3779	ntype_2
3780	ntype_1
3781	ntype_2
3782	ntype_1
3783	ntype_1
3784	ntype_2
3785	ntype_0
3786	ntype_1
3787	ntype_3
3788	ntype_0
3789	ntype_0
3790	ntype_0
3791	ntype_1
3792	ntype_1
3793	ntype_1
3794	ntype_3
3795	ntype_1
3796	ntype_0
3797	ntype_2
3798	ntype_3
3799	ntype_3
3800	ntype_0
3801	ntype_2
3802	ntype_0
3803	ntype_1
3804	ntype_1
3805	ntype_3
3806	ntype_0
3807	ntype_1
3808	ntype_3
3809	ntype_2
3810	ntype_0
3811	ntype_0
3812	ntype_2
3813	ntype_0
3814	ntype_0
3815	ntype_3
3816	ntype_0
3817	ntype_3
3818	ntype_2
3819	ntype_2
3820	ntype_2
3821	ntype_1
3822	ntype_3
3823	ntype_2
3824	ntype_2
3825	ntype_1
3826	ntype_3
3827	ntype_1
3828	ntype_1
3829	ntype_2
3830	ntype_0
3831	ntype_2
3832	ntype_1
3833	ntype_0
3834	ntype_1
3835	ntype_3
3836	ntype_1
3837	ntype_0
3838	ntype_3
3839	ntype_3
3840	ntype_2
3841	ntype_2
3842	ntype_0
3843	ntype_2
3844	ntype_1
3845	ntype_1
3846	ntype_1
3847	ntype_0
3848	ntype_0
3849	ntype_0
3850	ntype_0
3851	ntype_2
3852	ntype_0
3853	ntype_0
3854	ntype_2
3855	ntype_3
3856	ntype_3
3857	ntype_2
3858	ntype_2
3859	ntype_2
3860	ntype_1
3861	ntype_3
3862	ntype_3
3863	ntype_1
3864	ntype_1
3865	ntype_2
3866	ntype_2
3867	ntype_2
3868	ntype_0
3869	ntype_1
3870	ntype_2
3871	ntype_3
3872	ntype_2
3873	ntype_3
3874	ntype_0
3875	ntype_3
3876	ntype_3
3877	ntype_0
3878	ntype_2
3879	ntype_1
3880	ntype_3
3881	ntype_3
3882	ntype_0
3883	ntype_1
3884	ntype_3
3885	ntype_2
3886	ntype_2
3887	ntype_1
3888	ntype_0
3889	ntype_2
3890	ntype_2
3891	ntype_3
3892	ntype_3
3893	ntype_3
3894	ntype_1
3895	ntype_2
3896	ntype_0
3897	ntype_0
3898	ntype_0
3899	ntype_1
3900	ntype_2
3901	ntype_0
3902	ntype_3
3903	ntype_1
3904	ntype_2
3905	ntype_3
3906	ntype_0
3907	ntype_3
3908	ntype_3
3909	ntype_0
3910	ntype_1
3911	ntype_0
3912	ntype_0
3913	ntype_0
3914	ntype_1
3915	ntype_1
3916	ntype_3
3917	ntype_2
3918	ntype_2
3919	ntype_3
3920	ntype_1
3921	ntype_0
3922	ntype_1
3923	ntype_3
3924	ntype_1
3925	ntype_3
3926	ntype_0
3927	ntype_0
3928	ntype_3
3929	ntype_0
3930	ntype_0
3931	ntype_3
3932	ntype_0
3933	ntype_2
3934	ntype_0
3935	ntype_2
3936	ntype_3
3937	ntype_2
3938	ntype_3
3939	ntype_3
3940	ntype_2
3941	ntype_1
3942	ntype_1
3943	ntype_1
3944	ntype_2
3945	ntype_1
3946	ntype_1
3947	ntype_2
3948	ntype_1
3949	ntype_3
3950	ntype_2
3951	ntype_1
3952	ntype_1
3953	ntype_2
3954	ntype_0
3955	ntype_2
3956	ntype_0
3957	ntype_2
3958	ntype_2
3959	ntype_0
3960	ntype_2
3961	ntype_1
3962	ntype_1
3963	ntype_2
3964	ntype_1
3965	ntype_1
3966	ntype_1
3967	ntype_2
3968	ntype_3
3969	ntype_3
3970	ntype_3
3971	ntype_2
3972	ntype_0
3973	ntype_0
3974	ntype_2
3975	ntype_2
3976	ntype_3
3977	ntype_3
3978	ntype_2
3979	ntype_2
3980	ntype_1
3981	ntype_0
3982	ntype_0
3983	ntype_1
3984	ntype_2
3985	ntype_3
3986	ntype_2
3987	ntype_1
3988	ntype_2
3989	ntype_2
3990	ntype_0
3991	ntype_1
3992	ntype_0
3993	ntype_1
3994	ntype_3
3995	ntype_2
3996	ntype_2
3997	ntype_1
3998	ntype_1
3999	ntype_2
4000	ntype_2
4001	ntype_1
4002	ntype_1
4003	ntype_3
4004	ntype_2
4005	ntype_3
4006	ntype_1
4007	ntype_1
4008	ntype_1
4009	ntype_0
4010	ntype_0
4011	ntype_3
4012	ntype_2
4013	ntype_0
4014	ntype_1
4015	ntype_2
4016	ntype_0
4017	ntype_2
4018	ntype_2
4019	ntype_1
4020	ntype_0
4021	ntype_1
4022	ntype_0
4023	ntype_1
4024	ntype_1
4025	ntype_1
4026	ntype_3
4027	ntype_1
4028	ntype_2
4029	ntype_2
4030	ntype_3
4031	ntype_1
4032	ntype_0
4033	ntype_0
4034	ntype_2
4035	ntype_0
4036	ntype_1
4037	ntype_3
4038	ntype_0
4039	ntype_2
4040	ntype_1
4041	ntype_0
4042	ntype_2
4043	ntype_3
4044	ntype_0
4045	ntype_3
4046	ntype_3
4047	ntype_2
4048	ntype_1
4049	ntype_3
4050	ntype_2
4051	ntype_2
4052	ntype_2
4053	ntype_0
4054	ntype_0
4055	ntype_2
4056	ntype_2
4057	ntype_2
4058	ntype_2
4059	ntype_2
4060	ntype_1
4061	ntype_0
4062	ntype_0
4063	ntype_1
4064	ntype_0
4065	ntype_3
4066	ntype_3
4067	ntype_3
4068	ntype_1
4069	ntype_0
4070	ntype_2
4071	ntype_2
4072	ntype_1
4073	ntype_2
4074	ntype_0
4075	ntype_0
4076	ntype_3
4077	ntype_3
4078	ntype_2
4079	ntype_2
4080	ntype_0
4081	ntype_3
4082	ntype_3
4083	ntype_0
4084	ntype_3
4085	ntype_0
4086	ntype_3
4087	ntype_1
4088	ntype_3
4089	ntype_1
4090	ntype_2
4091	ntype_0
4092	ntype_2
4093	ntype_1
4094	ntype_0
4095	ntype_0
4096	ntype_0
4097	ntype_2
4098	ntype_3
4099	ntype_0
4100	ntype_2
4101	ntype_0
4102	ntype_0
4103	ntype_2
4104	ntype_0
4105	ntype_2
4106	ntype_0
4107	ntype_0
4108	ntype_1
4109	ntype_0
4110	ntype_2
4111	ntype_0
4112	ntype_0
4113	ntype_3
4114	ntype_2
4115	ntype_1
4116	ntype_1
4117	ntype_1
4118	ntype_0
4119	ntype_2
4120	ntype_2
4121	ntype_1
4122	ntype_3
4123	ntype_0
4124	ntype_1
4125	ntype_2
4126	ntype_2
4127	ntype_1
4128	ntype_1
4129	ntype_0
4130	ntype_3
4131	ntype_0
4132	ntype_0
4133	ntype_1
4134	ntype_2
4135	ntype_2
4136	ntype_0
4137	ntype_3
4138	ntype_0
4139	ntype_1
4140	ntype_2
4141	ntype_0
4142	ntype_0
4143	ntype_0
4144	ntype_1
4145	ntype_2
4146	ntype_3
4147	ntype_2
4148	ntype_0
4149	ntype_3
4150	ntype_0
4151	ntype_0
4152	ntype_3
4153	ntype_3
4154	ntype_1
4155	ntype_0
4156	ntype_0
4157	ntype_1
4158	ntype_0
4159	ntype_0
4160	ntype_1
4161	ntype_1
4162	ntype_2
4163	ntype_3
4164	ntype_2
4165	ntype_0
4166	ntype_1
4167	ntype_0
4168	ntype_2
4169	ntype_1
4170	ntype_2
4171	ntype_3
4172	ntype_2
4173	ntype_1
4174	ntype_3
4175	ntype_1
4176	ntype_2
4177	ntype_3
4178	ntype_1
4179	ntype_2
4180	ntype_1
4181	ntype_2
4182	ntype_0
4183	ntype_1
4184	ntype_2
4185	ntype_3
4186	ntype_1
4187	ntype_3
4188	ntype_2
4189	ntype_0
4190	ntype_3
4191	ntype_1
4192	ntype_1
4193	ntype_0
4194	ntype_0
4195	ntype_0
4196	ntype_3
4197	ntype_0
4198	ntype_1
4199	ntype_1
4200	ntype_3
4201	ntype_1
4202	ntype_2
4203	ntype_2
4204	ntype_3
4205	ntype_1
4206	ntype_0
4207	ntype_3
4208	ntype_1
4209	ntype_3
4210	ntype_3
4211	ntype_3
4212	ntype_2
4213	ntype_0
4214	ntype_2
4215	ntype_0
4216	ntype_0
4217	ntype_1
4218	ntype_0
4219	ntype_3
4220	ntype_2
4221	ntype_3
4222	ntype_1
4223	ntype_3
4224	ntype_1
4225	ntype_0
4226	ntype_0
4227	ntype_3
4228	ntype_1
4229	ntype_1
4230	ntype_2
4231	ntype_1
4232	ntype_2
4233	ntype_2
4234	ntype_2
4235	ntype_3
4236	ntype_3
4237	ntype_3
4238	ntype_2
4239	ntype_1
4240	ntype_0
4241	ntype_0
4242	ntype_3
4243	ntype_1
4244	ntype_3
4245	ntype_3
4246	ntype_2
4247	ntype_0
4248	ntype_2
4249	ntype_1
4250	ntype_3
4251	ntype_2
4252	ntype_2
4253	ntype_0
4254	ntype_1
4255	ntype_0
4256	ntype_1
4257	ntype_0
4258	ntype_0
4259	ntype_0
4260	ntype_0
4261	ntype_2
4262	ntype_2
4263	ntype_1
4264	ntype_2
4265	ntype_0
4266	ntype_0
4267	ntype_0
4268	ntype_1
4269	ntype_1
4270	ntype_0
4271	ntype_1
4272	ntype_1
4273	ntype_2
4274	ntype_3
4275	ntype_0
4276	ntype_2
4277	ntype_2
4278	ntype_3
4279	ntype_1
4280	ntype_1
4281	ntype_1
4282	ntype_0
4283	ntype_3
4284	ntype_1
4285	ntype_1
4286	ntype_1
4287	ntype_1
4288	ntype_2
4289	ntype_2
4290	ntype_3
4291	ntype_3
4292	ntype_1
4293	ntype_2
4294	ntype_3
4295	ntype_2
4296	ntype_0
4297	ntype_0
4298	ntype_0
4299	ntype_0
4300	ntype_3
4301	ntype_0
4302	ntype_2
4303	ntype_2
4304	ntype_3
4305	ntype_1
4306	ntype_0
4307	ntype_1
4308	ntype_2
4309	ntype_2
4310	ntype_0
4311	ntype_0
4312	ntype_3
4313	ntype_1
4314	ntype_1
4315	ntype_2
4316	ntype_0
4317	ntype_3
4318	ntype_3
4319	ntype_2
4320	ntype_0
4321	ntype_1
4322	ntype_2
4323	ntype_0
4324	ntype_0
4325	ntype_2
4326	ntype_2
4327	ntype_3
4328	ntype_0
4329	ntype_0
4330	ntype_0
4331	ntype_3
4332	ntype_1
4333	ntype_1
4334	ntype_2
4335	ntype_3
4336	ntype_3
4337	ntype_0
4338	ntype_1
4339	ntype_1
4340	ntype_2
4341	ntype_0
4342	ntype_3
4343	ntype_0
4344	ntype_1
4345	ntype_0
4346	ntype_3
4347	ntype_2
4348	ntype_1
4349	ntype_2
4350	ntype_1
4351	ntype_3
4352	ntype_1
4353	ntype_0
4354	ntype_3
4355	ntype_2
4356	ntype_0
4357	ntype_0
4358	ntype_1
4359	ntype_0
4360	ntype_3
4361	ntype_2
4362	ntype_2
4363	ntype_0
4364	ntype_3
4365	ntype_1
4366	ntype_1
4367	ntype_2
4368	ntype_1
4369	ntype_2
4370	ntype_3
4371	ntype_3
4372	ntype_0
4373	ntype_1
4374	ntype_2
4375	ntype_2
4376	ntype_3
4377	ntype_2
4378	ntype_2
4379	ntype_2
4380	ntype_3
4381	ntype_2
4382	ntype_2
4383	ntype_0
4384	ntype_1
4385	ntype_1
4386	ntype_3
4387	ntype_3
4388	ntype_1
4389	ntype_3
4390	ntype_3
4391	ntype_3
4392	ntype_3
4393	ntype_3
4394	ntype_2
4395	ntype_1
4396	ntype_2
4397	ntype_3
4398	ntype_3
4399	ntype_1
4400	ntype_2
4401	ntype_2
4402	ntype_3
4403	ntype_0
4404	ntype_3
4405	ntype_0
4406	ntype_2
4407	ntype_0
4408	ntype_3
4409	ntype_2
4410	ntype_3
4411	ntype_3
4412	ntype_3
4413	ntype_3
4414	ntype_0
4415	ntype_3
4416	ntype_2
4417	ntype_0
4418	ntype_1
4419	ntype_1
4420	ntype_2
4421	ntype_2
4422	ntype_0
4423	ntype_0
4424	ntype_2
4425	ntype_1
4426	ntype_0
4427	ntype_1
4428	ntype_0
4429	ntype_1
4430	ntype_0
4431	ntype_1
4432	ntype_3
4433	ntype_2
4434	ntype_1
4435	ntype_0
4436	ntype_0
4437	ntype_1
4438	ntype_3
4439	ntype_2
4440	ntype_2
4441	ntype_1
4442	ntype_1
4443	ntype_3
4444	ntype_0
4445	ntype_1
4446	ntype_3
4447	ntype_2
4448	ntype_0
4449	ntype_1
4450	ntype_1
4451	ntype_2
4452	ntype_1
4453	ntype_1
4454	ntype_3
4455	ntype_3
4456	ntype_3
4457	ntype_3
4458	ntype_3
4459	ntype_1
4460	ntype_2
4461	ntype_2
4462	ntype_0
4463	ntype_1
4464	ntype_0
4465	ntype_0
4466	ntype_3
4467	ntype_2
4468	ntype_2
4469	ntype_1
4470	ntype_1
4471	ntype_1
4472	ntype_3
4473	ntype_3
4474	ntype_0
4475	ntype_2
4476	ntype_3
4477	ntype_2
4478	ntype_2
4479	ntype_2
4480	ntype_3
4481	ntype_0
4482	ntype_3
4483	ntype_1
4484	ntype_0
4485	ntype_2
4486	ntype_3
4487	ntype_3
4488	ntype_2
4489	ntype_0
4490	ntype_1
4491	ntype_1
4492	ntype_2
4493	ntype_0
4494	ntype_2
4495	ntype_3
4496	ntype_0
4497	ntype_3
4498	ntype_1
4499	ntype_2
4500	ntype_2
4501	ntype_3
4502	ntype_2
4503	ntype_0
4504	ntype_0
4505	ntype_3
4506	ntype_3
4507	ntype_0
4508	ntype_2
4509	ntype_1
4510	ntype_0
4511	ntype_3
4512	ntype_2
4513	ntype_3
4514	ntype_0
4515	ntype_0
4516	ntype_2
4517	ntype_2
4518	ntype_3
4519	ntype_1
4520	ntype_2
4521	ntype_2
4522	ntype_1
4523	ntype_1
4524	ntype_1
4525	ntype_2
4526	ntype_0
4527	ntype_1
4528	ntype_3
4529	ntype_2
4530	ntype_1
4531	ntype_2
4532	ntype_1
4533	ntype_0
4534	ntype_1
4535	ntype_1
4536	ntype_2
4537	ntype_2
4538	ntype_2
4539	ntype_1
4540	ntype_0
4541	ntype_0
4542	ntype_3
4543	ntype_2
4544	ntype_2
4545	ntype_0
4546	ntype_0
4547	ntype_0
4548	ntype_3
4549	ntype_2
4550	ntype_0
4551	ntype_0
4552	ntype_2
4553	ntype_0
4554	ntype_0
4555	ntype_0
4556	ntype_0
4557	ntype_1
4558	ntype_1
4559	ntype_1
4560	ntype_3
4561	ntype_0
4562	ntype_2
4563	ntype_3
4564	ntype_3
4565	ntype_2
4566	ntype_1
4567	ntype_2
4568	ntype_3
4569	ntype_1
4570	ntype_3
4571	ntype_1
4572	ntype_2
4573	ntype_1
4574	ntype_2
4575	ntype_2
4576	ntype_3
4577	ntype_3
4578	ntype_2
4579	ntype_2
4580	ntype_3
4581	ntype_2
4582	ntype_3
4583	ntype_3
4584	ntype_2
4585	ntype_0
4586	ntype_3
4587	ntype_0
4588	ntype_1
4589	ntype_1
4590	ntype_3
4591	ntype_3
4592	ntype_2
4593	ntype_3
4594	ntype_2
4595	ntype_2
4596	ntype_3
4597	ntype_3
4598	ntype_2
4599	ntype_1
4600	ntype_2
4601	ntype_1
4602	ntype_0
4603	ntype_3
4604	ntype_3
4605	ntype_2
4606	ntype_1
4607	ntype_3
4608	ntype_2
4609	ntype_0
4610	ntype_1
4611	ntype_2
4612	ntype_3
4613	ntype_2
4614	ntype_1
4615	ntype_1
4616	ntype_0
4617	ntype_3
4618	ntype_3
4619	ntype_0
4620	ntype_2
4621	ntype_0
4622	ntype_0
4623	ntype_1
4624	ntype_1
4625	ntype_1
4626	ntype_3
4627	ntype_2
4628	ntype_2
4629	ntype_0
4630	ntype_3
4631	ntype_1
4632	ntype_0
4633	ntype_2
4634	ntype_0
4635	ntype_3
4636	ntype_1
4637	ntype_1
4638	ntype_0
4639	ntype_2
4640	ntype_0
4641	ntype_3
4642	ntype_3
4643	ntype_2
4644	ntype_1
4645	ntype_0
4646	ntype_2
4647	ntype_0
4648	ntype_0
4649	ntype_3
4650	ntype_2
4651	ntype_3
4652	ntype_2
4653	ntype_2
4654	ntype_2
4655	ntype_2
4656	ntype_2
4657	ntype_0
4658	ntype_0
4659	ntype_2
4660	ntype_3
4661	ntype_1
4662	ntype_1
4663	ntype_0
4664	ntype_1
4665	ntype_1
4666	ntype_3
4667	ntype_3
4668	ntype_2
4669	ntype_3
4670	ntype_2
4671	ntype_0
4672	ntype_0
4673	ntype_1
4674	ntype_2
4675	ntype_1
4676	ntype_1
4677	ntype_3
4678	ntype_0
4679	ntype_0
4680	ntype_2
4681	ntype_0
4682	ntype_2
4683	ntype_1
4684	ntype_0
4685	ntype_3
4686	ntype_3
4687	ntype_1
4688	ntype_2
4689	ntype_0
4690	ntype_1
4691	ntype_1
4692	ntype_0
4693	ntype_3
4694	ntype_0
4695	ntype_1
4696	ntype_0
4697	ntype_1
4698	ntype_2
4699	ntype_3
4700	ntype_1
4701	ntype_1
4702	ntype_2
4703	ntype_0
4704	ntype_0
4705	ntype_2
4706	ntype_1
4707	ntype_3
4708	ntype_2
4709	ntype_0
4710	ntype_2
4711	ntype_2
4712	ntype_2
4713	ntype_3
4714	ntype_2
4715	ntype_0
4716	ntype_1
4717	ntype_2
4718	ntype_3
4719	ntype_1
4720	ntype_1
4721	ntype_1
4722	ntype_3
4723	ntype_2
4724	ntype_2
4725	ntype_2
4726	ntype_3
4727	ntype_0
4728	ntype_0
4729	ntype_0
4730	ntype_2
4731	ntype_1
4732	ntype_2
4733	ntype_0
4734	ntype_3
4735	ntype_0
4736	ntype_3
4737	ntype_3
4738	ntype_0
4739	ntype_3
4740	ntype_1
4741	ntype_2
4742	ntype_3
4743	ntype_1
4744	ntype_1
4745	ntype_0
4746	ntype_3
4747	ntype_2
4748	ntype_1
4749	ntype_0
4750	ntype_3
4751	ntype_2
4752	ntype_2
4753	ntype_2
4754	ntype_3
4755	ntype_3
4756	ntype_1
4757	ntype_0
4758	ntype_2
4759	ntype_1
4760	ntype_2
4761	ntype_2
4762	ntype_3
4763	ntype_0
4764	ntype_2
4765	ntype_0
4766	ntype_2
4767	ntype_3
4768	ntype_2
4769	ntype_0
4770	ntype_2
4771	ntype_0
4772	ntype_1
4773	ntype_3
4774	ntype_3
4775	ntype_0
4776	ntype_3
4777	ntype_1
4778	ntype_0
4779	ntype_0
4780	ntype_1
4781	ntype_0
4782	ntype_3
4783	ntype_2
4784	ntype_0
4785	ntype_2
4786	ntype_0
4787	ntype_3
4788	ntype_1
4789	ntype_2
4790	ntype_0
4791	ntype_0
4792	ntype_3
4793	ntype_1
4794	ntype_3
4795	ntype_1
4796	ntype_0
4797	ntype_2
4798	ntype_0
4799	ntype_0
4800	ntype_1
4801	ntype_1
4802	ntype_1
4803	ntype_1
4804	ntype_1
4805	ntype_0
4806	ntype_1
4807	ntype_2
4808	ntype_2
4809	ntype_3
4810	ntype_0
4811	ntype_2
4812	ntype_0
4813	ntype_1
4814	ntype_1
4815	ntype_2
4816	ntype_3
4817	ntype_0
4818	ntype_1
4819	ntype_1
4820	ntype_2
4821	ntype_0
4822	ntype_0
4823	ntype_0
4824	ntype_1
4825	ntype_0
4826	ntype_1
4827	ntype_3
4828	ntype_3
4829	ntype_1
4830	ntype_0
4831	ntype_3
4832	ntype_0
4833	ntype_1
4834	ntype_2
4835	ntype_1
4836	ntype_0
4837	ntype_1
4838	ntype_0
4839	ntype_2
4840	ntype_2
4841	ntype_3
4842	ntype_1
4843	ntype_3
4844	ntype_3
4845	ntype_3
4846	ntype_0
4847	ntype_0
4848	ntype_1
4849	ntype_3
4850	ntype_0
4851	ntype_0
4852	ntype_0
4853	ntype_3
4854	ntype_1
4855	ntype_1
4856	ntype_0
4857	ntype_2
4858	ntype_3
4859	ntype_2
4860	ntype_3
4861	ntype_1
4862	ntype_3
4863	ntype_2
4864	ntype_2
4865	ntype_1
4866	ntype_1
4867	ntype_3
4868	ntype_2
4869	ntype_2
4870	ntype_2
4871	ntype_1
4872	ntype_0
4873	ntype_3
4874	ntype_3
4875	ntype_2
4876	ntype_1
4877	ntype_0
4878	ntype_3
4879	ntype_0
4880	ntype_1
4881	ntype_2
4882	ntype_2
4883	ntype_2
4884	ntype_2
4885	ntype_3
4886	ntype_0
4887	ntype_2
4888	ntype_3
4889	ntype_1
4890	ntype_2
4891	ntype_1
4892	ntype_2
4893	ntype_2
4894	ntype_3
4895	ntype_3
4896	ntype_0
4897	ntype_1
4898	ntype_1
4899	ntype_3
4900	ntype_0
4901	ntype_1
4902	ntype_0
4903	ntype_2
4904	ntype_2
4905	ntype_3
4906	ntype_0
4907	ntype_1
4908	ntype_2
4909	ntype_1
4910	ntype_3
4911	ntype_3
4912	ntype_0
4913	ntype_3
4914	ntype_1
4915	ntype_2
4916	ntype_2
4917	ntype_3
4918	ntype_2
4919	ntype_0
4920	ntype_3
4921	ntype_3
4922	ntype_2
4923	ntype_0
4924	ntype_3
4925	ntype_3
4926	ntype_1
4927	ntype_2
4928	ntype_2
4929	ntype_1
4930	ntype_3
4931	ntype_2
4932	ntype_1
4933	ntype_3
4934	ntype_3
4935	ntype_2
4936	ntype_2
4937	ntype_0
4938	ntype_2
4939	ntype_0
4940	ntype_3
4941	ntype_1
4942	ntype_2
4943	ntype_3
4944	ntype_3
4945	ntype_2
4946	ntype_2
4947	ntype_3
4948	ntype_2
4949	ntype_3
4950	ntype_3
4951	ntype_3
4952	ntype_0
4953	ntype_2
4954	ntype_3
4955	ntype_2
4956	ntype_0
4957	ntype_2
4958	ntype_3
4959	ntype_3
4960	ntype_1
4961	ntype_2
4962	ntype_2
4963	ntype_0
4964	ntype_0
4965	ntype_1
4966	ntype_3
4967	ntype_1
4968	ntype_2
4969	ntype_0
4970	ntype_3
4971	ntype_2
4972	ntype_2
4973	ntype_3
4974	ntype_3
4975	ntype_0
4976	ntype_3
4977	ntype_3
4978	ntype_1
4979	ntype_1
4980	ntype_3
4981	ntype_2
4982	ntype_0
4983	ntype_3
4984	ntype_2
4985	ntype_0
4986	ntype_0
4987	ntype_0
4988	ntype_0
4989	ntype_3
4990	ntype_2
4991	ntype_2
4992	ntype_2
4993	ntype_1
4994	ntype_2
4995	ntype_3
4996	ntype_0
4997	ntype_0
4998	ntype_3
4999	ntype_3
5000	ntype_0
5001	ntype_2
5002	ntype_2
5003	ntype_0
5004	ntype_1
5005	ntype_2
5006	ntype_1
5007	ntype_3
5008	ntype_2
5009	ntype_1
5010	ntype_3
5011	ntype_3
5012	ntype_1
5013	ntype_3
5014	ntype_1
5015	ntype_0
5016	ntype_0
5017	ntype_3
5018	ntype_1
5019	ntype_0
5020	ntype_2
5021	ntype_1
5022	ntype_0
5023	ntype_2
5024	ntype_0
5025	ntype_3
5026	ntype_1
5027	ntype_2
5028	ntype_2
5029	ntype_1
5030	ntype_2
5031	ntype_0
5032	ntype_2
5033	ntype_2
5034	ntype_2
5035	ntype_0
5036	ntype_0
5037	ntype_3
5038	ntype_1
5039	ntype_0
5040	ntype_1
5041	ntype_0
5042	ntype_2
5043	ntype_1
5044	ntype_3
5045	ntype_0
5046	ntype_3
5047	ntype_3
5048	ntype_3
5049	ntype_1
5050	ntype_2
5051	ntype_3
5052	ntype_1
5053	ntype_0
5054	ntype_0
5055	ntype_2
5056	ntype_0
5057	ntype_0
5058	ntype_1
5059	ntype_0
5060	ntype_3
5061	ntype_3
5062	ntype_3
5063	ntype_3
5064	ntype_1
5065	ntype_0
5066	ntype_3
5067	ntype_3
5068	ntype_3
5069	ntype_2
5070	ntype_3
5071	ntype_2
5072	ntype_3
5073	ntype_3
5074	ntype_2
5075	ntype_1
5076	ntype_2
5077	ntype_2
5078	ntype_2
5079	ntype_1
5080	ntype_2
5081	ntype_3
5082	ntype_1
5083	ntype_1
5084	ntype_3
5085	ntype_1
5086	ntype_2
5087	ntype_2
5088	ntype_1
5089	ntype_2
5090	ntype_2
5091	ntype_3
5092	ntype_2
5093	ntype_1
5094	ntype_0
5095	ntype_0
5096	ntype_3
5097	ntype_3
5098	ntype_3
5099	ntype_1
5100	ntype_2
5101	ntype_3
5102	ntype_3
5103	ntype_0
5104	ntype_0
5105	ntype_3
5106	ntype_2
5107	ntype_2
5108	ntype_0
5109	ntype_2
5110	ntype_2
5111	ntype_1
5112	ntype_2
5113	ntype_1
5114	ntype_0
5115	ntype_0
5116	ntype_3
5117	ntype_3
5118	ntype_0
5119	ntype_1
5120	ntype_3
5121	ntype_2
5122	ntype_2
5123	ntype_2
5124	ntype_0
5125	ntype_1
5126	ntype_3
5127	ntype_3
5128	ntype_1
5129	ntype_2
5130	ntype_0
5131	ntype_0
5132	ntype_3
5133	ntype_3
5134	ntype_3
5135	ntype_1
5136	ntype_1
5137	ntype_0
5138	ntype_2
5139	ntype_1
5140	ntype_3
5141	ntype_0
5142	ntype_2
5143	ntype_1
5144	ntype_1
5145	ntype_1
5146	ntype_2
5147	ntype_3
5148	ntype_1
5149	ntype_0
5150	ntype_0
5151	ntype_0
5152	ntype_1
5153	ntype_3
5154	ntype_2
5155	ntype_1
5156	ntype_3
5157	ntype_1
5158	ntype_0
5159	ntype_2
5160	ntype_3
5161	ntype_1
5162	ntype_3
5163	ntype_3
5164	ntype_1
5165	ntype_2
5166	ntype_3
5167	ntype_1
5168	ntype_2
5169	ntype_1
5170	ntype_3
5171	ntype_3
5172	ntype_3
5173	ntype_1
5174	ntype_0
5175	ntype_2
5176	ntype_0
5177	ntype_3
5178	ntype_3
5179	ntype_0
5180	ntype_2
5181	ntype_0
5182	ntype_2
5183	ntype_0
5184	ntype_2
5185	ntype_1
5186	ntype_0
5187	ntype_1
5188	ntype_0
5189	ntype_1
5190	ntype_2
5191	ntype_1
5192	ntype_2
5193	ntype_3
5194	ntype_0
5195	ntype_2
5196	ntype_2
5197	ntype_3
5198	ntype_2
5199	ntype_3
5200	ntype_2
5201	ntype_1
5202	ntype_2
5203	ntype_0
5204	ntype_3
5205	ntype_1
5206	ntype_0
5207	ntype_1
5208	ntype_1
5209	ntype_2
5210	ntype_2
5211	ntype_1
5212	ntype_1
5213	ntype_1
5214	ntype_0
5215	ntype_0
5216	ntype_2
5217	ntype_3
5218	ntype_1
5219	ntype_1
5220	ntype_2
5221	ntype_1
5222	ntype_3
5223	ntype_1
5224	ntype_3
5225	ntype_2
5226	ntype_2
5227	ntype_2
5228	ntype_2
5229	ntype_2
5230	ntype_3
5231	ntype_2
5232	ntype_3
5233	ntype_2
5234	ntype_0
5235	ntype_1
5236	ntype_2
5237	ntype_1
5238	ntype_0
5239	ntype_3
5240	ntype_2
5241	ntype_1
5242	ntype_3
5243	ntype_2
5244	ntype_2
5245	ntype_0
5246	ntype_1
5247	ntype_3
5248	ntype_3
5249	ntype_0
5250	ntype_0
5251	ntype_1
5252	ntype_2
5253	ntype_3
5254	ntype_0
5255	ntype_3
5256	ntype_2
5257	ntype_0
5258	ntype_2
5259	ntype_1
5260	ntype_2
5261	ntype_1
5262	ntype_0
5263	ntype_0
5264	ntype_3
5265	ntype_2
5266	ntype_3
5267	ntype_3
5268	ntype_3
5269	ntype_1
5270	ntype_3
5271	ntype_0
5272	ntype_3
5273	ntype_3
5274	ntype_3
5275	ntype_3
5276	ntype_3
5277	ntype_2
5278	ntype_1
5279	ntype_2
5280	ntype_2
5281	ntype_0
5282	ntype_0
5283	ntype_1
5284	ntype_1
5285	ntype_0
5286	ntype_2
5287	ntype_3
5288	ntype_1
5289	ntype_0
5290	ntype_0
5291	ntype_1
5292	ntype_3
5293	ntype_2
5294	ntype_0
5295	ntype_3
5296	ntype_3
5297	ntype_0
5298	ntype_1
5299	ntype_1
5300	ntype_0
5301	ntype_1
5302	ntype_1
5303	ntype_1
5304	ntype_3
5305	ntype_1
5306	ntype_1
5307	ntype_1
5308	ntype_1
5309	ntype_0
5310	ntype_3
5311	ntype_1
5312	ntype_3
5313	ntype_0
5314	ntype_2
5315	ntype_3
5316	ntype_3
5317	ntype_0
5318	ntype_3
5319	ntype_3
5320	ntype_1
5321	ntype_0
5322	ntype_2
5323	ntype_1
5324	ntype_1
5325	ntype_0
5326	ntype_2
5327	ntype_0
5328	ntype_3
5329	ntype_3
5330	ntype_2
5331	ntype_0
5332	ntype_0
5333	ntype_0
5334	ntype_2
5335	ntype_3
5336	ntype_2
5337	ntype_0
5338	ntype_0
5339	ntype_0
5340	ntype_1
5341	ntype_1
5342	ntype_0
5343	ntype_3
5344	ntype_0
5345	ntype_0
5346	ntype_3
5347	ntype_0
5348	ntype_0
5349	ntype_2
5350	ntype_2
5351	ntype_0
5352	ntype_2
5353	ntype_0
5354	ntype_0
5355	ntype_1
5356	ntype_1
5357	ntype_3
5358	ntype_1
5359	ntype_0
5360	ntype_2
5361	ntype_3
5362	ntype_1
5363	ntype_0
5364	ntype_2
5365	ntype_3
5366	ntype_2
5367	ntype_1
5368	ntype_3
5369	ntype_2
5370	ntype_1
5371	ntype_0
5372	ntype_1
5373	ntype_1
5374	ntype_3
5375	ntype_0
5376	ntype_1
5377	ntype_2
5378	ntype_0
5379	ntype_1
5380	ntype_3
5381	ntype_3
5382	ntype_2
5383	ntype_3
5384	ntype_3
5385	ntype_1
5386	ntype_2
5387	ntype_1
5388	ntype_2
5389	ntype_3
5390	ntype_3
5391	ntype_0
5392	ntype_2
5393	ntype_0
5394	ntype_2
5395	ntype_0
5396	ntype_1
5397	ntype_3
5398	ntype_2
5399	ntype_0
5400	ntype_2
5401	ntype_1
5402	ntype_3
5403	ntype_0
5404	ntype_1
5405	ntype_1
5406	ntype_2
5407	ntype_3
5408	ntype_3
5409	ntype_1
5410	ntype_0
5411	ntype_2
5412	ntype_0
5413	ntype_3
5414	ntype_3
5415	ntype_0
5416	ntype_2
5417	ntype_2
5418	ntype_3
5419	ntype_2
5420	ntype_1
5421	ntype_3
5422	ntype_0
5423	ntype_3
5424	ntype_2
5425	ntype_3
5426	ntype_1
5427	ntype_2
5428	ntype_0
5429	ntype_3
5430	ntype_0
5431	ntype_2
5432	ntype_3
5433	ntype_3
5434	ntype_1
5435	ntype_1
5436	ntype_1
5437	ntype_3
5438	ntype_1
5439	ntype_2
5440	ntype_0
5441	ntype_0
5442	ntype_1
5443	ntype_3
5444	ntype_0
5445	ntype_1
5446	ntype_1
5447	ntype_3
5448	ntype_2
5449	ntype_2
5450	ntype_1
5451	ntype_1
5452	ntype_3
5453	ntype_3
5454	ntype_3
5455	ntype_2
5456	ntype_0
5457	ntype_1
5458	ntype_1
5459	ntype_0
5460	ntype_3
5461	ntype_3
5462	ntype_3
5463	ntype_2
5464	ntype_2
5465	ntype_1
5466	ntype_1
5467	ntype_2
5468	ntype_0
5469	ntype_0
5470	ntype_0
5471	ntype_1
5472	ntype_2
5473	ntype_1
5474	ntype_0
5475	ntype_2
5476	ntype_0
5477	ntype_0
5478	ntype_2
5479	ntype_3
5480	ntype_2
5481	ntype_1
5482	ntype_2
5483	ntype_1
5484	ntype_1
5485	ntype_1
5486	ntype_1
5487	ntype_3
5488	ntype_1
5489	ntype_2
5490	ntype_3
5491	ntype_2
5492	ntype_0
5493	ntype_0
5494	ntype_0
5495	ntype_1
5496	ntype_2
5497	ntype_2
5498	ntype_3
5499	ntype_1
5500	ntype_3
5501	ntype_2
5502	ntype_0
5503	ntype_2
5504	ntype_2
5505	ntype_0
5506	ntype_1
5507	ntype_2
5508	ntype_3
5509	ntype_1
5510	ntype_2
5511	ntype_2
5512	ntype_0
5513	ntype_0
5514	ntype_0
5515	ntype_0
5516	ntype_3
5517	ntype_0
5518	ntype_0
5519	ntype_3
5520	ntype_1
5521	ntype_0
5522	ntype_0
5523	ntype_3
5524	ntype_2
5525	ntype_2
5526	ntype_2
5527	ntype_2
5528	ntype_3
5529	ntype_3
5530	ntype_1
5531	ntype_2
5532	ntype_3
5533	ntype_0
5534	ntype_2
5535	ntype_1
5536	ntype_1
5537	ntype_3
5538	ntype_2
5539	ntype_0
5540	ntype_2
5541	ntype_0
5542	ntype_0
5543	ntype_1
5544	ntype_1
5545	ntype_1
5546	ntype_3
5547	ntype_1
5548	ntype_2
5549	ntype_0
5550	ntype_2
5551	ntype_2
5552	ntype_1
5553	ntype_3
5554	ntype_1
5555	ntype_1
5556	ntype_1
5557	ntype_2
5558	ntype_2
5559	ntype_1
5560	ntype_3
5561	ntype_1
5562	ntype_2
5563	ntype_2
5564	ntype_1
5565	ntype_2
5566	ntype_0
5567	ntype_0
5568	ntype_2
5569	ntype_1
5570	ntype_3
5571	ntype_2
5572	ntype_2
5573	ntype_3
5574	ntype_0
5575	ntype_0
5576	ntype_0
5577	ntype_0
5578	ntype_2
5579	ntype_1
5580	ntype_2
5581	ntype_1
5582	ntype_1
5583	ntype_3
5584	ntype_2
5585	ntype_0
5586	ntype_2
5587	ntype_0
5588	ntype_0
5589	ntype_2
5590	ntype_0
5591	ntype_0
5592	ntype_2
5593	ntype_0
5594	ntype_1
5595	ntype_0
5596	ntype_1
5597	ntype_2
5598	ntype_0
5599	ntype_3
5600	ntype_3
5601	ntype_3
5602	ntype_1
5603	ntype_0
5604	ntype_3
5605	ntype_2
5606	ntype_3
5607	ntype_2
5608	ntype_3
5609	ntype_3
5610	ntype_3
5611	ntype_0
5612	ntype_1
5613	ntype_0
5614	ntype_1
5615	ntype_3
5616	ntype_3
5617	ntype_2
5618	ntype_1
5619	ntype_3
5620	ntype_3
5621	ntype_0
5622	ntype_3
5623	ntype_0
5624	ntype_2
5625	ntype_0
5626	ntype_3
5627	ntype_2
5628	ntype_1
5629	ntype_0
5630	ntype_0
5631	ntype_2
5632	ntype_1
5633	ntype_0
5634	ntype_0
5635	ntype_3
5636	ntype_1
5637	ntype_1
5638	ntype_0
5639	ntype_1
5640	ntype_2
5641	ntype_0
5642	ntype_0
5643	ntype_1
5644	ntype_0
5645	ntype_3
5646	ntype_0
5647	ntype_0
5648	ntype_2
5649	ntype_1
5650	ntype_1
5651	ntype_1
5652	ntype_2
5653	ntype_0
5654	ntype_1
5655	ntype_0
5656	ntype_1
5657	ntype_3
5658	ntype_1
5659	ntype_2
5660	ntype_3
5661	ntype_1
5662	ntype_1
5663	ntype_2
5664	ntype_1
5665	ntype_2
5666	ntype_0
5667	ntype_1
5668	ntype_2
5669	ntype_1
5670	ntype_1
5671	ntype_2
5672	ntype_3
5673	ntype_1
5674	ntype_0
5675	ntype_3
5676	ntype_0
5677	ntype_1
5678	ntype_2
5679	ntype_1
5680	ntype_2
5681	ntype_3
5682	ntype_1
5683	ntype_0
5684	ntype_1
5685	ntype_1
5686	ntype_2
5687	ntype_3
5688	ntype_2
5689	ntype_0
5690	ntype_2
5691	ntype_1
5692	ntype_1
5693	ntype_2
5694	ntype_3
5695	ntype_1
5696	ntype_1
5697	ntype_2
5698	ntype_0
5699	ntype_1
5700	ntype_0
5701	ntype_2
5702	ntype_1
5703	ntype_0
5704	ntype_3
5705	ntype_2
5706	ntype_1
5707	ntype_2
5708	ntype_1
5709	ntype_2
5710	ntype_0
5711	ntype_1
5712	ntype_0
5713	ntype_3
5714	ntype_1
5715	ntype_3
5716	ntype_3
5717	ntype_2
5718	ntype_1
5719	ntype_1
5720	ntype_1
5721	ntype_0
5722	ntype_0
5723	ntype_2
5724	ntype_1
5725	ntype_1
5726	ntype_1
5727	ntype_3
5728	ntype_3
5729	ntype_2
5730	ntype_2
5731	ntype_0
5732	ntype_0
5733	ntype_3
5734	ntype_3
5735	ntype_1
5736	ntype_1
5737	ntype_0
5738	ntype_2
5739	ntype_2
5740	ntype_3
5741	ntype_1
5742	ntype_0
5743	ntype_2
5744	ntype_0
5745	ntype_3
5746	ntype_3
5747	ntype_3
5748	ntype_1
5749	ntype_1
5750	ntype_3
5751	ntype_3
5752	ntype_1
5753	ntype_1
5754	ntype_2
5755	ntype_0
5756	ntype_1
5757	ntype_2
5758	ntype_0
5759	ntype_0
5760	ntype_2
5761	ntype_1
5762	ntype_1
5763	ntype_1
5764	ntype_3
5765	ntype_2
5766	ntype_3
5767	ntype_0
5768	ntype_1
5769	ntype_3
5770	ntype_1
5771	ntype_0
5772	ntype_2
5773	ntype_1
5774	ntype_1
5775	ntype_2
5776	ntype_1
5777	ntype_3
5778	ntype_3
5779	ntype_0
5780	ntype_3
5781	ntype_0
5782	ntype_0
5783	ntype_2
5784	ntype_2
5785	ntype_0
5786	ntype_1
5787	ntype_2
5788	ntype_3
5789	ntype_2
5790	ntype_1
5791	ntype_3
5792	ntype_3
5793	ntype_2
5794	ntype_3
5795	ntype_3
5796	ntype_0
5797	ntype_2
5798	ntype_1
5799	ntype_0
5800	ntype_0
5801	ntype_1
5802	ntype_2
5803	ntype_3
5804	ntype_2
5805	ntype_2
5806	ntype_2
5807	ntype_2
5808	ntype_3
5809	ntype_3
5810	ntype_1
5811	ntype_3
5812	ntype_3
5813	ntype_0
5814	ntype_2
5815	ntype_1
5816	ntype_0
5817	ntype_3
5818	ntype_3
5819	ntype_2
5820	ntype_0
5821	ntype_0
5822	ntype_1
5823	ntype_2
5824	ntype_3
5825	ntype_3
5826	ntype_2
5827	ntype_3
5828	ntype_2
5829	ntype_3
5830	ntype_0
5831	ntype_0
5832	ntype_2
5833	ntype_2
5834	ntype_1
5835	ntype_2
5836	ntype_2
5837	ntype_1
5838	ntype_3
5839	ntype_2
5840	ntype_3
5841	ntype_3
5842	ntype_3
5843	ntype_0
5844	ntype_2
5845	ntype_3
5846	ntype_3
5847	ntype_0
5848	ntype_3
5849	ntype_0
5850	ntype_1
5851	ntype_0
5852	ntype_3
5853	ntype_1
5854	ntype_1
5855	ntype_3
5856	ntype_0
5857	ntype_3
5858	ntype_0
5859	ntype_1
5860	ntype_1
5861	ntype_2
5862	ntype_3
5863	ntype_1
5864	ntype_1
5865	ntype_0
5866	ntype_2
5867	ntype_2
5868	ntype_2
5869	ntype_2
5870	ntype_0
5871	ntype_1
5872	ntype_2
5873	ntype_0
5874	ntype_1
5875	ntype_1
5876	ntype_2
5877	ntype_1
5878	ntype_0
5879	ntype_2
5880	ntype_2
5881	ntype_2
5882	ntype_0
5883	ntype_3
5884	ntype_0
5885	ntype_1
5886	ntype_0
5887	ntype_3
5888	ntype_0
5889	ntype_0
5890	ntype_2
5891	ntype_2
5892	ntype_2
5893	ntype_1
5894	ntype_3
5895	ntype_3
5896	ntype_1
5897	ntype_2
5898	ntype_1
5899	ntype_1
5900	ntype_2
5901	ntype_1
5902	ntype_0
5903	ntype_1
5904	ntype_2
5905	ntype_0
5906	ntype_1
5907	ntype_2
5908	ntype_0
5909	ntype_1
5910	ntype_0
5911	ntype_0
5912	ntype_1
5913	ntype_3
5914	ntype_2
5915	ntype_0
5916	ntype_3
5917	ntype_2
5918	ntype_2
5919	ntype_1
5920	ntype_3
5921	ntype_2
5922	ntype_0
5923	ntype_1
5924	ntype_1
5925	ntype_2
5926	ntype_0
5927	ntype_2
5928	ntype_2
5929	ntype_0
5930	ntype_1
5931	ntype_2
5932	ntype_1
5933	ntype_2
5934	ntype_0
5935	ntype_3
5936	ntype_2
5937	ntype_2
5938	ntype_2
5939	ntype_0
5940	ntype_3
5941	ntype_3
5942	ntype_2
5943	ntype_0
5944	ntype_1
5945	ntype_2
5946	ntype_0
5947	ntype_3
5948	ntype_2
5949	ntype_1
5950	ntype_0
5951	ntype_2
5952	ntype_1
5953	ntype_1
5954	ntype_1
5955	ntype_3
5956	ntype_3
5957	ntype_1
5958	ntype_0
5959	ntype_1
5960	ntype_3
5961	ntype_1
5962	ntype_0
5963	ntype_2
5964	ntype_1
5965	ntype_1
5966	ntype_1
5967	ntype_3
5968	ntype_1
5969	ntype_1
5970	ntype_0
5971	ntype_0
5972	ntype_2
5973	ntype_0
5974	ntype_1
5975	ntype_3
5976	ntype_2
5977	ntype_1
5978	ntype_0
5979	ntype_3
5980	ntype_2
5981	ntype_3
5982	ntype_2
5983	ntype_3
5984	ntype_3
5985	ntype_0
5986	ntype_0
5987	ntype_3
5988	ntype_0
5989	ntype_2
5990	ntype_2
5991	ntype_1
5992	ntype_0
5993	ntype_1
5994	ntype_2
5995	ntype_0
5996	ntype_2
5997	ntype_1
5998	ntype_3
5999	ntype_0
6000	ntype_2
6001	ntype_3
6002	ntype_2
6003	ntype_0
6004	ntype_2
6005	ntype_0
6006	ntype_2
6007	ntype_2
6008	ntype_2
6009	ntype_2
6010	ntype_0
6011	ntype_3
6012	ntype_2
6013	ntype_3
6014	ntype_2
6015	ntype_0
6016	ntype_2
6017	ntype_0
6018	ntype_0
6019	ntype_1
6020	ntype_3
6021	ntype_0
6022	ntype_2
6023	ntype_0
6024	ntype_2
6025	ntype_1
6026	ntype_1
6027	ntype_1
6028	ntype_3
6029	ntype_2
6030	ntype_0
6031	ntype_3
6032	ntype_1
6033	ntype_3
6034	ntype_3
6035	ntype_3
6036	ntype_1
6037	ntype_3
6038	ntype_0
6039	ntype_1
6040	ntype_3
6041	ntype_1
6042	ntype_2
6043	ntype_2
6044	ntype_3
6045	ntype_1
6046	ntype_1
6047	ntype_0
6048	ntype_2
6049	ntype_3
6050	ntype_1
6051	ntype_1
6052	ntype_2
6053	ntype_2
6054	ntype_1
6055	ntype_0
6056	ntype_1
6057	ntype_3
6058	ntype_1
6059	ntype_3
6060	ntype_1
6061	ntype_0
6062	ntype_0
6063	ntype_0
6064	ntype_1
6065	ntype_2
6066	ntype_3
6067	ntype_3
6068	ntype_0
6069	ntype_3
6070	ntype_1
6071	ntype_3
6072	ntype_0
6073	ntype_3
6074	ntype_1
6075	ntype_0
6076	ntype_0
6077	ntype_1
6078	ntype_1
6079	ntype_3
6080	ntype_3
6081	ntype_1
6082	ntype_1
6083	ntype_1
6084	ntype_1
6085	ntype_1
6086	ntype_2
6087	ntype_2
6088	ntype_0
6089	ntype_3
6090	ntype_2
6091	ntype_1
6092	ntype_2
6093	ntype_0
6094	ntype_1
6095	ntype_3
6096	ntype_0
6097	ntype_3
6098	ntype_0
6099	ntype_1
6100	ntype_3
6101	ntype_2
6102	ntype_0
6103	ntype_2
6104	ntype_3
6105	ntype_3
6106	ntype_3
6107	ntype_2
6108	ntype_0
6109	ntype_2
6110	ntype_0
6111	ntype_3
6112	ntype_2
6113	ntype_2
6114	ntype_0
6115	ntype_0
6116	ntype_1
6117	ntype_1
6118	ntype_2
6119	ntype_2
6120	ntype_0
6121	ntype_2
6122	ntype_2
6123	ntype_2
6124	ntype_2
6125	ntype_2
6126	ntype_0
6127	ntype_3
6128	ntype_3
6129	ntype_3
6130	ntype_2
6131	ntype_1
6132	ntype_3
6133	ntype_1
6134	ntype_3
6135	ntype_0
6136	ntype_3
6137	ntype_3
6138	ntype_1
6139	ntype_0
6140	ntype_2
6141	ntype_1
6142	ntype_2
6143	ntype_3
6144	ntype_3
6145	ntype_0
6146	ntype_3
6147	ntype_3
6148	ntype_3
6149	ntype_1
6150	ntype_0
6151	ntype_1
6152	ntype_0
6153	ntype_2
6154	ntype_0
6155	ntype_1
6156	ntype_2
6157	ntype_2
6158	ntype_2
6159	ntype_3
6160	ntype_1
6161	ntype_1
6162	ntype_2
6163	ntype_2
6164	ntype_0
6165	ntype_1
6166	ntype_2
6167	ntype_3
6168	ntype_2
6169	ntype_0
6170	ntype_3
6171	ntype_1
6172	ntype_1
6173	ntype_2
6174	ntype_1
6175	ntype_1
6176	ntype_2
6177	ntype_1
6178	ntype_3
6179	ntype_2
6180	ntype_3
6181	ntype_2
6182	ntype_2
6183	ntype_3
6184	ntype_2
6185	ntype_0
6186	ntype_3
6187	ntype_1
6188	ntype_1
6189	ntype_1
6190	ntype_2
6191	ntype_1
6192	ntype_0
6193	ntype_0
6194	ntype_3
6195	ntype_0
6196	ntype_1
6197	ntype_3
6198	ntype_0
6199	ntype_2
6200	ntype_3
6201	ntype_1
6202	ntype_3
6203	ntype_3
6204	ntype_0
6205	ntype_3
6206	ntype_3
6207	ntype_2
6208	ntype_0
6209	ntype_1
6210	ntype_0
6211	ntype_2
6212	ntype_0
6213	ntype_2
6214	ntype_3
6215	ntype_2
6216	ntype_2
6217	ntype_2
6218	ntype_3
6219	ntype_3
6220	ntype_1
6221	ntype_2
6222	ntype_3
6223	ntype_2
6224	ntype_1
6225	ntype_0
6226	ntype_2
6227	ntype_2
6228	ntype_1
6229	ntype_3
6230	ntype_2
6231	ntype_1
6232	ntype_3
6233	ntype_2
6234	ntype_3
6235	ntype_2
6236	ntype_0
6237	ntype_0
6238	ntype_2
6239	ntype_1
6240	ntype_2
6241	ntype_2
6242	ntype_1
6243	ntype_3
6244	ntype_3
6245	ntype_0
6246	ntype_1
6247	ntype_1
6248	ntype_0
6249	ntype_0
6250	ntype_2
6251	ntype_3
6252	ntype_0
6253	ntype_0
6254	ntype_2
6255	ntype_2
6256	ntype_3
6257	ntype_0
6258	ntype_3
6259	ntype_0
6260	ntype_0
6261	ntype_0
6262	ntype_0
6263	ntype_1
6264	ntype_0
6265	ntype_1
6266	ntype_1
6267	ntype_0
6268	ntype_0
6269	ntype_2
6270	ntype_3
6271	ntype_3
6272	ntype_1
6273	ntype_0
6274	ntype_3
6275	ntype_2
6276	ntype_2
6277	ntype_3
6278	ntype_1
6279	ntype_2
6280	ntype_2
6281	ntype_1
6282	ntype_2
6283	ntype_3
6284	ntype_3
6285	ntype_0
6286	ntype_2
6287	ntype_3
6288	ntype_2
6289	ntype_2
6290	ntype_1
6291	ntype_3
6292	ntype_0
6293	ntype_2
6294	ntype_0
6295	ntype_2
6296	ntype_0
6297	ntype_2
6298	ntype_1
6299	ntype_1
6300	ntype_2
6301	ntype_2
6302	ntype_0
6303	ntype_3
6304	ntype_3
6305	ntype_1
6306	ntype_2
6307	ntype_2
6308	ntype_0
6309	ntype_3
6310	ntype_2
6311	ntype_3
6312	ntype_1
6313	ntype_2
6314	ntype_1
6315	ntype_0
6316	ntype_3
6317	ntype_1
6318	ntype_3
6319	ntype_2
6320	ntype_3
6321	ntype_3
6322	ntype_0
6323	ntype_0
6324	ntype_0
6325	ntype_0
6326	ntype_1
6327	ntype_3
6328	ntype_3
6329	ntype_0
6330	ntype_0
6331	ntype_3
6332	ntype_2
6333	ntype_1
6334	ntype_0
6335	ntype_3
6336	ntype_3
6337	ntype_2
6338	ntype_0
6339	ntype_0
6340	ntype_1
6341	ntype_1
6342	ntype_0
6343	ntype_2
6344	ntype_2
6345	ntype_2
6346	ntype_1
6347	ntype_0
6348	ntype_1
6349	ntype_1
6350	ntype_2
6351	ntype_1
6352	ntype_2
6353	ntype_0
6354	ntype_1
6355	ntype_0
6356	ntype_1
6357	ntype_0
6358	ntype_2
6359	ntype_0
6360	ntype_0
6361	ntype_1
6362	ntype_3
6363	ntype_3
6364	ntype_3
6365	ntype_3
6366	ntype_0
6367	ntype_3
6368	ntype_3
6369	ntype_1
6370	ntype_0
6371	ntype_3
6372	ntype_0
6373	ntype_3
6374	ntype_3
6375	ntype_3
6376	ntype_3
6377	ntype_0
6378	ntype_0
6379	ntype_0
6380	ntype_3
6381	ntype_2
6382	ntype_0
6383	ntype_2
6384	ntype_0
6385	ntype_1
6386	ntype_2
6387	ntype_1
6388	ntype_2
6389	ntype_3
6390	ntype_3
6391	ntype_0
6392	ntype_0
6393	ntype_2
6394	ntype_1
6395	ntype_1
6396	ntype_0
6397	ntype_0
6398	ntype_1
6399	ntype_0
6400	ntype_1
6401	ntype_0
6402	ntype_2
6403	ntype_3
6404	ntype_3
6405	ntype_3
6406	ntype_3
6407	ntype_3
6408	ntype_3
6409	ntype_3
6410	ntype_3
6411	ntype_1
6412	ntype_1
6413	ntype_2
6414	ntype_1
6415	ntype_2
6416	ntype_0
6417	ntype_1
6418	ntype_0
6419	ntype_1
6420	ntype_0
6421	ntype_0
6422	ntype_3
6423	ntype_2
6424	ntype_2
6425	ntype_3
6426	ntype_3
6427	ntype_3
6428	ntype_2
6429	ntype_3
6430	ntype_3
6431	ntype_0
6432	ntype_0
6433	ntype_2
6434	ntype_2
6435	ntype_2
6436	ntype_1
6437	ntype_0
6438	ntype_0
6439	ntype_2
6440	ntype_3
6441	ntype_2
6442	ntype_1
6443	ntype_0
6444	ntype_0
6445	ntype_1
6446	ntype_3
6447	ntype_0
6448	ntype_2
6449	ntype_2
6450	ntype_3
6451	ntype_3
6452	ntype_0
6453	ntype_2
6454	ntype_3
6455	ntype_2
6456	ntype_1
6457	ntype_1
6458	ntype_2
6459	ntype_3
6460	ntype_0
6461	ntype_2
6462	ntype_2
6463	ntype_2
6464	ntype_3
6465	ntype_3
6466	ntype_3
6467	ntype_1
6468	ntype_0
6469	ntype_2
6470	ntype_0
6471	ntype_3
6472	ntype_3
6473	ntype_2
6474	ntype_2
6475	ntype_2
6476	ntype_2
6477	ntype_1
6478	ntype_3
6479	ntype_0
6480	ntype_0
6481	ntype_1
6482	ntype_1
6483	ntype_0
6484	ntype_0
6485	ntype_3
6486	ntype_1
6487	ntype_2
6488	ntype_0
6489	ntype_0
6490	ntype_3
6491	ntype_2
6492	ntype_0
6493	ntype_1
6494	ntype_1
6495	ntype_3
6496	ntype_3
6497	ntype_0
6498	ntype_0
6499	ntype_2
6500	ntype_1
6501	ntype_0
6502	ntype_2
6503	ntype_1
6504	ntype_0
6505	ntype_0
6506	ntype_2
6507	ntype_0
6508	ntype_3
6509	ntype_3
6510	ntype_0
6511	ntype_0
6512	ntype_2
6513	ntype_0
6514	ntype_1
6515	ntype_0
6516	ntype_0
6517	ntype_1
6518	ntype_1
6519	ntype_0
6520	ntype_3
6521	ntype_3
6522	ntype_2
6523	ntype_1
6524	ntype_0
6525	ntype_0
6526	ntype_1
6527	ntype_1
6528	ntype_1
6529	ntype_0
6530	ntype_0
6531	ntype_1
6532	ntype_2
6533	ntype_2
6534	ntype_3
6535	ntype_1
6536	ntype_1
6537	ntype_1
6538	ntype_3
6539	ntype_1
6540	ntype_0
6541	ntype_0
6542	ntype_3
6543	ntype_2
6544	ntype_0
6545	ntype_3
6546	ntype_1
6547	ntype_2
6548	ntype_1
6549	ntype_0
6550	ntype_1
6551	ntype_0
6552	ntype_1
6553	ntype_2
6554	ntype_0
6555	ntype_1
6556	ntype_0
6557	ntype_2
6558	ntype_3
6559	ntype_1
6560	ntype_2
6561	ntype_3
6562	ntype_0
6563	ntype_0
6564	ntype_1
6565	ntype_3
6566	ntype_1
6567	ntype_0
6568	ntype_0
6569	ntype_1
6570	ntype_1
6571	ntype_3
6572	ntype_3
6573	ntype_2
6574	ntype_1
6575	ntype_0
6576	ntype_0
6577	ntype_3
6578	ntype_2
6579	ntype_0
6580	ntype_2
6581	ntype_2
6582	ntype_3
6583	ntype_2
6584	ntype_1
6585	ntype_1
6586	ntype_1
6587	ntype_0
6588	ntype_2
6589	ntype_3
6590	ntype_1
6591	ntype_2
6592	ntype_2
6593	ntype_2
6594	ntype_2
6595	ntype_3
6596	ntype_3
6597	ntype_2
6598	ntype_2
6599	ntype_2
6600	ntype_1
6601	ntype_2
6602	ntype_1
6603	ntype_2
6604	ntype_3
6605	ntype_2
6606	ntype_1
6607	ntype_1
6608	ntype_2
6609	ntype_3
6610	ntype_3
6611	ntype_0
6612	ntype_3
6613	ntype_2
6614	ntype_2
6615	ntype_3
6616	ntype_2
6617	ntype_3
6618	ntype_1
6619	ntype_1
6620	ntype_1
6621	ntype_2
6622	ntype_0
6623	ntype_1
6624	ntype_3
6625	ntype_3
6626	ntype_0
6627	ntype_1
6628	ntype_1
6629	ntype_3
6630	ntype_3
6631	ntype_1
6632	ntype_3
6633	ntype_1
6634	ntype_0
6635	ntype_2
6636	ntype_2
6637	ntype_3
6638	ntype_0
6639	ntype_0
6640	ntype_2
6641	ntype_2
6642	ntype_1
6643	ntype_1
6644	ntype_0
6645	ntype_0
6646	ntype_1
6647	ntype_2
6648	ntype_0
6649	ntype_2
6650	ntype_2
6651	ntype_1
6652	ntype_3
6653	ntype_1
6654	ntype_0
6655	ntype_1
6656	ntype_1
6657	ntype_0
6658	ntype_2
6659	ntype_1
6660	ntype_1
6661	ntype_3
6662	ntype_0
6663	ntype_3
6664	ntype_2
6665	ntype_1
6666	ntype_2
6667	ntype_0
6668	ntype_3
6669	ntype_1
6670	ntype_2
6671	ntype_1
6672	ntype_3
6673	ntype_1
6674	ntype_2
6675	ntype_3
6676	ntype_2
6677	ntype_0
6678	ntype_0
6679	ntype_1
6680	ntype_2
6681	ntype_1
6682	ntype_0
6683	ntype_3
6684	ntype_2
6685	ntype_3
6686	ntype_3
6687	ntype_2
6688	ntype_0
6689	ntype_3
6690	ntype_2
6691	ntype_2
6692	ntype_1
6693	ntype_2
6694	ntype_3
6695	ntype_2
6696	ntype_2
6697	ntype_2
6698	ntype_3
6699	ntype_0
6700	ntype_3
6701	ntype_0
6702	ntype_1
6703	ntype_0
6704	ntype_2
6705	ntype_0
6706	ntype_2
6707	ntype_2
6708	ntype_3
6709	ntype_2
6710	ntype_1
6711	ntype_1
6712	ntype_3
6713	ntype_2
6714	ntype_2
6715	ntype_0
6716	ntype_1
6717	ntype_3
6718	ntype_2
6719	ntype_0
6720	ntype_3
6721	ntype_0
6722	ntype_2
6723	ntype_3
6724	ntype_2
6725	ntype_2
6726	ntype_2
6727	ntype_1
6728	ntype_0
6729	ntype_3
6730	ntype_3
6731	ntype_0
6732	ntype_0
6733	ntype_3
6734	ntype_3
6735	ntype_1
6736	ntype_2
6737	ntype_1
6738	ntype_0
6739	ntype_1
6740	ntype_3
6741	ntype_0
6742	ntype_2
6743	ntype_3
6744	ntype_3
6745	ntype_3
6746	ntype_0
6747	ntype_1
6748	ntype_0
6749	ntype_2
6750	ntype_0
6751	ntype_2
6752	ntype_0
6753	ntype_2
6754	ntype_3
6755	ntype_2
6756	ntype_3
6757	ntype_2
6758	ntype_1
6759	ntype_1
6760	ntype_3
6761	ntype_1
6762	ntype_2
6763	ntype_0
6764	ntype_3
6765	ntype_2
6766	ntype_3
6767	ntype_2
6768	ntype_1
6769	ntype_0
6770	ntype_0
6771	ntype_3
6772	ntype_0
6773	ntype_3
6774	ntype_0
6775	ntype_3
6776	ntype_2
6777	ntype_2
6778	ntype_1
6779	ntype_2
6780	ntype_0
6781	ntype_0
6782	ntype_3
6783	ntype_3
6784	ntype_1
6785	ntype_0
6786	ntype_0
6787	ntype_2
6788	ntype_0
6789	ntype_2
6790	ntype_3
6791	ntype_2
6792	ntype_1
6793	ntype_3
6794	ntype_2
6795	ntype_3
6796	ntype_1
6797	ntype_3
6798	ntype_2
6799	ntype_1
6800	ntype_3
6801	ntype_1
6802	ntype_2
6803	ntype_1
6804	ntype_3
6805	ntype_3
6806	ntype_1
6807	ntype_2
6808	ntype_2
6809	ntype_2
6810	ntype_3
6811	ntype_1
6812	ntype_1
6813	ntype_2
6814	ntype_3
6815	ntype_0
6816	ntype_1
6817	ntype_0
6818	ntype_3
6819	ntype_2
6820	ntype_0
6821	ntype_3
6822	ntype_1
6823	ntype_2
6824	ntype_1
6825	ntype_3
6826	ntype_2
6827	ntype_0
6828	ntype_2
6829	ntype_3
6830	ntype_1
6831	ntype_1
6832	ntype_2
6833	ntype_0
6834	ntype_2
6835	ntype_1
6836	ntype_0
6837	ntype_0
6838	ntype_2
6839	ntype_0
6840	ntype_0
6841	ntype_0
6842	ntype_3
6843	ntype_0
6844	ntype_1
6845	ntype_1
6846	ntype_0
6847	ntype_1
6848	ntype_1
6849	ntype_3
6850	ntype_1
6851	ntype_3
6852	ntype_3
6853	ntype_2
6854	ntype_2
6855	ntype_0
6856	ntype_2
6857	ntype_2
6858	ntype_3
6859	ntype_0
6860	ntype_3
6861	ntype_2
6862	ntype_0
6863	ntype_1
6864	ntype_3
6865	ntype_0
6866	ntype_1
6867	ntype_2
6868	ntype_2
6869	ntype_0
6870	ntype_3
6871	ntype_1
6872	ntype_1
6873	ntype_1
6874	ntype_3
6875	ntype_1
6876	ntype_2
6877	ntype_1
6878	ntype_1
6879	ntype_2
6880	ntype_0
6881	ntype_1
6882	ntype_2
6883	ntype_0
6884	ntype_2
6885	ntype_2
6886	ntype_1
6887	ntype_0
6888	ntype_0
6889	ntype_0
6890	ntype_3
6891	ntype_3
6892	ntype_3
6893	ntype_1
6894	ntype_2
6895	ntype_3
6896	ntype_2
6897	ntype_2
6898	ntype_3
6899	ntype_3
6900	ntype_0
6901	ntype_0
6902	ntype_3
6903	ntype_1
6904	ntype_2
6905	ntype_2
6906	ntype_0
6907	ntype_3
6908	ntype_2
6909	ntype_2
6910	ntype_2
6911	ntype_0
6912	ntype_3
6913	ntype_0
6914	ntype_1
6915	ntype_1
6916	ntype_2
6917	ntype_1
6918	ntype_2
6919	ntype_0
6920	ntype_3
6921	ntype_1
6922	ntype_3
6923	ntype_1
6924	ntype_0
6925	ntype_2
6926	ntype_1
6927	ntype_0
6928	ntype_0
6929	ntype_2
6930	ntype_1
6931	ntype_3
6932	ntype_2
6933	ntype_1
6934	ntype_2
6935	ntype_0
6936	ntype_0
6937	ntype_0
6938	ntype_3
6939	ntype_0
6940	ntype_0
6941	ntype_3
6942	ntype_2
6943	ntype_2
6944	ntype_1
6945	ntype_1
6946	ntype_2
6947	ntype_1
6948	ntype_1
6949	ntype_3
6950	ntype_3
6951	ntype_1
6952	ntype_3
6953	ntype_2
6954	ntype_0
6955	ntype_2
6956	ntype_2
6957	ntype_0
6958	ntype_2
6959	ntype_0
6960	ntype_2
6961	ntype_2
6962	ntype_1
6963	ntype_0
6964	ntype_2
6965	ntype_0
6966	ntype_2
6967	ntype_3
6968	ntype_1
6969	ntype_3
6970	ntype_0
6971	ntype_1
6972	ntype_1
6973	ntype_3
6974	ntype_3
6975	ntype_0
6976	ntype_3
6977	ntype_3
6978	ntype_3
6979	ntype_0
6980	ntype_1
6981	ntype_0
6982	ntype_0
6983	ntype_1
6984	ntype_1
6985	ntype_0
6986	ntype_1
6987	ntype_1
6988	ntype_0
6989	ntype_2
6990	ntype_2
6991	ntype_0
6992	ntype_2
6993	ntype_3
6994	ntype_1
6995	ntype_0
6996	ntype_1
6997	ntype_1
6998	ntype_0
6999	ntype_0
7000	ntype_3
7001	ntype_3
7002	ntype_3
7003	ntype_0
7004	ntype_0
7005	ntype_2
7006	ntype_0
7007	ntype_2
7008	ntype_3
7009	ntype_3
7010	ntype_2
7011	ntype_0
7012	ntype_2
7013	ntype_2
7014	ntype_1
7015	ntype_1
7016	ntype_0
7017	ntype_1
7018	ntype_0
7019	ntype_0
7020	ntype_3
7021	ntype_0
7022	ntype_1
7023	ntype_0
7024	ntype_2
7025	ntype_3
7026	ntype_0
7027	ntype_0
7028	ntype_0
7029	ntype_1
7030	ntype_1
7031	ntype_1
7032	ntype_1
7033	ntype_1
7034	ntype_0
7035	ntype_0
7036	ntype_3
7037	ntype_2
7038	ntype_3
7039	ntype_1
7040	ntype_3
7041	ntype_3
7042	ntype_3
7043	ntype_1
7044	ntype_3
7045	ntype_0
7046	ntype_0
7047	ntype_0
7048	ntype_1
7049	ntype_0
7050	ntype_2
7051	ntype_0
7052	ntype_1
7053	ntype_3
7054	ntype_3
7055	ntype_2
7056	ntype_3
7057	ntype_2
7058	ntype_3
7059	ntype_1
7060	ntype_0
7061	ntype_1
7062	ntype_1
7063	ntype_3
7064	ntype_2
7065	ntype_1
7066	ntype_1
7067	ntype_2
7068	ntype_0
7069	ntype_2
7070	ntype_2
7071	ntype_1
7072	ntype_0
7073	ntype_3
7074	ntype_1
7075	ntype_3
7076	ntype_3
7077	ntype_0
7078	ntype_1
7079	ntype_0
7080	ntype_2
7081	ntype_0
7082	ntype_1
7083	ntype_0
7084	ntype_2
7085	ntype_3
7086	ntype_1
7087	ntype_0
7088	ntype_2
7089	ntype_3
7090	ntype_1
7091	ntype_0
7092	ntype_0
7093	ntype_0
7094	ntype_0
7095	ntype_1
7096	ntype_2
7097	ntype_2
7098	ntype_1
7099	ntype_3
7100	ntype_1
7101	ntype_2
7102	ntype_3
7103	ntype_3
7104	ntype_1
7105	ntype_3
7106	ntype_0
7107	ntype_1
7108	ntype_2
7109	ntype_3
7110	ntype_1
7111	ntype_2
7112	ntype_2
7113	ntype_1
7114	ntype_3
7115	ntype_3
7116	ntype_2
7117	ntype_2
7118	ntype_2
7119	ntype_3
7120	ntype_3
7121	ntype_0
7122	ntype_0
7123	ntype_0
7124	ntype_2
7125	ntype_3
7126	ntype_2
7127	ntype_2
7128	ntype_0
7129	ntype_0
7130	ntype_2
7131	ntype_0
7132	ntype_2
7133	ntype_0
7134	ntype_3
7135	ntype_0
7136	ntype_2
7137	ntype_0
7138	ntype_2
7139	ntype_3
7140	ntype_3
7141	ntype_3
7142	ntype_3
7143	ntype_1
7144	ntype_0
7145	ntype_2
7146	ntype_0
7147	ntype_0
7148	ntype_1
7149	ntype_2
7150	ntype_3
7151	ntype_2
7152	ntype_3
7153	ntype_1
7154	ntype_0
7155	ntype_2
7156	ntype_1
7157	ntype_0
7158	ntype_0
7159	ntype_1
7160	ntype_0
7161	ntype_3
7162	ntype_3
7163	ntype_2
7164	ntype_0
7165	ntype_1
7166	ntype_3
7167	ntype_3
7168	ntype_0
7169	ntype_3
7170	ntype_0
7171	ntype_3
7172	ntype_2
7173	ntype_3
7174	ntype_1
7175	ntype_2
7176	ntype_2
7177	ntype_0
7178	ntype_2
7179	ntype_1
7180	ntype_1
7181	ntype_0
7182	ntype_1
7183	ntype_3
7184	ntype_0
7185	ntype_0
7186	ntype_3
7187	ntype_2
7188	ntype_2
7189	ntype_3
7190	ntype_2
7191	ntype_1
7192	ntype_1
7193	ntype_1
7194	ntype_2
7195	ntype_0
7196	ntype_1
7197	ntype_3
7198	ntype_2
7199	ntype_3
7200	ntype_3
7201	ntype_1
7202	ntype_3
7203	ntype_3
7204	ntype_0
7205	ntype_2
7206	ntype_3
7207	ntype_2
7208	ntype_1
7209	ntype_1
7210	ntype_0
7211	ntype_3
7212	ntype_1
7213	ntype_1
7214	ntype_3
7215	ntype_2
7216	ntype_1
7217	ntype_1
7218	ntype_1
7219	ntype_3
7220	ntype_3
7221	ntype_1
7222	ntype_1
7223	ntype_2
7224	ntype_2
7225	ntype_0
7226	ntype_0
7227	ntype_3
7228	ntype_1
7229	ntype_2
7230	ntype_1
7231	ntype_3
7232	ntype_2
7233	ntype_2
7234	ntype_3
7235	ntype_0
7236	ntype_3
7237	ntype_0
7238	ntype_3
7239	ntype_2
7240	ntype_1
7241	ntype_1
7242	ntype_2
7243	ntype_3
7244	ntype_1
7245	ntype_0
7246	ntype_3
7247	ntype_0
7248	ntype_0
7249	ntype_0
7250	ntype_1
7251	ntype_0
7252	ntype_3
7253	ntype_1
7254	ntype_1
7255	ntype_3
7256	ntype_1
7257	ntype_0
7258	ntype_3
7259	ntype_2
7260	ntype_1
7261	ntype_0
7262	ntype_3
7263	ntype_0
7264	ntype_0
7265	ntype_1
7266	ntype_2
7267	ntype_0
7268	ntype_3
7269	ntype_2
7270	ntype_1
7271	ntype_1
7272	ntype_1
7273	ntype_1
7274	ntype_3
7275	ntype_0
7276	ntype_2
7277	ntype_0
7278	ntype_2
7279	ntype_3
7280	ntype_2
7281	ntype_2
7282	ntype_1
7283	ntype_3
7284	ntype_2
7285	ntype_3
7286	ntype_1
7287	ntype_2
7288	ntype_2
7289	ntype_2
7290	ntype_3
7291	ntype_3
7292	ntype_3
7293	ntype_3
7294	ntype_1
7295	ntype_2
7296	ntype_3
7297	ntype_3
7298	ntype_2
7299	ntype_0
7300	ntype_2
7301	ntype_3
7302	ntype_0
7303	ntype_3
7304	ntype_3
7305	ntype_1
7306	ntype_3
7307	ntype_2
7308	ntype_1
7309	ntype_2
7310	ntype_3
7311	ntype_1
7312	ntype_2
7313	ntype_3
7314	ntype_1
7315	ntype_2
7316	ntype_1
7317	ntype_3
7318	ntype_0
7319	ntype_2
7320	ntype_0
7321	ntype_1
7322	ntype_0
7323	ntype_1
7324	ntype_1
7325	ntype_2
7326	ntype_0
7327	ntype_3
7328	ntype_2
7329	ntype_3
7330	ntype_3
7331	ntype_1
7332	ntype_3
7333	ntype_1
7334	ntype_3
7335	ntype_2
7336	ntype_2
7337	ntype_2
7338	ntype_2
7339	ntype_2
7340	ntype_2
7341	ntype_0
7342	ntype_1
7343	ntype_2
7344	ntype_0
7345	ntype_0
7346	ntype_1
7347	ntype_3
7348	ntype_0
7349	ntype_3
7350	ntype_2
7351	ntype_1
7352	ntype_2
7353	ntype_1
7354	ntype_1
7355	ntype_1
7356	ntype_1
7357	ntype_3
7358	ntype_1
7359	ntype_0
7360	ntype_3
7361	ntype_0
7362	ntype_1
7363	ntype_3
7364	ntype_1
7365	ntype_2
7366	ntype_3
7367	ntype_0
7368	ntype_3
7369	ntype_0
7370	ntype_1
7371	ntype_2
7372	ntype_0
7373	ntype_3
7374	ntype_0
7375	ntype_1
7376	ntype_1
7377	ntype_3
7378	ntype_1
7379	ntype_1
7380	ntype_1
7381	ntype_1
7382	ntype_3
7383	ntype_2
7384	ntype_3
7385	ntype_0
7386	ntype_2
7387	ntype_3
7388	ntype_0
7389	ntype_2
7390	ntype_2
7391	ntype_1
7392	ntype_0
7393	ntype_3
7394	ntype_2
7395	ntype_3
7396	ntype_2
7397	ntype_0
7398	ntype_2
7399	ntype_2
7400	ntype_1
7401	ntype_3
7402	ntype_1
7403	ntype_1
7404	ntype_0
7405	ntype_0
7406	ntype_3
7407	ntype_0
7408	ntype_3
7409	ntype_1
7410	ntype_1
7411	ntype_1
7412	ntype_1
7413	ntype_1
7414	ntype_3
7415	ntype_2
7416	ntype_0
7417	ntype_0
7418	ntype_1
7419	ntype_3
7420	ntype_0
7421	ntype_2
7422	ntype_1
7423	ntype_1
7424	ntype_1
7425	ntype_0
7426	ntype_3
7427	ntype_2
7428	ntype_3
7429	ntype_2
7430	ntype_0
7431	ntype_0
7432	ntype_3
7433	ntype_3
7434	ntype_3
7435	ntype_3
7436	ntype_0
7437	ntype_1
7438	ntype_0
7439	ntype_0
7440	ntype_2
7441	ntype_2
7442	ntype_3
7443	ntype_1
7444	ntype_2
7445	ntype_1
7446	ntype_2
7447	ntype_1
7448	ntype_3
7449	ntype_3
7450	ntype_3
7451	ntype_2
7452	ntype_2
7453	ntype_1
7454	ntype_0
7455	ntype_0
7456	ntype_3
7457	ntype_0
7458	ntype_2
7459	ntype_0
7460	ntype_1
7461	ntype_2
7462	ntype_3
7463	ntype_3
7464	ntype_3
7465	ntype_3
7466	ntype_3
7467	ntype_2
7468	ntype_1
7469	ntype_2
7470	ntype_1
7471	ntype_2
7472	ntype_1
7473	ntype_2
7474	ntype_0
7475	ntype_1
7476	ntype_0
7477	ntype_2
7478	ntype_1
7479	ntype_2
7480	ntype_3
7481	ntype_3
7482	ntype_3
7483	ntype_1
7484	ntype_2
7485	ntype_2
7486	ntype_3
7487	ntype_1
7488	ntype_3
7489	ntype_0
7490	ntype_2
7491	ntype_2
7492	ntype_2
7493	ntype_2
7494	ntype_3
7495	ntype_3
7496	ntype_1
7497	ntype_1
7498	ntype_3
7499	ntype_3
7500	ntype_2
7501	ntype_1
7502	ntype_3
7503	ntype_3
7504	ntype_0
7505	ntype_3
7506	ntype_1
7507	ntype_1
7508	ntype_1
7509	ntype_0
7510	ntype_2
7511	ntype_1
7512	ntype_1
7513	ntype_3
7514	ntype_2
7515	ntype_2
7516	ntype_2
7517	ntype_2
7518	ntype_0
7519	ntype_2
7520	ntype_2
7521	ntype_1
7522	ntype_3
7523	ntype_2
7524	ntype_0
7525	ntype_2
7526	ntype_2
7527	ntype_2
7528	ntype_1
7529	ntype_3
7530	ntype_0
7531	ntype_1
7532	ntype_2
7533	ntype_2
7534	ntype_0
7535	ntype_3
7536	ntype_2
7537	ntype_1
7538	ntype_3
7539	ntype_1
7540	ntype_1
7541	ntype_3
7542	ntype_0
7543	ntype_1
7544	ntype_3
7545	ntype_1
7546	ntype_2
7547	ntype_1
7548	ntype_1
7549	ntype_0
7550	ntype_3
7551	ntype_0
7552	ntype_3
7553	ntype_0
7554	ntype_1
7555	ntype_1
7556	ntype_1
7557	ntype_2
7558	ntype_2
7559	ntype_0
7560	ntype_1
7561	ntype_2
7562	ntype_1
7563	ntype_0
7564	ntype_2
7565	ntype_1
7566	ntype_1
7567	ntype_1
7568	ntype_1
7569	ntype_0
7570	ntype_2
7571	ntype_3
7572	ntype_2
7573	ntype_0
7574	ntype_2
7575	ntype_1
7576	ntype_1
7577	ntype_3
7578	ntype_1
7579	ntype_3
7580	ntype_1
7581	ntype_1
7582	ntype_0
7583	ntype_2
7584	ntype_3
7585	ntype_1
7586	ntype_3
7587	ntype_0
7588	ntype_0
7589	ntype_0
7590	ntype_0
7591	ntype_2
7592	ntype_1
7593	ntype_2
7594	ntype_1
7595	ntype_0
7596	ntype_0
7597	ntype_0
7598	ntype_1
7599	ntype_2
7600	ntype_2
7601	ntype_1
7602	ntype_1
7603	ntype_0
7604	ntype_3
7605	ntype_0
7606	ntype_2
7607	ntype_3
7608	ntype_3
7609	ntype_3
7610	ntype_2
7611	ntype_2
7612	ntype_1
7613	ntype_2
7614	ntype_2
7615	ntype_0
7616	ntype_2
7617	ntype_2
7618	ntype_0
7619	ntype_2
7620	ntype_3
7621	ntype_3
7622	ntype_0
7623	ntype_2
7624	ntype_1
7625	ntype_1
7626	ntype_0
7627	ntype_1
7628	ntype_0
7629	ntype_0
7630	ntype_2
7631	ntype_2
7632	ntype_0
7633	ntype_0
7634	ntype_3
7635	ntype_1
7636	ntype_2
7637	ntype_0
7638	ntype_2
7639	ntype_1
7640	ntype_0
7641	ntype_1
7642	ntype_1
7643	ntype_3
7644	ntype_2
7645	ntype_2
7646	ntype_1
7647	ntype_1
7648	ntype_1
7649	ntype_2
7650	ntype_2
7651	ntype_3
7652	ntype_2
7653	ntype_3
7654	ntype_2
7655	ntype_3
7656	ntype_1
7657	ntype_1
7658	ntype_3
7659	ntype_2
7660	ntype_0
7661	ntype_1
7662	ntype_0
7663	ntype_0
7664	ntype_0
7665	ntype_2
7666	ntype_2
7667	ntype_3
7668	ntype_3
7669	ntype_1
7670	ntype_1
7671	ntype_3
7672	ntype_1
7673	ntype_0
7674	ntype_2
7675	ntype_1
7676	ntype_3
7677	ntype_0
7678	ntype_0
7679	ntype_1
7680	ntype_3
7681	ntype_1
7682	ntype_0
7683	ntype_2
7684	ntype_1
7685	ntype_2
7686	ntype_2
7687	ntype_1
7688	ntype_3
7689	ntype_1
7690	ntype_1
7691	ntype_3
7692	ntype_2
7693	ntype_2
7694	ntype_0
7695	ntype_2
7696	ntype_1
7697	ntype_3
7698	ntype_0
7699	ntype_2
7700	ntype_2
7701	ntype_0
7702	ntype_0
7703	ntype_0
7704	ntype_2
7705	ntype_3
7706	ntype_2
7707	ntype_2
7708	ntype_0
7709	ntype_1
7710	ntype_1
7711	ntype_2
7712	ntype_3
7713	ntype_3
7714	ntype_0
7715	ntype_1
7716	ntype_0
7717	ntype_3
7718	ntype_2
7719	ntype_2
7720	ntype_3
7721	ntype_3
7722	ntype_0
7723	ntype_0
7724	ntype_2
7725	ntype_0
7726	ntype_3
7727	ntype_3
7728	ntype_2
7729	ntype_1
7730	ntype_3
7731	ntype_0
7732	ntype_0
7733	ntype_3
7734	ntype_1
7735	ntype_1
7736	ntype_1
7737	ntype_1
7738	ntype_2
7739	ntype_1
7740	ntype_3
7741	ntype_2
7742	ntype_2
7743	ntype_3
7744	ntype_0
7745	ntype_2
7746	ntype_3
7747	ntype_3
7748	ntype_1
7749	ntype_3
7750	ntype_1
7751	ntype_1
7752	ntype_3
7753	ntype_0
7754	ntype_1
7755	ntype_3
7756	ntype_0
7757	ntype_1
7758	ntype_1
7759	ntype_0
7760	ntype_2
7761	ntype_0
7762	ntype_2
7763	ntype_3
7764	ntype_2
7765	ntype_3
7766	ntype_2
7767	ntype_1
7768	ntype_0
7769	ntype_2
7770	ntype_0
7771	ntype_1
7772	ntype_1
7773	ntype_2
7774	ntype_2
7775	ntype_3
7776	ntype_1
7777	ntype_1
7778	ntype_2
7779	ntype_2
7780	ntype_1
7781	ntype_2
7782	ntype_1
7783	ntype_3
7784	ntype_1
7785	ntype_1
7786	ntype_3
7787	ntype_1
7788	ntype_1
7789	ntype_3
7790	ntype_0
7791	ntype_1
7792	ntype_0
7793	ntype_2
7794	ntype_0
7795	ntype_3
7796	ntype_0
7797	ntype_2
7798	ntype_0
7799	ntype_0
7800	ntype_2
7801	ntype_3
7802	ntype_3
7803	ntype_3
7804	ntype_2
7805	ntype_3
7806	ntype_2
7807	ntype_3
7808	ntype_1
7809	ntype_1
7810	ntype_3
7811	ntype_0
7812	ntype_2
7813	ntype_3
7814	ntype_0
7815	ntype_3
7816	ntype_3
7817	ntype_0
7818	ntype_2
7819	ntype_2
7820	ntype_2
7821	ntype_1
7822	ntype_0
7823	ntype_2
7824	ntype_0
7825	ntype_0
7826	ntype_0
7827	ntype_2
7828	ntype_2
7829	ntype_1
7830	ntype_2
7831	ntype_1
7832	ntype_1
7833	ntype_2
7834	ntype_0
7835	ntype_1
7836	ntype_3
7837	ntype_2
7838	ntype_1
7839	ntype_0
7840	ntype_1
7841	ntype_1
7842	ntype_1
7843	ntype_2
7844	ntype_0
7845	ntype_1
7846	ntype_2
7847	ntype_0
7848	ntype_3
7849	ntype_3
7850	ntype_1
7851	ntype_0
7852	ntype_1
7853	ntype_0
7854	ntype_1
7855	ntype_2
7856	ntype_3
7857	ntype_2
7858	ntype_2
7859	ntype_2
7860	ntype_2
7861	ntype_2
7862	ntype_1
7863	ntype_3
7864	ntype_0
7865	ntype_3
7866	ntype_2
7867	ntype_1
7868	ntype_0
7869	ntype_2
7870	ntype_2
7871	ntype_2
7872	ntype_1
7873	ntype_1
7874	ntype_2
7875	ntype_0
7876	ntype_2
7877	ntype_0
7878	ntype_1
7879	ntype_2
7880	ntype_3
7881	ntype_1
7882	ntype_3
7883	ntype_1
7884	ntype_1
7885	ntype_0
7886	ntype_2
7887	ntype_3
7888	ntype_0
7889	ntype_1
7890	ntype_2
7891	ntype_1
7892	ntype_2
7893	ntype_3
7894	ntype_2
7895	ntype_2
7896	ntype_0
7897	ntype_0
7898	ntype_1
7899	ntype_2
7900	ntype_0
7901	ntype_2
7902	ntype_2
7903	ntype_0
7904	ntype_0
7905	ntype_1
7906	ntype_2
7907	ntype_3
7908	ntype_1
7909	ntype_1
7910	ntype_1
7911	ntype_1
7912	ntype_3
7913	ntype_1
7914	ntype_1
7915	ntype_0
7916	ntype_0
7917	ntype_3
7918	ntype_2
7919	ntype_0
7920	ntype_0
7921	ntype_0
7922	ntype_1
7923	ntype_0
7924	ntype_3
7925	ntype_1
7926	ntype_0
7927	ntype_2
7928	ntype_1
7929	ntype_3
7930	ntype_1
7931	ntype_3
7932	ntype_1
7933	ntype_2
7934	ntype_2
7935	ntype_3
7936	ntype_2
7937	ntype_0
7938	ntype_1
7939	ntype_0
7940	ntype_3
7941	ntype_0
7942	ntype_1
7943	ntype_2
7944	ntype_1
7945	ntype_2
7946	ntype_2
7947	ntype_1
7948	ntype_1
7949	ntype_0
7950	ntype_1
7951	ntype_2
7952	ntype_0
7953	ntype_1
7954	ntype_0
7955	ntype_3
7956	ntype_1
7957	ntype_2
7958	ntype_0
7959	ntype_0
7960	ntype_0
7961	ntype_1
7962	ntype_3
7963	ntype_2
7964	ntype_3
7965	ntype_0
7966	ntype_1
7967	ntype_3
7968	ntype_0
7969	ntype_0
7970	ntype_2
7971	ntype_2
7972	ntype_3
7973	ntype_2
7974	ntype_2
7975	ntype_2
7976	ntype_2
7977	ntype_3
7978	ntype_3
7979	ntype_0
7980	ntype_1
7981	ntype_0
7982	ntype_3
7983	ntype_2
7984	ntype_0
7985	ntype_1
7986	ntype_3
7987	ntype_2
7988	ntype_3
7989	ntype_3
7990	ntype_3
7991	ntype_0
7992	ntype_1
7993	ntype_0
7994	ntype_2
7995	ntype_0
7996	ntype_1
7997	ntype_0
7998	ntype_2
7999	ntype_1
8000	ntype_1
8001	ntype_0
8002	ntype_3
8003	ntype_1
8004	ntype_3
8005	ntype_2
8006	ntype_3
8007	ntype_2
8008	ntype_2
8009	ntype_1
8010	ntype_0
8011	ntype_0
8012	ntype_0
8013	ntype_0
8014	ntype_0
8015	ntype_1
8016	ntype_1
8017	ntype_3
8018	ntype_0
8019	ntype_1
8020	ntype_1
8021	ntype_1
8022	ntype_2
8023	ntype_1
8024	ntype_3
8025	ntype_3
8026	ntype_0
8027	ntype_3
8028	ntype_0
8029	ntype_0
8030	ntype_1
8031	ntype_0
8032	ntype_2
8033	ntype_3
8034	ntype_2
8035	ntype_1
8036	ntype_0
8037	ntype_3
8038	ntype_2
8039	ntype_2
8040	ntype_1
8041	ntype_2
8042	ntype_3
8043	ntype_3
8044	ntype_1
8045	ntype_3
8046	ntype_2
8047	ntype_2
8048	ntype_0
8049	ntype_0
8050	ntype_1
8051	ntype_2
8052	ntype_2
8053	ntype_1
8054	ntype_3
8055	ntype_1
8056	ntype_1
8057	ntype_2
8058	ntype_2
8059	ntype_3
8060	ntype_3
8061	ntype_3
8062	ntype_0
8063	ntype_1
8064	ntype_2
8065	ntype_2
8066	ntype_2
8067	ntype_0
8068	ntype_2
8069	ntype_2
8070	ntype_0
8071	ntype_2
8072	ntype_1
8073	ntype_0
8074	ntype_1
8075	ntype_3
8076	ntype_3
8077	ntype_2
8078	ntype_0
8079	ntype_0
8080	ntype_1
8081	ntype_2
8082	ntype_1
8083	ntype_2
8084	ntype_2
8085	ntype_2
8086	ntype_1
8087	ntype_3
8088	ntype_3
8089	ntype_3
8090	ntype_0
8091	ntype_1
8092	ntype_3
8093	ntype_1
8094	ntype_2
8095	ntype_3
8096	ntype_0
8097	ntype_3
8098	ntype_0
8099	ntype_1
8100	ntype_2
8101	ntype_0
8102	ntype_2
8103	ntype_0
8104	ntype_0
8105	ntype_2
8106	ntype_0
8107	ntype_3
8108	ntype_3
8109	ntype_1
8110	ntype_2
8111	ntype_3
8112	ntype_1
8113	ntype_3
8114	ntype_3
8115	ntype_0
8116	ntype_2
8117	ntype_2
8118	ntype_2
8119	ntype_0
8120	ntype_1
8121	ntype_0
8122	ntype_1
8123	ntype_1
8124	ntype_2
8125	ntype_0
8126	ntype_2
8127	ntype_3
8128	ntype_0
8129	ntype_2
8130	ntype_3
8131	ntype_2
8132	ntype_1
8133	ntype_1
8134	ntype_1
8135	ntype_2
8136	ntype_0
8137	ntype_1
8138	ntype_3
8139	ntype_3
8140	ntype_2
8141	ntype_0
8142	ntype_2
8143	ntype_1
8144	ntype_3
8145	ntype_1
8146	ntype_3
8147	ntype_3
8148	ntype_3
8149	ntype_2
8150	ntype_0
8151	ntype_3
8152	ntype_2
8153	ntype_1
8154	ntype_3
8155	ntype_1
8156	ntype_3
8157	ntype_1
8158	ntype_2
8159	ntype_3
8160	ntype_3
8161	ntype_2
8162	ntype_2
8163	ntype_3
8164	ntype_1
8165	ntype_3
8166	ntype_1
8167	ntype_3
8168	ntype_3
8169	ntype_1
8170	ntype_0
8171	ntype_0
8172	ntype_0
8173	ntype_1
8174	ntype_3
8175	ntype_3
8176	ntype_1
8177	ntype_1
8178	ntype_2
8179	ntype_3
8180	ntype_0
8181	ntype_3
8182	ntype_2
8183	ntype_0
8184	ntype_2
8185	ntype_1
8186	ntype_2
8187	ntype_2
8188	ntype_3
8189	ntype_3
8190	ntype_0
8191	ntype_3
8192	ntype_2
8193	ntype_0
8194	ntype_0
8195	ntype_1
8196	ntype_3
8197	ntype_2
8198	ntype_1
8199	ntype_1
8200	ntype_1
8201	ntype_3
8202	ntype_0
8203	ntype_2
8204	ntype_2
8205	ntype_2
8206	ntype_3
8207	ntype_1
8208	ntype_1
8209	ntype_2
8210	ntype_0
8211	ntype_1
8212	ntype_3
8213	ntype_3
8214	ntype_0
8215	ntype_0
8216	ntype_0
8217	ntype_0
8218	ntype_3
8219	ntype_0
8220	ntype_2
8221	ntype_1
8222	ntype_1
8223	ntype_3
8224	ntype_3
8225	ntype_0
8226	ntype_0
8227	ntype_1
8228	ntype_2
8229	ntype_2
8230	ntype_0
8231	ntype_1
8232	ntype_0
8233	ntype_0
8234	ntype_3
8235	ntype_0
8236	ntype_1
8237	ntype_3
8238	ntype_0
8239	ntype_1
8240	ntype_1
8241	ntype_3
8242	ntype_3
8243	ntype_2
8244	ntype_1
8245	ntype_3
8246	ntype_0
8247	ntype_0
8248	ntype_2
8249	ntype_2
8250	ntype_3
8251	ntype_0
8252	ntype_1
8253	ntype_3
8254	ntype_2
8255	ntype_3
8256	ntype_1
8257	ntype_1
8258	ntype_1
8259	ntype_1
8260	ntype_3
8261	ntype_2
8262	ntype_1
8263	ntype_3
8264	ntype_3
8265	ntype_1
8266	ntype_2
8267	ntype_2
8268	ntype_2
8269	ntype_2
8270	ntype_2
8271	ntype_3
8272	ntype_2
8273	ntype_3
8274	ntype_3
8275	ntype_1
8276	ntype_3
8277	ntype_0
8278	ntype_0
8279	ntype_3
8280	ntype_3
8281	ntype_1
8282	ntype_0
8283	ntype_2
8284	ntype_2
8285	ntype_1
8286	ntype_0
8287	ntype_3
8288	ntype_1
8289	ntype_1
8290	ntype_0
8291	ntype_1
8292	ntype_2
8293	ntype_2
8294	ntype_3
8295	ntype_0
8296	ntype_0
8297	ntype_3
8298	ntype_0
8299	ntype_2
8300	ntype_1
8301	ntype_0
8302	ntype_1
8303	ntype_3
8304	ntype_3
8305	ntype_1
8306	ntype_1
8307	ntype_3
8308	ntype_3
8309	ntype_1
8310	ntype_0
8311	ntype_3
8312	ntype_1
8313	ntype_0
8314	ntype_1
8315	ntype_1
8316	ntype_1
8317	ntype_0
8318	ntype_2
8319	ntype_2
8320	ntype_0
8321	ntype_0
8322	ntype_0
8323	ntype_2
8324	ntype_3
8325	ntype_3
8326	ntype_2
8327	ntype_2
8328	ntype_1
8329	ntype_2
8330	ntype_1
8331	ntype_3
8332	ntype_3
8333	ntype_0
8334	ntype_2
8335	ntype_2
8336	ntype_3
8337	ntype_0
8338	ntype_2
8339	ntype_2
8340	ntype_2
8341	ntype_1
8342	ntype_3
8343	ntype_0
8344	ntype_1
8345	ntype_2
8346	ntype_2
8347	ntype_2
8348	ntype_1
8349	ntype_3
8350	ntype_1
8351	ntype_2
8352	ntype_1
8353	ntype_0
8354	ntype_3
8355	ntype_1
8356	ntype_1
8357	ntype_0
8358	ntype_3
8359	ntype_0
8360	ntype_1
8361	ntype_1
8362	ntype_3
8363	ntype_3
8364	ntype_1
8365	ntype_2
8366	ntype_2
8367	ntype_0
8368	ntype_2
8369	ntype_3
8370	ntype_3
8371	ntype_3
8372	ntype_1
8373	ntype_3
8374	ntype_2
8375	ntype_0
8376	ntype_2
8377	ntype_0
8378	ntype_1
8379	ntype_1
8380	ntype_2
8381	ntype_0
8382	ntype_3
8383	ntype_1
8384	ntype_3
8385	ntype_0
8386	ntype_2
8387	ntype_1
8388	ntype_3
8389	ntype_3
8390	ntype_0
8391	ntype_0
8392	ntype_3
8393	ntype_2
8394	ntype_0
8395	ntype_3
8396	ntype_2
8397	ntype_1
8398	ntype_1
8399	ntype_1
8400	ntype_1
8401	ntype_3
8402	ntype_3
8403	ntype_0
8404	ntype_2
8405	ntype_2
8406	ntype_0
8407	ntype_1
8408	ntype_1
8409	ntype_2
8410	ntype_2
8411	ntype_2
8412	ntype_0
8413	ntype_2
8414	ntype_1
8415	ntype_3
8416	ntype_2
8417	ntype_1
8418	ntype_3
8419	ntype_1
8420	ntype_0
8421	ntype_0
8422	ntype_2
8423	ntype_3
8424	ntype_0
8425	ntype_2
8426	ntype_3
8427	ntype_1
8428	ntype_3
8429	ntype_3
8430	ntype_3
8431	ntype_2
8432	ntype_0
8433	ntype_0
8434	ntype_0
8435	ntype_2
8436	ntype_0
8437	ntype_1
8438	ntype_3
8439	ntype_3
8440	ntype_2
8441	ntype_2
8442	ntype_1
8443	ntype_3
8444	ntype_3
8445	ntype_3
8446	ntype_2
8447	ntype_2
8448	ntype_0
8449	ntype_1
8450	ntype_1
8451	ntype_1
8452	ntype_0
8453	ntype_0
8454	ntype_1
8455	ntype_3
8456	ntype_1
8457	ntype_3
8458	ntype_0
8459	ntype_1
8460	ntype_3
8461	ntype_2
8462	ntype_0
8463	ntype_0
8464	ntype_1
8465	ntype_0
8466	ntype_2
8467	ntype_2
8468	ntype_1
8469	ntype_2
8470	ntype_0
8471	ntype_3
8472	ntype_3
8473	ntype_3
8474	ntype_1
8475	ntype_0
8476	ntype_0
8477	ntype_2
8478	ntype_3
8479	ntype_2
8480	ntype_3
8481	ntype_0
8482	ntype_0
8483	ntype_0
8484	ntype_0
8485	ntype_1
8486	ntype_2
8487	ntype_3
8488	ntype_3
8489	ntype_3
8490	ntype_2
8491	ntype_3
8492	ntype_1
8493	ntype_0
8494	ntype_2
8495	ntype_3
8496	ntype_2
8497	ntype_3
8498	ntype_3
8499	ntype_3
8500	ntype_2
8501	ntype_2
8502	ntype_1
8503	ntype_3
8504	ntype_0
8505	ntype_0
8506	ntype_1
8507	ntype_0
8508	ntype_3
8509	ntype_1
8510	ntype_0
8511	ntype_0
8512	ntype_2
8513	ntype_2
8514	ntype_2
8515	ntype_3
8516	ntype_0
8517	ntype_0
8518	ntype_3
8519	ntype_1
8520	ntype_3
8521	ntype_1
8522	ntype_2
8523	ntype_0
8524	ntype_2
8525	ntype_2
8526	ntype_2
8527	ntype_2
8528	ntype_1
8529	ntype_2
8530	ntype_1
8531	ntype_2
8532	ntype_3
8533	ntype_2
8534	ntype_3
8535	ntype_0
8536	ntype_3
8537	ntype_3
8538	ntype_0
8539	ntype_0
8540	ntype_2
8541	ntype_3
8542	ntype_3
8543	ntype_1
8544	ntype_2
8545	ntype_0
8546	ntype_2
8547	ntype_1
8548	ntype_1
8549	ntype_0
8550	ntype_2
8551	ntype_3
8552	ntype_3
8553	ntype_2
8554	ntype_0
8555	ntype_1
8556	ntype_1
8557	ntype_1
8558	ntype_2
8559	ntype_0
8560	ntype_1
8561	ntype_3
8562	ntype_2
8563	ntype_0
8564	ntype_2
8565	ntype_3
8566	ntype_1
8567	ntype_3
8568	ntype_2
8569	ntype_2
8570	ntype_0
8571	ntype_0
8572	ntype_0
8573	ntype_1
8574	ntype_2
8575	ntype_0
8576	ntype_2
8577	ntype_3
8578	ntype_1
8579	ntype_3
8580	ntype_2
8581	ntype_2
8582	ntype_0
8583	ntype_0
8584	ntype_0
8585	ntype_2
8586	ntype_0
8587	ntype_0
8588	ntype_2
8589	ntype_1
8590	ntype_3
8591	ntype_2
8592	ntype_1
8593	ntype_2
8594	ntype_3
8595	ntype_3
8596	ntype_2
8597	ntype_3
8598	ntype_2
8599	ntype_3
8600	ntype_2
8601	ntype_2
8602	ntype_2
8603	ntype_0
8604	ntype_0
8605	ntype_0
8606	ntype_0
8607	ntype_0
8608	ntype_1
8609	ntype_2
8610	ntype_0
8611	ntype_0
8612	ntype_0
8613	ntype_3
8614	ntype_2
8615	ntype_2
8616	ntype_3
8617	ntype_1
8618	ntype_3
8619	ntype_0
8620	ntype_0
8621	ntype_2
8622	ntype_3
8623	ntype_0
8624	ntype_3
8625	ntype_1
8626	ntype_3
8627	ntype_3
8628	ntype_1
8629	ntype_1
8630	ntype_0
8631	ntype_2
8632	ntype_1
8633	ntype_2
8634	ntype_3
8635	ntype_3
8636	ntype_0
8637	ntype_3
8638	ntype_2
8639	ntype_3
8640	ntype_0
8641	ntype_1
8642	ntype_2
8643	ntype_0
8644	ntype_3
8645	ntype_2
8646	ntype_1
8647	ntype_2
8648	ntype_1
8649	ntype_2
8650	ntype_3
8651	ntype_3
8652	ntype_2
8653	ntype_0
8654	ntype_1
8655	ntype_1
8656	ntype_2
8657	ntype_2
8658	ntype_1
8659	ntype_2
8660	ntype_3
8661	ntype_0
8662	ntype_2
8663	ntype_3
8664	ntype_3
8665	ntype_3
8666	ntype_0
8667	ntype_1
8668	ntype_2
8669	ntype_1
8670	ntype_3
8671	ntype_0
8672	ntype_3
8673	ntype_3
8674	ntype_3
8675	ntype_0
8676	ntype_1
8677	ntype_3
8678	ntype_1
8679	ntype_3
8680	ntype_2
8681	ntype_2
8682	ntype_2
8683	ntype_3
8684	ntype_1
8685	ntype_2
8686	ntype_1
8687	ntype_2
8688	ntype_0
8689	ntype_1
8690	ntype_0
8691	ntype_2
8692	ntype_3
8693	ntype_3
8694	ntype_1
8695	ntype_0
8696	ntype_3
8697	ntype_2
8698	ntype_0
8699	ntype_1
8700	ntype_3
8701	ntype_2
8702	ntype_3
8703	ntype_0
8704	ntype_0
8705	ntype_3
8706	ntype_1
8707	ntype_1
8708	ntype_0
8709	ntype_0
8710	ntype_1
8711	ntype_2
8712	ntype_2
8713	ntype_3
8714	ntype_3
8715	ntype_2
8716	ntype_1
8717	ntype_3
8718	ntype_0
8719	ntype_3
8720	ntype_0
8721	ntype_2
8722	ntype_0
8723	ntype_1
8724	ntype_3
8725	ntype_2
8726	ntype_2
8727	ntype_0
8728	ntype_2
8729	ntype_2
8730	ntype_2
8731	ntype_3
8732	ntype_0
8733	ntype_3
8734	ntype_1
8735	ntype_1
8736	ntype_2
8737	ntype_1
8738	ntype_3
8739	ntype_3
8740	ntype_3
8741	ntype_1
8742	ntype_3
8743	ntype_0
8744	ntype_0
8745	ntype_3
8746	ntype_1
8747	ntype_1
8748	ntype_3
8749	ntype_1
8750	ntype_2
8751	ntype_1
8752	ntype_3
8753	ntype_2
8754	ntype_3
8755	ntype_1
8756	ntype_0
8757	ntype_0
8758	ntype_2
8759	ntype_0
8760	ntype_1
8761	ntype_0
8762	ntype_2
8763	ntype_3
8764	ntype_1
8765	ntype_3
8766	ntype_2
8767	ntype_0
8768	ntype_2
8769	ntype_2
8770	ntype_1
8771	ntype_1
8772	ntype_2
8773	ntype_1
8774	ntype_1
8775	ntype_1
8776	ntype_0
8777	ntype_1
8778	ntype_3
8779	ntype_0
8780	ntype_2
8781	ntype_1
8782	ntype_0
8783	ntype_1
8784	ntype_1
8785	ntype_3
8786	ntype_3
8787	ntype_3
8788	ntype_0
8789	ntype_2
8790	ntype_3
8791	ntype_1
8792	ntype_2
8793	ntype_3
8794	ntype_2
8795	ntype_0
8796	ntype_3
8797	ntype_1
8798	ntype_0
8799	ntype_0
8800	ntype_1
8801	ntype_1
8802	ntype_3
8803	ntype_1
8804	ntype_0
8805	ntype_3
8806	ntype_3
8807	ntype_3
8808	ntype_3
8809	ntype_2
8810	ntype_3
8811	ntype_1
8812	ntype_3
8813	ntype_1
8814	ntype_0
8815	ntype_3
8816	ntype_0
8817	ntype_3
8818	ntype_3
8819	ntype_2
8820	ntype_3
8821	ntype_3
8822	ntype_0
8823	ntype_2
8824	ntype_3
8825	ntype_1
8826	ntype_2
8827	ntype_2
8828	ntype_3
8829	ntype_1
8830	ntype_3
8831	ntype_2
8832	ntype_0
8833	ntype_3
8834	ntype_3
8835	ntype_2
8836	ntype_2
8837	ntype_3
8838	ntype_1
8839	ntype_1
8840	ntype_0
8841	ntype_0
8842	ntype_3
8843	ntype_2
8844	ntype_3
8845	ntype_2
8846	ntype_0
8847	ntype_3
8848	ntype_2
8849	ntype_0
8850	ntype_0
8851	ntype_3
8852	ntype_1
8853	ntype_1
8854	ntype_2
8855	ntype_0
8856	ntype_2
8857	ntype_1
8858	ntype_1
8859	ntype_1
8860	ntype_2
8861	ntype_1
8862	ntype_2
8863	ntype_1
8864	ntype_3
8865	ntype_0
8866	ntype_2
8867	ntype_3
8868	ntype_1
8869	ntype_3
8870	ntype_2
8871	ntype_2
8872	ntype_3
8873	ntype_2
8874	ntype_3
8875	ntype_0
8876	ntype_0
8877	ntype_2
8878	ntype_2
8879	ntype_0
8880	ntype_1
8881	ntype_1
8882	ntype_1
8883	ntype_2
8884	ntype_0
8885	ntype_3
8886	ntype_3
8887	ntype_2
8888	ntype_3
8889	ntype_3
8890	ntype_2
8891	ntype_0
8892	ntype_0
8893	ntype_1
8894	ntype_1
8895	ntype_2
8896	ntype_1
8897	ntype_0
8898	ntype_2
8899	ntype_2
8900	ntype_0
8901	ntype_1
8902	ntype_1
8903	ntype_1
8904	ntype_1
8905	ntype_2
8906	ntype_3
8907	ntype_0
8908	ntype_2
8909	ntype_0
8910	ntype_1
8911	ntype_3
8912	ntype_0
8913	ntype_3
8914	ntype_1
8915	ntype_1
8916	ntype_1
8917	ntype_0
8918	ntype_0
8919	ntype_2
8920	ntype_3
8921	ntype_2
8922	ntype_2
8923	ntype_0
8924	ntype_1
8925	ntype_3
8926	ntype_2
8927	ntype_2
8928	ntype_0
8929	ntype_3
8930	ntype_2
8931	ntype_3
8932	ntype_2
8933	ntype_0
8934	ntype_0
8935	ntype_1
8936	ntype_0
8937	ntype_3
8938	ntype_3
8939	ntype_0
8940	ntype_1
8941	ntype_3
8942	ntype_2
8943	ntype_2
8944	ntype_3
8945	ntype_2
8946	ntype_0
8947	ntype_1
8948	ntype_3
8949	ntype_1
8950	ntype_2
8951	ntype_2
8952	ntype_1
8953	ntype_2
8954	ntype_1
8955	ntype_2
8956	ntype_0
8957	ntype_3
8958	ntype_3
8959	ntype_3
8960	ntype_1
8961	ntype_3
8962	ntype_3
8963	ntype_3
8964	ntype_2
8965	ntype_2
8966	ntype_0
8967	ntype_0
8968	ntype_3
8969	ntype_2
8970	ntype_0
8971	ntype_3
8972	ntype_0
8973	ntype_2
8974	ntype_1
8975	ntype_3
8976	ntype_0
8977	ntype_1
8978	ntype_2
8979	ntype_3
8980	ntype_1
8981	ntype_2
8982	ntype_2
8983	ntype_1
8984	ntype_0
8985	ntype_0
8986	ntype_0
8987	ntype_2
8988	ntype_0
8989	ntype_2
8990	ntype_0
8991	ntype_2
8992	ntype_2
8993	ntype_0
8994	ntype_1
8995	ntype_2
8996	ntype_3
8997	ntype_1
8998	ntype_3
8999	ntype_0
9000	ntype_1
9001	ntype_1
9002	ntype_3
9003	ntype_1
9004	ntype_3
9005	ntype_2
9006	ntype_1
9007	ntype_1
9008	ntype_2
9009	ntype_3
9010	ntype_1
9011	ntype_2
9012	ntype_2
9013	ntype_2
9014	ntype_3
9015	ntype_1
9016	ntype_2
9017	ntype_2
9018	ntype_0
9019	ntype_1
9020	ntype_1
9021	ntype_3
9022	ntype_0
9023	ntype_2
9024	ntype_2
9025	ntype_2
9026	ntype_0
9027	ntype_1
9028	ntype_1
9029	ntype_3
9030	ntype_0
9031	ntype_1
9032	ntype_2
9033	ntype_2
9034	ntype_2
9035	ntype_1
9036	ntype_3
9037	ntype_1
9038	ntype_0
9039	ntype_0
9040	ntype_0
9041	ntype_0
9042	ntype_1
9043	ntype_1
9044	ntype_0
9045	ntype_1
9046	ntype_2
9047	ntype_2
9048	ntype_2
9049	ntype_0
9050	ntype_2
9051	ntype_0
9052	ntype_2
9053	ntype_0
9054	ntype_0
9055	ntype_1
9056	ntype_3
9057	ntype_0
9058	ntype_0
9059	ntype_3
9060	ntype_0
9061	ntype_0
9062	ntype_3
9063	ntype_1
9064	ntype_2
9065	ntype_3
9066	ntype_0
9067	ntype_0
9068	ntype_2
9069	ntype_1
9070	ntype_2
9071	ntype_1
9072	ntype_2
9073	ntype_1
9074	ntype_0
9075	ntype_1
9076	ntype_0
9077	ntype_1
9078	ntype_2
9079	ntype_3
9080	ntype_1
9081	ntype_1
9082	ntype_0
9083	ntype_1
9084	ntype_2
9085	ntype_1
9086	ntype_2
9087	ntype_3
9088	ntype_0
9089	ntype_0
9090	ntype_3
9091	ntype_1
9092	ntype_1
9093	ntype_1
9094	ntype_1
9095	ntype_3
9096	ntype_0
9097	ntype_3
9098	ntype_2
9099	ntype_1
9100	ntype_1
9101	ntype_2
9102	ntype_1
9103	ntype_2
9104	ntype_2
9105	ntype_1
9106	ntype_1
9107	ntype_2
9108	ntype_1
9109	ntype_0
9110	ntype_1
9111	ntype_0
9112	ntype_1
9113	ntype_3
9114	ntype_1
9115	ntype_2
9116	ntype_2
9117	ntype_1
9118	ntype_3
9119	ntype_0
9120	ntype_0
9121	ntype_2
9122	ntype_1
9123	ntype_1
9124	ntype_1
9125	ntype_2
9126	ntype_3
9127	ntype_0
9128	ntype_2
9129	ntype_3
9130	ntype_3
9131	ntype_0
9132	ntype_2
9133	ntype_2
9134	ntype_1
9135	ntype_0
9136	ntype_1
9137	ntype_2
9138	ntype_0
9139	ntype_1
9140	ntype_3
9141	ntype_0
9142	ntype_0
9143	ntype_0
9144	ntype_1
9145	ntype_2
9146	ntype_0
9147	ntype_3
9148	ntype_3
9149	ntype_1
9150	ntype_3
9151	ntype_3
9152	ntype_2
9153	ntype_2
9154	ntype_2
9155	ntype_3
9156	ntype_0
9157	ntype_1
9158	ntype_3
9159	ntype_3
9160	ntype_2
9161	ntype_1
9162	ntype_2
9163	ntype_2
9164	ntype_0
9165	ntype_2
9166	ntype_2
9167	ntype_3
9168	ntype_1
9169	ntype_3
9170	ntype_1
9171	ntype_2
9172	ntype_2
9173	ntype_1
9174	ntype_2
9175	ntype_2
9176	ntype_1
9177	ntype_0
9178	ntype_0
9179	ntype_1
9180	ntype_0
9181	ntype_2
9182	ntype_1
9183	ntype_3
9184	ntype_1
9185	ntype_3
9186	ntype_2
9187	ntype_2
9188	ntype_2
9189	ntype_0
9190	ntype_3
9191	ntype_0
9192	ntype_1
9193	ntype_1
9194	ntype_3
9195	ntype_0
9196	ntype_2
9197	ntype_1
9198	ntype_2
9199	ntype_2
9200	ntype_3
9201	ntype_2
9202	ntype_2
9203	ntype_3
9204	ntype_1
9205	ntype_1
9206	ntype_1
9207	ntype_0
9208	ntype_3
9209	ntype_1
9210	ntype_3
9211	ntype_0
9212	ntype_0
9213	ntype_0
9214	ntype_0
9215	ntype_3
9216	ntype_3
9217	ntype_3
9218	ntype_1
9219	ntype_1
9220	ntype_0
9221	ntype_0
9222	ntype_2
9223	ntype_2
9224	ntype_2
9225	ntype_3
9226	ntype_3
9227	ntype_3
9228	ntype_2
9229	ntype_1
9230	ntype_1
9231	ntype_0
9232	ntype_0
9233	ntype_3
9234	ntype_3
9235	ntype_2
9236	ntype_0
9237	ntype_3
9238	ntype_0
9239	ntype_1
9240	ntype_2
9241	ntype_2
9242	ntype_2
9243	ntype_2
9244	ntype_0
9245	ntype_0
9246	ntype_1
9247	ntype_3
9248	ntype_2
9249	ntype_3
9250	ntype_0
9251	ntype_3
9252	ntype_3
9253	ntype_3
9254	ntype_3
9255	ntype_0
9256	ntype_3
9257	ntype_1
9258	ntype_3
9259	ntype_3
9260	ntype_2
9261	ntype_0
9262	ntype_3
9263	ntype_0
9264	ntype_3
9265	ntype_1
9266	ntype_1
9267	ntype_3
9268	ntype_2
9269	ntype_0
9270	ntype_2
9271	ntype_2
9272	ntype_3
9273	ntype_0
9274	ntype_1
9275	ntype_3
9276	ntype_0
9277	ntype_0
9278	ntype_0
9279	ntype_0
9280	ntype_1
9281	ntype_3
9282	ntype_1
9283	ntype_0
9284	ntype_0
9285	ntype_3
9286	ntype_2
9287	ntype_2
9288	ntype_3
9289	ntype_3
9290	ntype_0
9291	ntype_3
9292	ntype_2
9293	ntype_0
9294	ntype_3
9295	ntype_3
9296	ntype_2
9297	ntype_2
9298	ntype_1
9299	ntype_2
9300	ntype_1
9301	ntype_2
9302	ntype_1
9303	ntype_0
9304	ntype_1
9305	ntype_0
9306	ntype_0
9307	ntype_2
9308	ntype_2
9309	ntype_0
9310	ntype_1
9311	ntype_1
9312	ntype_3
9313	ntype_3
9314	ntype_2
9315	ntype_1
9316	ntype_2
9317	ntype_1
9318	ntype_2
9319	ntype_3
9320	ntype_1
9321	ntype_2
9322	ntype_1
9323	ntype_1
9324	ntype_2
9325	ntype_1
9326	ntype_0
9327	ntype_1
9328	ntype_1
9329	ntype_2
9330	ntype_3
9331	ntype_0
9332	ntype_2
9333	ntype_3
9334	ntype_1
9335	ntype_2
9336	ntype_1
9337	ntype_3
9338	ntype_3
9339	ntype_2
9340	ntype_3
9341	ntype_1
9342	ntype_0
9343	ntype_1
9344	ntype_2
9345	ntype_1
9346	ntype_1
9347	ntype_2
9348	ntype_3
9349	ntype_0
9350	ntype_0
9351	ntype_1
9352	ntype_1
9353	ntype_2
9354	ntype_0
9355	ntype_0
9356	ntype_1
9357	ntype_3
9358	ntype_0
9359	ntype_1
9360	ntype_2
9361	ntype_1
9362	ntype_0
9363	ntype_2
9364	ntype_3
9365	ntype_0
9366	ntype_1
9367	ntype_1
9368	ntype_1
9369	ntype_1
9370	ntype_1
9371	ntype_1
9372	ntype_2
9373	ntype_2
9374	ntype_1
9375	ntype_0
9376	ntype_1
9377	ntype_3
9378	ntype_1
9379	ntype_2
9380	ntype_2
9381	ntype_0
9382	ntype_2
9383	ntype_1
9384	ntype_0
9385	ntype_1
9386	ntype_2
9387	ntype_2
9388	ntype_3
9389	ntype_0
9390	ntype_2
9391	ntype_2
9392	ntype_0
9393	ntype_3
9394	ntype_3
9395	ntype_3
9396	ntype_0
9397	ntype_2
9398	ntype_3
9399	ntype_0
9400	ntype_2
9401	ntype_2
9402	ntype_1
9403	ntype_1
9404	ntype_3
9405	ntype_2
9406	ntype_0
9407	ntype_1
9408	ntype_1
9409	ntype_0
9410	ntype_0
9411	ntype_3
9412	ntype_3
9413	ntype_3
9414	ntype_0
9415	ntype_2
9416	ntype_1
9417	ntype_1
9418	ntype_1
9419	ntype_1
9420	ntype_0
9421	ntype_0
9422	ntype_2
9423	ntype_3
9424	ntype_1
9425	ntype_2
9426	ntype_0
9427	ntype_0
9428	ntype_0
9429	ntype_2
9430	ntype_3
9431	ntype_0
9432	ntype_3
9433	ntype_0
9434	ntype_3
9435	ntype_2
9436	ntype_2
9437	ntype_0
9438	ntype_1
9439	ntype_3
9440	ntype_2
9441	ntype_0
9442	ntype_1
9443	ntype_1
9444	ntype_1
9445	ntype_1
9446	ntype_3
9447	ntype_3
9448	ntype_3
9449	ntype_2
9450	ntype_0
9451	ntype_1
9452	ntype_2
9453	ntype_3
9454	ntype_1
9455	ntype_2
9456	ntype_0
9457	ntype_0
9458	ntype_1
9459	ntype_2
9460	ntype_2
9461	ntype_1
9462	ntype_3
9463	ntype_1
9464	ntype_0
9465	ntype_3
9466	ntype_3
9467	ntype_1
9468	ntype_3
9469	ntype_0
9470	ntype_0
9471	ntype_3
9472	ntype_1
9473	ntype_0
9474	ntype_3
9475	ntype_3
9476	ntype_1
9477	ntype_0
9478	ntype_2
9479	ntype_0
9480	ntype_0
9481	ntype_0
9482	ntype_1
9483	ntype_0
9484	ntype_0
9485	ntype_3
9486	ntype_1
9487	ntype_3
9488	ntype_0
9489	ntype_3
9490	ntype_3
9491	ntype_3
9492	ntype_2
9493	ntype_2
9494	ntype_3
9495	ntype_3
9496	ntype_0
9497	ntype_2
9498	ntype_2
9499	ntype_1
9500	ntype_1
9501	ntype_2
9502	ntype_0
9503	ntype_3
9504	ntype_0
9505	ntype_1
9506	ntype_3
9507	ntype_1
9508	ntype_3
9509	ntype_0
9510	ntype_3
9511	ntype_1
9512	ntype_0
9513	ntype_1
9514	ntype_0
9515	ntype_1
9516	ntype_0
9517	ntype_1
9518	ntype_0
9519	ntype_2
9520	ntype_1
9521	ntype_2
9522	ntype_2
9523	ntype_0
9524	ntype_0
9525	ntype_1
9526	ntype_1
9527	ntype_2
9528	ntype_1
9529	ntype_0
9530	ntype_1
9531	ntype_0
9532	ntype_3
9533	ntype_0
9534	ntype_1
9535	ntype_0
9536	ntype_3
9537	ntype_1
9538	ntype_3
9539	ntype_1
9540	ntype_1
9541	ntype_1
9542	ntype_0
9543	ntype_3
9544	ntype_1
9545	ntype_0
9546	ntype_2
9547	ntype_1
9548	ntype_1
9549	ntype_1
9550	ntype_1
9551	ntype_0
9552	ntype_0
9553	ntype_1
9554	ntype_2
9555	ntype_3
9556	ntype_3
9557	ntype_0
9558	ntype_1
9559	ntype_3
9560	ntype_1
9561	ntype_3
9562	ntype_3
9563	ntype_2
9564	ntype_3
9565	ntype_3
9566	ntype_0
9567	ntype_2
9568	ntype_0
9569	ntype_1
9570	ntype_1
9571	ntype_0
9572	ntype_3
9573	ntype_3
9574	ntype_3
9575	ntype_2
9576	ntype_0
9577	ntype_3
9578	ntype_0
9579	ntype_0
9580	ntype_0
9581	ntype_0
9582	ntype_3
9583	ntype_0
9584	ntype_0
9585	ntype_3
9586	ntype_0
9587	ntype_1
9588	ntype_3
9589	ntype_3
9590	ntype_3
9591	ntype_0
9592	ntype_3
9593	ntype_1
9594	ntype_1
9595	ntype_2
9596	ntype_3
9597	ntype_3
9598	ntype_1
9599	ntype_2
9600	ntype_1
9601	ntype_1
9602	ntype_3
9603	ntype_2
9604	ntype_1
9605	ntype_2
9606	ntype_3
9607	ntype_3
9608	ntype_2
9609	ntype_3
9610	ntype_0
9611	ntype_2
9612	ntype_3
9613	ntype_1
9614	ntype_1
9615	ntype_1
9616	ntype_2
9617	ntype_3
9618	ntype_3
9619	ntype_3
9620	ntype_3
9621	ntype_2
9622	ntype_2
9623	ntype_0
9624	ntype_0
9625	ntype_2
9626	ntype_2
9627	ntype_2
9628	ntype_2
9629	ntype_3
9630	ntype_0
9631	ntype_3
9632	ntype_1
9633	ntype_0
9634	ntype_1
9635	ntype_1
9636	ntype_1
9637	ntype_0
9638	ntype_1
9639	ntype_2
9640	ntype_3
9641	ntype_3
9642	ntype_1
9643	ntype_2
9644	ntype_0
9645	ntype_0
9646	ntype_3
9647	ntype_0
9648	ntype_1
9649	ntype_0
9650	ntype_0
9651	ntype_1
9652	ntype_0
9653	ntype_3
9654	ntype_3
9655	ntype_1
9656	ntype_2
9657	ntype_1
9658	ntype_1
9659	ntype_1
9660	ntype_0
9661	ntype_2
9662	ntype_2
9663	ntype_0
9664	ntype_1
9665	ntype_0
9666	ntype_3
9667	ntype_2
9668	ntype_2
9669	ntype_1
9670	ntype_3
9671	ntype_3
9672	ntype_2
9673	ntype_3
9674	ntype_3
9675	ntype_2
9676	ntype_3
9677	ntype_0
9678	ntype_0
9679	ntype_0
9680	ntype_0
9681	ntype_1
9682	ntype_2
9683	ntype_3
9684	ntype_3
9685	ntype_2
9686	ntype_1
9687	ntype_1
9688	ntype_1
9689	ntype_0
9690	ntype_3
9691	ntype_3
9692	ntype_0
9693	ntype_2
9694	ntype_3
9695	ntype_1
9696	ntype_0
9697	ntype_0
9698	ntype_0
9699	ntype_0
9700	ntype_2
9701	ntype_3
9702	ntype_1
9703	ntype_1
9704	ntype_2
9705	ntype_0
9706	ntype_0
9707	ntype_0
9708	ntype_1
9709	ntype_3
9710	ntype_3
9711	ntype_0
9712	ntype_1
9713	ntype_0
9714	ntype_2
9715	ntype_1
9716	ntype_2
9717	ntype_0
9718	ntype_0
9719	ntype_1
9720	ntype_1
9721	ntype_3
9722	ntype_0
9723	ntype_0
9724	ntype_1
9725	ntype_1
9726	ntype_1
9727	ntype_0
9728	ntype_2
9729	ntype_1
9730	ntype_0
9731	ntype_2
9732	ntype_1
9733	ntype_0
9734	ntype_3
9735	ntype_1
9736	ntype_1
9737	ntype_3
9738	ntype_1
9739	ntype_2
9740	ntype_3
9741	ntype_3
9742	ntype_2
9743	ntype_2
9744	ntype_0
9745	ntype_1
9746	ntype_0
9747	ntype_1
9748	ntype_2
9749	ntype_1
9750	ntype_1
9751	ntype_0
9752	ntype_1
9753	ntype_2
9754	ntype_3
9755	ntype_3
9756	ntype_2
9757	ntype_0
9758	ntype_0
9759	ntype_3
9760	ntype_1
9761	ntype_3
9762	ntype_1
9763	ntype_3
9764	ntype_2
9765	ntype_3
9766	ntype_2
9767	ntype_0
9768	ntype_0
9769	ntype_2
9770	ntype_3
9771	ntype_0
9772	ntype_0
9773	ntype_1
9774	ntype_0
9775	ntype_2
9776	ntype_3
9777	ntype_2
9778	ntype_1
9779	ntype_1
9780	ntype_1
9781	ntype_3
9782	ntype_1
9783	ntype_1
9784	ntype_2
9785	ntype_3
9786	ntype_2
9787	ntype_2
9788	ntype_1
9789	ntype_2
9790	ntype_1
9791	ntype_2
9792	ntype_3
9793	ntype_2
9794	ntype_1
9795	ntype_2
9796	ntype_2
9797	ntype_1
9798	ntype_0
9799	ntype_0
9800	ntype_0
9801	ntype_2
9802	ntype_1
9803	ntype_3
9804	ntype_3
9805	ntype_1
9806	ntype_1
9807	ntype_0
9808	ntype_1
9809	ntype_2
9810	ntype_1
9811	ntype_0
9812	ntype_3
9813	ntype_0
9814	ntype_3
9815	ntype_0
9816	ntype_2
9817	ntype_2
9818	ntype_0
9819	ntype_1
9820	ntype_0
9821	ntype_2
9822	ntype_1
9823	ntype_2
9824	ntype_0
9825	ntype_2
9826	ntype_0
9827	ntype_2
9828	ntype_2
9829	ntype_0
9830	ntype_3
9831	ntype_1
9832	ntype_1
9833	ntype_2
9834	ntype_3
9835	ntype_2
9836	ntype_3
9837	ntype_0
9838	ntype_1
9839	ntype_1
9840	ntype_0
9841	ntype_3
9842	ntype_1
9843	ntype_1
9844	ntype_2
9845	ntype_0
9846	ntype_1
9847	ntype_2
9848	ntype_2
9849	ntype_2
9850	ntype_0
9851	ntype_2
9852	ntype_3
9853	ntype_0
9854	ntype_0
9855	ntype_3
9856	ntype_3
9857	ntype_2
9858	ntype_1
9859	ntype_3
9860	ntype_1
9861	ntype_2
9862	ntype_3
9863	ntype_0
9864	ntype_0
9865	ntype_0
9866	ntype_0
9867	ntype_3
9868	ntype_3
9869	ntype_0
9870	ntype_1
9871	ntype_2
9872	ntype_2
9873	ntype_0
9874	ntype_2
9875	ntype_1
9876	ntype_0
9877	ntype_1
9878	ntype_0
9879	ntype_3
9880	ntype_1
9881	ntype_3
9882	ntype_0
9883	ntype_0
9884	ntype_3
9885	ntype_1
9886	ntype_3
9887	ntype_2
9888	ntype_1
9889	ntype_0
9890	ntype_0
9891	ntype_3
9892	ntype_2
9893	ntype_2
9894	ntype_0
9895	ntype_0
9896	ntype_3
9897	ntype_2
9898	ntype_2
9899	ntype_1
9900	ntype_0
9901	ntype_3
9902	ntype_0
9903	ntype_2
9904	ntype_2
9905	ntype_1
9906	ntype_0
9907	ntype_0
9908	ntype_1
9909	ntype_2
9910	ntype_1
9911	ntype_0
9912	ntype_1
9913	ntype_2
9914	ntype_0
9915	ntype_0
9916	ntype_3
9917	ntype_2
9918	ntype_1
9919	ntype_3
9920	ntype_3
9921	ntype_0
9922	ntype_3
9923	ntype_2
9924	ntype_2
9925	ntype_1
9926	ntype_0
9927	ntype_2
9928	ntype_3
9929	ntype_0
9930	ntype_3
9931	ntype_1
9932	ntype_2
9933	ntype_0
9934	ntype_2
9935	ntype_0
9936	ntype_0
9937	ntype_2
9938	ntype_0
9939	ntype_1
9940	ntype_3
9941	ntype_3
9942	ntype_3
9943	ntype_2
9944	ntype_2
9945	ntype_0
9946	ntype_0
9947	ntype_1
9948	ntype_2
9949	ntype_0
9950	ntype_3
9951	ntype_2
9952	ntype_0
9953	ntype_3
9954	ntype_3
9955	ntype_1
9956	ntype_1
9957	ntype_0
9958	ntype_0
9959	ntype_2
9960	ntype_1
9961	ntype_1
9962	ntype_1
9963	ntype_0
9964	ntype_2
9965	ntype_3
9966	ntype_0
9967	ntype_1
9968	ntype_2
9969	ntype_0
9970	ntype_1
9971	ntype_1
9972	ntype_2
9973	ntype_2
9974	ntype_2
9975	ntype_3
9976	ntype_0
9977	ntype_2
9978	ntype_0
9979	ntype_1
9980	ntype_2
9981	ntype_2
9982	ntype_2
9983	ntype_1
9984	ntype_0
9985	ntype_1
9986	ntype_1
9987	ntype_2
9988	ntype_3
9989	ntype_0
9990	ntype_3
9991	ntype_1
9992	ntype_3
9993	ntype_2
9994	ntype_2
9995	ntype_1
9996	ntype_3
9997	ntype_2
9998	ntype_1
9999	ntype_1
10000	ntype_2
10001	ntype_3
10002	ntype_1
10003	ntype_1
10004	ntype_2
10005	ntype_1
10006	ntype_3
10007	ntype_2
10008	ntype_1
10009	ntype_3
10010	ntype_1
10011	ntype_1
10012	ntype_3
10013	ntype_3
10014	ntype_3
10015	ntype_1
10016	ntype_0
10017	ntype_0
10018	ntype_1
10019	ntype_1
10020	ntype_1
10021	ntype_3
10022	ntype_1
10023	ntype_2
10024	ntype_1
10025	ntype_0
10026	ntype_0
10027	ntype_2
10028	ntype_2
10029	ntype_2
10030	ntype_3
10031	ntype_0
10032	ntype_1
10033	ntype_1
10034	ntype_3
10035	ntype_0
10036	ntype_2
10037	ntype_1
10038	ntype_1
10039	ntype_1
10040	ntype_2
10041	ntype_1
10042	ntype_2
10043	ntype_0
10044	ntype_2
10045	ntype_2
