NodeID	NodeType
0	ntype_2
1	ntype_2
2	ntype_2
3	ntype_0
4	ntype_0
5	ntype_3
6	ntype_3
7	ntype_3
8	ntype_1
9	ntype_1
10	ntype_3
11	ntype_2
12	ntype_1
13	ntype_3
14	ntype_3
15	ntype_3
16	ntype_1
17	ntype_0
18	ntype_1
19	ntype_2
20	ntype_1
21	ntype_1
22	ntype_2
23	ntype_1
24	ntype_3
25	ntype_1
26	ntype_1
27	ntype_1
28	ntype_1
29	ntype_1
30	ntype_1
31	ntype_0
32	ntype_3
33	ntype_3
34	ntype_0
35	ntype_0
36	ntype_2
37	ntype_0
38	ntype_2
39	ntype_1
40	ntype_1
41	ntype_1
42	ntype_0
43	ntype_0
44	ntype_2
45	ntype_1
46	ntype_0
47	ntype_3
48	ntype_1
49	ntype_3
50	ntype_1
51	ntype_1
52	ntype_3
53	ntype_2
54	ntype_0
55	ntype_0
56	ntype_3
57	ntype_3
58	ntype_2
59	ntype_3
60	ntype_2
61	ntype_0
62	ntype_1
63	ntype_0
64	ntype_3
65	ntype_3
66	ntype_3
67	ntype_0
68	ntype_2
69	ntype_0
70	ntype_1
71	ntype_0
72	ntype_0
73	ntype_3
74	ntype_3
75	ntype_2
76	ntype_2
77	ntype_0
78	ntype_1
79	ntype_1
80	ntype_1
81	ntype_2
82	ntype_1
83	ntype_2
84	ntype_1
85	ntype_2
86	ntype_2
87	ntype_2
88	ntype_3
89	ntype_1
90	ntype_3
91	ntype_2
92	ntype_1
93	ntype_0
94	ntype_1
95	ntype_1
96	ntype_0
97	ntype_2
98	ntype_0
99	ntype_2
100	ntype_1
101	ntype_0
102	ntype_3
103	ntype_2
104	ntype_0
105	ntype_3
106	ntype_1
107	ntype_2
108	ntype_3
109	ntype_3
110	ntype_3
111	ntype_0
112	ntype_2
113	ntype_3
114	ntype_1
115	ntype_0
116	ntype_3
117	ntype_2
118	ntype_1
119	ntype_1
120	ntype_1
121	ntype_3
122	ntype_0
123	ntype_2
124	ntype_2
125	ntype_3
126	ntype_0
127	ntype_0
128	ntype_0
129	ntype_3
130	ntype_0
131	ntype_2
132	ntype_3
133	ntype_3
134	ntype_2
135	ntype_0
136	ntype_3
137	ntype_1
138	ntype_0
139	ntype_1
140	ntype_3
141	ntype_1
142	ntype_2
143	ntype_0
144	ntype_2
145	ntype_2
146	ntype_3
147	ntype_2
148	ntype_2
149	ntype_0
150	ntype_0
151	ntype_0
152	ntype_2
153	ntype_2
154	ntype_3
155	ntype_2
156	ntype_2
157	ntype_3
158	ntype_0
159	ntype_0
160	ntype_2
161	ntype_1
162	ntype_1
163	ntype_3
164	ntype_0
165	ntype_3
166	ntype_0
167	ntype_0
168	ntype_2
169	ntype_3
170	ntype_0
171	ntype_0
172	ntype_3
173	ntype_2
174	ntype_1
175	ntype_3
176	ntype_1
177	ntype_3
178	ntype_2
179	ntype_3
180	ntype_1
181	ntype_3
182	ntype_3
183	ntype_2
184	ntype_0
185	ntype_0
186	ntype_2
187	ntype_0
188	ntype_1
189	ntype_1
190	ntype_1
191	ntype_2
192	ntype_1
193	ntype_0
194	ntype_1
195	ntype_1
196	ntype_0
197	ntype_2
198	ntype_2
199	ntype_1
200	ntype_2
201	ntype_1
202	ntype_2
203	ntype_0
204	ntype_1
205	ntype_3
206	ntype_2
207	ntype_0
208	ntype_0
209	ntype_0
210	ntype_1
211	ntype_1
212	ntype_1
213	ntype_3
214	ntype_0
215	ntype_2
216	ntype_1
217	ntype_3
218	ntype_3
219	ntype_2
220	ntype_3
221	ntype_2
222	ntype_0
223	ntype_1
224	ntype_1
225	ntype_2
226	ntype_1
227	ntype_3
228	ntype_1
229	ntype_1
230	ntype_3
231	ntype_0
232	ntype_0
233	ntype_0
234	ntype_2
235	ntype_3
236	ntype_0
237	ntype_0
238	ntype_2
239	ntype_2
240	ntype_3
241	ntype_3
242	ntype_3
243	ntype_0
244	ntype_0
245	ntype_1
246	ntype_0
247	ntype_2
248	ntype_3
249	ntype_3
250	ntype_2
251	ntype_0
252	ntype_2
253	ntype_3
254	ntype_2
255	ntype_2
256	ntype_1
257	ntype_3
258	ntype_2
259	ntype_3
260	ntype_0
261	ntype_0
262	ntype_0
263	ntype_0
264	ntype_2
265	ntype_3
266	ntype_1
267	ntype_3
268	ntype_3
269	ntype_2
270	ntype_0
271	ntype_3
272	ntype_0
273	ntype_3
274	ntype_1
275	ntype_3
276	ntype_0
277	ntype_0
278	ntype_3
279	ntype_2
280	ntype_0
281	ntype_3
282	ntype_0
283	ntype_2
284	ntype_2
285	ntype_3
286	ntype_3
287	ntype_0
288	ntype_0
289	ntype_3
290	ntype_0
291	ntype_1
292	ntype_0
293	ntype_2
294	ntype_1
295	ntype_0
296	ntype_2
297	ntype_1
298	ntype_0
299	ntype_3
300	ntype_1
301	ntype_3
302	ntype_2
303	ntype_3
304	ntype_1
305	ntype_3
306	ntype_2
307	ntype_2
308	ntype_0
309	ntype_2
310	ntype_3
311	ntype_3
312	ntype_0
313	ntype_1
314	ntype_3
315	ntype_3
316	ntype_3
317	ntype_3
318	ntype_1
319	ntype_0
320	ntype_0
321	ntype_3
322	ntype_2
323	ntype_0
324	ntype_0
325	ntype_1
326	ntype_1
327	ntype_0
328	ntype_2
329	ntype_0
330	ntype_2
331	ntype_1
332	ntype_2
333	ntype_1
334	ntype_0
335	ntype_0
336	ntype_2
337	ntype_1
338	ntype_3
339	ntype_1
340	ntype_1
341	ntype_0
342	ntype_2
343	ntype_0
344	ntype_0
345	ntype_2
346	ntype_2
347	ntype_2
348	ntype_3
349	ntype_2
350	ntype_0
351	ntype_1
352	ntype_1
353	ntype_1
354	ntype_1
355	ntype_0
356	ntype_2
357	ntype_0
358	ntype_1
359	ntype_0
360	ntype_2
361	ntype_0
362	ntype_3
363	ntype_1
364	ntype_1
365	ntype_3
366	ntype_3
367	ntype_0
368	ntype_2
369	ntype_0
370	ntype_2
371	ntype_0
372	ntype_1
373	ntype_2
374	ntype_0
375	ntype_0
376	ntype_0
377	ntype_3
378	ntype_3
379	ntype_3
380	ntype_1
381	ntype_2
382	ntype_0
383	ntype_0
384	ntype_3
385	ntype_3
386	ntype_0
387	ntype_0
388	ntype_2
389	ntype_0
390	ntype_0
391	ntype_1
392	ntype_0
393	ntype_0
394	ntype_0
395	ntype_2
396	ntype_0
397	ntype_2
398	ntype_0
399	ntype_0
400	ntype_3
401	ntype_2
402	ntype_3
403	ntype_0
404	ntype_2
405	ntype_2
406	ntype_2
407	ntype_0
408	ntype_3
409	ntype_2
410	ntype_3
411	ntype_3
412	ntype_2
413	ntype_2
414	ntype_3
415	ntype_2
416	ntype_3
417	ntype_2
418	ntype_1
419	ntype_2
420	ntype_1
421	ntype_0
422	ntype_2
423	ntype_2
424	ntype_0
425	ntype_1
426	ntype_1
427	ntype_0
428	ntype_1
429	ntype_1
430	ntype_0
431	ntype_1
432	ntype_1
433	ntype_2
434	ntype_0
435	ntype_0
436	ntype_3
437	ntype_1
438	ntype_0
439	ntype_2
440	ntype_0
441	ntype_0
442	ntype_3
443	ntype_0
444	ntype_2
445	ntype_3
446	ntype_3
447	ntype_2
448	ntype_3
449	ntype_1
450	ntype_0
451	ntype_1
452	ntype_0
453	ntype_0
454	ntype_3
455	ntype_0
456	ntype_3
457	ntype_3
458	ntype_2
459	ntype_2
460	ntype_1
461	ntype_2
462	ntype_1
463	ntype_1
464	ntype_2
465	ntype_0
466	ntype_3
467	ntype_1
468	ntype_2
469	ntype_3
470	ntype_0
471	ntype_1
472	ntype_2
473	ntype_1
474	ntype_1
475	ntype_3
476	ntype_1
477	ntype_3
478	ntype_1
479	ntype_2
480	ntype_1
481	ntype_1
482	ntype_0
483	ntype_1
484	ntype_0
485	ntype_2
486	ntype_0
487	ntype_2
488	ntype_3
489	ntype_1
490	ntype_1
491	ntype_3
492	ntype_0
493	ntype_3
494	ntype_0
495	ntype_0
496	ntype_3
497	ntype_0
498	ntype_1
499	ntype_0
500	ntype_0
501	ntype_3
502	ntype_1
503	ntype_0
504	ntype_2
505	ntype_0
506	ntype_0
507	ntype_0
508	ntype_2
509	ntype_3
510	ntype_2
511	ntype_3
512	ntype_2
513	ntype_0
514	ntype_3
515	ntype_1
516	ntype_1
517	ntype_3
518	ntype_0
519	ntype_3
520	ntype_3
521	ntype_0
522	ntype_2
523	ntype_2
524	ntype_1
525	ntype_1
526	ntype_0
527	ntype_3
528	ntype_0
529	ntype_3
530	ntype_1
531	ntype_1
532	ntype_3
533	ntype_3
534	ntype_0
535	ntype_0
536	ntype_2
537	ntype_1
538	ntype_2
539	ntype_2
540	ntype_2
541	ntype_2
542	ntype_0
543	ntype_1
544	ntype_2
545	ntype_3
546	ntype_0
547	ntype_3
548	ntype_2
549	ntype_1
550	ntype_2
551	ntype_1
552	ntype_3
553	ntype_0
554	ntype_2
555	ntype_1
556	ntype_3
557	ntype_1
558	ntype_3
559	ntype_2
560	ntype_0
561	ntype_1
562	ntype_1
563	ntype_3
564	ntype_3
565	ntype_1
566	ntype_1
567	ntype_2
568	ntype_0
569	ntype_1
570	ntype_2
571	ntype_2
572	ntype_1
573	ntype_0
574	ntype_2
575	ntype_3
576	ntype_2
577	ntype_1
578	ntype_2
579	ntype_3
580	ntype_0
581	ntype_2
582	ntype_2
583	ntype_1
584	ntype_2
585	ntype_2
586	ntype_1
587	ntype_2
588	ntype_0
589	ntype_3
590	ntype_0
591	ntype_1
592	ntype_1
593	ntype_1
594	ntype_3
595	ntype_2
596	ntype_2
597	ntype_1
598	ntype_1
599	ntype_0
600	ntype_2
601	ntype_1
602	ntype_0
603	ntype_2
604	ntype_2
605	ntype_0
606	ntype_1
607	ntype_1
608	ntype_0
609	ntype_1
610	ntype_2
611	ntype_2
612	ntype_0
613	ntype_0
614	ntype_1
615	ntype_3
616	ntype_2
617	ntype_0
618	ntype_2
619	ntype_0
620	ntype_1
621	ntype_0
622	ntype_0
623	ntype_3
624	ntype_1
625	ntype_3
626	ntype_2
627	ntype_0
628	ntype_0
629	ntype_3
630	ntype_2
631	ntype_2
632	ntype_1
633	ntype_3
634	ntype_3
635	ntype_3
636	ntype_1
637	ntype_1
638	ntype_0
639	ntype_3
640	ntype_0
641	ntype_3
642	ntype_2
643	ntype_3
644	ntype_1
645	ntype_1
646	ntype_1
647	ntype_2
648	ntype_1
649	ntype_0
650	ntype_1
651	ntype_3
652	ntype_2
653	ntype_1
654	ntype_3
655	ntype_2
656	ntype_0
657	ntype_3
658	ntype_0
659	ntype_3
660	ntype_0
661	ntype_3
662	ntype_1
663	ntype_2
664	ntype_1
665	ntype_3
666	ntype_2
667	ntype_3
668	ntype_2
669	ntype_1
670	ntype_3
671	ntype_2
672	ntype_1
673	ntype_0
674	ntype_3
675	ntype_3
676	ntype_3
677	ntype_2
678	ntype_3
679	ntype_3
680	ntype_3
681	ntype_1
682	ntype_1
683	ntype_1
684	ntype_1
685	ntype_2
686	ntype_2
687	ntype_0
688	ntype_2
689	ntype_3
690	ntype_3
691	ntype_3
692	ntype_1
693	ntype_0
694	ntype_1
695	ntype_2
696	ntype_0
697	ntype_1
698	ntype_2
699	ntype_0
700	ntype_2
701	ntype_1
702	ntype_0
703	ntype_0
704	ntype_0
705	ntype_1
706	ntype_3
707	ntype_2
708	ntype_2
709	ntype_3
710	ntype_2
711	ntype_1
712	ntype_1
713	ntype_0
714	ntype_1
715	ntype_0
716	ntype_3
717	ntype_1
718	ntype_2
719	ntype_2
720	ntype_2
721	ntype_0
722	ntype_2
723	ntype_3
724	ntype_3
725	ntype_0
726	ntype_1
727	ntype_2
728	ntype_3
729	ntype_1
730	ntype_2
731	ntype_0
732	ntype_2
733	ntype_0
734	ntype_2
735	ntype_2
736	ntype_3
737	ntype_3
738	ntype_0
739	ntype_2
740	ntype_1
741	ntype_2
742	ntype_2
743	ntype_3
744	ntype_0
745	ntype_3
746	ntype_2
747	ntype_0
748	ntype_3
749	ntype_2
750	ntype_2
751	ntype_0
752	ntype_0
753	ntype_1
754	ntype_1
755	ntype_0
756	ntype_0
757	ntype_0
758	ntype_0
759	ntype_1
760	ntype_1
761	ntype_1
762	ntype_0
763	ntype_1
764	ntype_1
765	ntype_1
766	ntype_1
767	ntype_1
768	ntype_1
769	ntype_1
770	ntype_0
771	ntype_1
772	ntype_1
773	ntype_2
774	ntype_2
775	ntype_0
776	ntype_2
777	ntype_2
778	ntype_3
779	ntype_1
780	ntype_0
781	ntype_1
782	ntype_2
783	ntype_3
784	ntype_0
785	ntype_1
786	ntype_1
787	ntype_1
788	ntype_2
789	ntype_2
790	ntype_3
791	ntype_1
792	ntype_2
793	ntype_2
794	ntype_2
795	ntype_0
796	ntype_1
797	ntype_0
798	ntype_2
799	ntype_3
800	ntype_0
801	ntype_2
802	ntype_2
803	ntype_0
804	ntype_2
805	ntype_2
806	ntype_0
807	ntype_0
808	ntype_0
809	ntype_0
810	ntype_2
811	ntype_3
812	ntype_0
813	ntype_3
814	ntype_2
815	ntype_2
816	ntype_2
817	ntype_2
818	ntype_1
819	ntype_0
820	ntype_3
821	ntype_1
822	ntype_0
823	ntype_0
824	ntype_1
825	ntype_0
826	ntype_2
827	ntype_3
828	ntype_1
829	ntype_2
830	ntype_3
831	ntype_0
832	ntype_2
833	ntype_0
834	ntype_0
835	ntype_2
836	ntype_0
837	ntype_1
838	ntype_1
839	ntype_2
840	ntype_2
841	ntype_1
842	ntype_2
843	ntype_2
844	ntype_0
845	ntype_2
846	ntype_0
847	ntype_1
848	ntype_0
849	ntype_2
850	ntype_0
851	ntype_3
852	ntype_0
853	ntype_3
854	ntype_2
855	ntype_1
856	ntype_1
857	ntype_3
858	ntype_0
859	ntype_0
860	ntype_0
861	ntype_1
862	ntype_1
863	ntype_0
864	ntype_3
865	ntype_2
866	ntype_1
867	ntype_2
868	ntype_2
869	ntype_1
870	ntype_1
871	ntype_3
872	ntype_2
873	ntype_3
874	ntype_3
875	ntype_1
876	ntype_1
877	ntype_1
878	ntype_1
879	ntype_0
880	ntype_1
881	ntype_2
882	ntype_2
883	ntype_2
884	ntype_0
885	ntype_0
886	ntype_2
887	ntype_3
888	ntype_1
889	ntype_2
890	ntype_1
891	ntype_3
892	ntype_1
893	ntype_2
894	ntype_3
895	ntype_1
896	ntype_0
897	ntype_3
898	ntype_0
899	ntype_1
900	ntype_3
901	ntype_1
902	ntype_3
903	ntype_0
904	ntype_0
905	ntype_1
906	ntype_1
907	ntype_2
908	ntype_2
909	ntype_2
910	ntype_3
911	ntype_1
912	ntype_2
913	ntype_2
914	ntype_2
915	ntype_0
916	ntype_2
917	ntype_1
918	ntype_2
919	ntype_3
920	ntype_1
921	ntype_2
922	ntype_1
923	ntype_1
924	ntype_2
925	ntype_3
926	ntype_1
927	ntype_3
928	ntype_1
929	ntype_2
930	ntype_2
931	ntype_2
932	ntype_3
933	ntype_3
934	ntype_1
935	ntype_0
936	ntype_0
937	ntype_1
938	ntype_1
939	ntype_0
940	ntype_3
941	ntype_0
942	ntype_1
943	ntype_2
944	ntype_0
945	ntype_2
946	ntype_0
947	ntype_2
948	ntype_1
949	ntype_3
950	ntype_1
951	ntype_1
952	ntype_1
953	ntype_2
954	ntype_2
955	ntype_0
956	ntype_0
957	ntype_1
958	ntype_3
959	ntype_1
960	ntype_3
961	ntype_3
962	ntype_2
963	ntype_3
964	ntype_2
965	ntype_2
966	ntype_0
967	ntype_0
968	ntype_3
969	ntype_2
970	ntype_2
971	ntype_3
972	ntype_3
973	ntype_1
974	ntype_2
975	ntype_2
976	ntype_2
977	ntype_3
978	ntype_3
979	ntype_1
980	ntype_0
981	ntype_3
982	ntype_0
983	ntype_2
984	ntype_0
985	ntype_3
986	ntype_3
987	ntype_3
988	ntype_1
989	ntype_1
990	ntype_1
991	ntype_2
992	ntype_3
993	ntype_1
994	ntype_3
995	ntype_3
996	ntype_1
997	ntype_3
998	ntype_3
999	ntype_3
1000	ntype_1
1001	ntype_2
1002	ntype_2
1003	ntype_0
1004	ntype_2
1005	ntype_2
1006	ntype_0
1007	ntype_3
1008	ntype_2
1009	ntype_0
1010	ntype_3
1011	ntype_2
1012	ntype_2
1013	ntype_3
1014	ntype_2
1015	ntype_2
1016	ntype_0
1017	ntype_0
1018	ntype_2
1019	ntype_2
1020	ntype_0
1021	ntype_2
1022	ntype_0
1023	ntype_1
1024	ntype_0
1025	ntype_3
1026	ntype_0
1027	ntype_2
1028	ntype_0
1029	ntype_1
1030	ntype_0
1031	ntype_2
1032	ntype_1
1033	ntype_0
1034	ntype_1
1035	ntype_2
1036	ntype_1
1037	ntype_1
1038	ntype_3
1039	ntype_1
1040	ntype_2
1041	ntype_0
1042	ntype_1
1043	ntype_0
1044	ntype_0
1045	ntype_3
1046	ntype_0
1047	ntype_1
1048	ntype_3
1049	ntype_3
1050	ntype_0
1051	ntype_3
1052	ntype_1
1053	ntype_3
1054	ntype_0
1055	ntype_2
1056	ntype_2
1057	ntype_1
1058	ntype_2
1059	ntype_3
1060	ntype_0
1061	ntype_1
1062	ntype_3
1063	ntype_2
1064	ntype_1
1065	ntype_0
1066	ntype_2
1067	ntype_1
1068	ntype_1
1069	ntype_0
1070	ntype_2
1071	ntype_0
1072	ntype_2
1073	ntype_2
1074	ntype_0
1075	ntype_0
1076	ntype_1
1077	ntype_1
1078	ntype_1
1079	ntype_3
1080	ntype_1
1081	ntype_0
1082	ntype_0
1083	ntype_3
1084	ntype_1
1085	ntype_2
1086	ntype_3
1087	ntype_0
1088	ntype_1
1089	ntype_3
1090	ntype_1
1091	ntype_2
1092	ntype_1
1093	ntype_0
1094	ntype_2
1095	ntype_3
1096	ntype_2
1097	ntype_1
1098	ntype_0
1099	ntype_3
1100	ntype_1
1101	ntype_2
1102	ntype_0
1103	ntype_0
1104	ntype_0
1105	ntype_2
1106	ntype_2
1107	ntype_1
1108	ntype_3
1109	ntype_3
1110	ntype_0
1111	ntype_3
1112	ntype_3
1113	ntype_1
1114	ntype_0
1115	ntype_2
1116	ntype_1
1117	ntype_1
1118	ntype_0
1119	ntype_2
1120	ntype_0
1121	ntype_2
1122	ntype_0
1123	ntype_0
1124	ntype_1
1125	ntype_2
1126	ntype_1
1127	ntype_0
1128	ntype_2
1129	ntype_1
1130	ntype_3
1131	ntype_1
1132	ntype_2
1133	ntype_2
1134	ntype_1
1135	ntype_2
1136	ntype_3
1137	ntype_1
1138	ntype_3
1139	ntype_1
1140	ntype_1
1141	ntype_0
1142	ntype_3
1143	ntype_0
1144	ntype_1
1145	ntype_2
1146	ntype_2
1147	ntype_3
1148	ntype_1
1149	ntype_0
1150	ntype_3
1151	ntype_3
1152	ntype_2
1153	ntype_0
1154	ntype_0
1155	ntype_0
1156	ntype_0
1157	ntype_3
1158	ntype_0
1159	ntype_0
1160	ntype_2
1161	ntype_2
1162	ntype_0
1163	ntype_1
1164	ntype_1
1165	ntype_3
1166	ntype_0
1167	ntype_2
1168	ntype_3
1169	ntype_1
1170	ntype_2
1171	ntype_3
1172	ntype_3
1173	ntype_3
1174	ntype_3
1175	ntype_2
1176	ntype_2
1177	ntype_3
1178	ntype_3
1179	ntype_0
1180	ntype_0
1181	ntype_3
1182	ntype_0
1183	ntype_1
1184	ntype_0
1185	ntype_3
1186	ntype_3
1187	ntype_1
1188	ntype_0
1189	ntype_0
1190	ntype_3
1191	ntype_1
1192	ntype_0
1193	ntype_2
1194	ntype_0
1195	ntype_1
1196	ntype_2
1197	ntype_2
1198	ntype_3
1199	ntype_1
1200	ntype_2
1201	ntype_3
1202	ntype_2
1203	ntype_3
1204	ntype_2
1205	ntype_2
1206	ntype_2
1207	ntype_3
1208	ntype_2
1209	ntype_1
1210	ntype_3
1211	ntype_1
1212	ntype_2
1213	ntype_0
1214	ntype_0
1215	ntype_3
1216	ntype_0
1217	ntype_3
1218	ntype_3
1219	ntype_3
1220	ntype_1
1221	ntype_0
1222	ntype_0
1223	ntype_1
1224	ntype_1
1225	ntype_2
1226	ntype_2
1227	ntype_2
1228	ntype_0
1229	ntype_0
1230	ntype_0
1231	ntype_0
1232	ntype_1
1233	ntype_2
1234	ntype_3
1235	ntype_2
1236	ntype_2
1237	ntype_1
1238	ntype_3
1239	ntype_2
1240	ntype_2
1241	ntype_1
1242	ntype_0
1243	ntype_2
1244	ntype_2
1245	ntype_0
1246	ntype_1
1247	ntype_2
1248	ntype_3
1249	ntype_2
1250	ntype_0
1251	ntype_2
1252	ntype_1
1253	ntype_1
1254	ntype_2
1255	ntype_2
1256	ntype_3
1257	ntype_1
1258	ntype_0
1259	ntype_0
1260	ntype_3
1261	ntype_3
1262	ntype_3
1263	ntype_2
1264	ntype_3
1265	ntype_1
1266	ntype_2
1267	ntype_1
1268	ntype_0
1269	ntype_1
1270	ntype_0
1271	ntype_0
1272	ntype_0
1273	ntype_1
1274	ntype_2
1275	ntype_1
1276	ntype_3
1277	ntype_3
1278	ntype_0
1279	ntype_2
1280	ntype_0
1281	ntype_1
1282	ntype_0
1283	ntype_3
1284	ntype_0
1285	ntype_1
1286	ntype_0
1287	ntype_3
1288	ntype_2
1289	ntype_3
1290	ntype_3
1291	ntype_3
1292	ntype_2
1293	ntype_0
1294	ntype_3
1295	ntype_2
1296	ntype_2
1297	ntype_0
1298	ntype_0
1299	ntype_0
1300	ntype_2
1301	ntype_3
1302	ntype_2
1303	ntype_3
1304	ntype_0
1305	ntype_0
1306	ntype_2
1307	ntype_3
1308	ntype_3
1309	ntype_1
1310	ntype_3
1311	ntype_2
1312	ntype_0
1313	ntype_1
1314	ntype_1
1315	ntype_3
1316	ntype_1
1317	ntype_3
1318	ntype_2
1319	ntype_2
1320	ntype_2
1321	ntype_3
1322	ntype_0
1323	ntype_2
1324	ntype_1
1325	ntype_0
1326	ntype_2
1327	ntype_3
1328	ntype_1
1329	ntype_0
1330	ntype_0
1331	ntype_0
1332	ntype_1
1333	ntype_1
1334	ntype_2
1335	ntype_0
1336	ntype_1
1337	ntype_0
1338	ntype_2
1339	ntype_2
1340	ntype_3
1341	ntype_0
1342	ntype_2
1343	ntype_3
1344	ntype_2
1345	ntype_1
1346	ntype_3
1347	ntype_1
1348	ntype_2
1349	ntype_1
1350	ntype_0
1351	ntype_3
1352	ntype_2
1353	ntype_0
1354	ntype_1
1355	ntype_1
1356	ntype_1
1357	ntype_0
1358	ntype_2
1359	ntype_3
1360	ntype_2
1361	ntype_2
1362	ntype_3
1363	ntype_1
1364	ntype_0
1365	ntype_3
1366	ntype_0
1367	ntype_0
1368	ntype_0
1369	ntype_1
1370	ntype_1
1371	ntype_2
1372	ntype_1
1373	ntype_3
1374	ntype_1
1375	ntype_3
1376	ntype_3
1377	ntype_1
1378	ntype_2
1379	ntype_2
1380	ntype_3
1381	ntype_3
1382	ntype_2
1383	ntype_0
1384	ntype_0
1385	ntype_3
1386	ntype_1
1387	ntype_3
1388	ntype_0
1389	ntype_2
1390	ntype_0
1391	ntype_2
1392	ntype_0
1393	ntype_1
1394	ntype_1
1395	ntype_3
1396	ntype_3
1397	ntype_3
1398	ntype_2
1399	ntype_0
1400	ntype_3
1401	ntype_1
1402	ntype_3
1403	ntype_3
1404	ntype_2
1405	ntype_3
1406	ntype_1
1407	ntype_2
1408	ntype_1
1409	ntype_2
1410	ntype_0
1411	ntype_3
1412	ntype_0
1413	ntype_0
1414	ntype_3
1415	ntype_2
1416	ntype_2
1417	ntype_2
1418	ntype_2
1419	ntype_2
1420	ntype_0
1421	ntype_2
1422	ntype_2
1423	ntype_1
1424	ntype_3
1425	ntype_2
1426	ntype_0
1427	ntype_2
1428	ntype_3
1429	ntype_2
1430	ntype_0
1431	ntype_3
1432	ntype_0
1433	ntype_3
1434	ntype_3
1435	ntype_0
1436	ntype_2
1437	ntype_3
1438	ntype_1
1439	ntype_0
1440	ntype_1
1441	ntype_0
1442	ntype_0
1443	ntype_0
1444	ntype_2
1445	ntype_3
1446	ntype_3
1447	ntype_1
1448	ntype_1
1449	ntype_1
1450	ntype_2
1451	ntype_3
1452	ntype_1
1453	ntype_2
1454	ntype_3
1455	ntype_2
1456	ntype_1
1457	ntype_2
1458	ntype_3
1459	ntype_1
1460	ntype_3
1461	ntype_2
1462	ntype_3
1463	ntype_3
1464	ntype_3
1465	ntype_3
1466	ntype_2
1467	ntype_3
1468	ntype_0
1469	ntype_0
1470	ntype_1
1471	ntype_2
1472	ntype_1
1473	ntype_0
1474	ntype_3
1475	ntype_3
1476	ntype_2
1477	ntype_2
1478	ntype_1
1479	ntype_1
1480	ntype_3
1481	ntype_0
1482	ntype_3
1483	ntype_3
1484	ntype_2
1485	ntype_1
1486	ntype_0
1487	ntype_0
1488	ntype_2
1489	ntype_0
1490	ntype_3
1491	ntype_1
1492	ntype_3
1493	ntype_1
1494	ntype_2
1495	ntype_2
1496	ntype_3
1497	ntype_0
1498	ntype_1
1499	ntype_0
1500	ntype_3
1501	ntype_3
1502	ntype_1
1503	ntype_2
1504	ntype_1
1505	ntype_0
1506	ntype_0
1507	ntype_1
1508	ntype_0
1509	ntype_0
1510	ntype_3
1511	ntype_0
1512	ntype_0
1513	ntype_2
1514	ntype_2
1515	ntype_3
1516	ntype_3
1517	ntype_3
1518	ntype_1
1519	ntype_2
1520	ntype_3
1521	ntype_0
1522	ntype_0
1523	ntype_3
1524	ntype_2
1525	ntype_3
1526	ntype_3
1527	ntype_2
1528	ntype_1
1529	ntype_1
1530	ntype_3
1531	ntype_0
1532	ntype_2
1533	ntype_2
1534	ntype_0
1535	ntype_0
1536	ntype_1
1537	ntype_1
1538	ntype_0
1539	ntype_1
1540	ntype_3
1541	ntype_0
1542	ntype_1
1543	ntype_2
1544	ntype_3
1545	ntype_3
1546	ntype_3
1547	ntype_0
1548	ntype_0
1549	ntype_1
1550	ntype_0
1551	ntype_3
1552	ntype_0
1553	ntype_2
1554	ntype_2
1555	ntype_3
1556	ntype_3
1557	ntype_0
1558	ntype_3
1559	ntype_3
1560	ntype_1
1561	ntype_3
1562	ntype_3
1563	ntype_0
1564	ntype_2
1565	ntype_3
1566	ntype_3
1567	ntype_2
1568	ntype_0
1569	ntype_3
1570	ntype_0
1571	ntype_1
1572	ntype_0
1573	ntype_3
1574	ntype_2
1575	ntype_0
1576	ntype_3
1577	ntype_1
1578	ntype_3
1579	ntype_0
1580	ntype_3
1581	ntype_2
1582	ntype_0
1583	ntype_0
1584	ntype_1
1585	ntype_1
1586	ntype_3
1587	ntype_3
1588	ntype_0
1589	ntype_2
1590	ntype_2
1591	ntype_2
1592	ntype_2
1593	ntype_1
1594	ntype_0
1595	ntype_2
1596	ntype_3
1597	ntype_0
1598	ntype_3
1599	ntype_3
1600	ntype_1
1601	ntype_1
1602	ntype_1
1603	ntype_2
1604	ntype_0
1605	ntype_0
1606	ntype_3
1607	ntype_1
1608	ntype_1
1609	ntype_3
1610	ntype_0
1611	ntype_1
1612	ntype_3
1613	ntype_2
1614	ntype_3
1615	ntype_3
1616	ntype_2
1617	ntype_3
1618	ntype_0
1619	ntype_2
1620	ntype_0
1621	ntype_3
1622	ntype_1
1623	ntype_2
1624	ntype_3
1625	ntype_2
1626	ntype_3
1627	ntype_0
1628	ntype_3
1629	ntype_3
1630	ntype_1
1631	ntype_3
1632	ntype_2
1633	ntype_0
1634	ntype_2
1635	ntype_2
1636	ntype_3
1637	ntype_0
1638	ntype_3
1639	ntype_0
1640	ntype_2
1641	ntype_1
1642	ntype_2
1643	ntype_3
1644	ntype_3
1645	ntype_0
1646	ntype_1
1647	ntype_1
1648	ntype_2
1649	ntype_2
1650	ntype_0
1651	ntype_0
1652	ntype_3
1653	ntype_1
1654	ntype_3
1655	ntype_0
1656	ntype_3
1657	ntype_3
1658	ntype_1
1659	ntype_0
1660	ntype_3
1661	ntype_3
1662	ntype_2
1663	ntype_0
1664	ntype_3
1665	ntype_1
1666	ntype_0
1667	ntype_2
1668	ntype_3
1669	ntype_0
1670	ntype_3
1671	ntype_0
1672	ntype_1
1673	ntype_3
1674	ntype_0
1675	ntype_1
1676	ntype_0
1677	ntype_2
1678	ntype_1
1679	ntype_2
1680	ntype_2
1681	ntype_0
1682	ntype_1
1683	ntype_3
1684	ntype_1
1685	ntype_3
1686	ntype_0
1687	ntype_2
1688	ntype_1
1689	ntype_1
1690	ntype_3
1691	ntype_2
1692	ntype_3
1693	ntype_0
1694	ntype_2
1695	ntype_2
1696	ntype_2
1697	ntype_2
1698	ntype_0
1699	ntype_0
1700	ntype_2
1701	ntype_3
1702	ntype_1
1703	ntype_1
1704	ntype_3
1705	ntype_2
1706	ntype_0
1707	ntype_3
1708	ntype_3
1709	ntype_2
1710	ntype_3
1711	ntype_3
1712	ntype_2
1713	ntype_0
1714	ntype_0
1715	ntype_2
1716	ntype_3
1717	ntype_0
1718	ntype_2
1719	ntype_0
1720	ntype_0
1721	ntype_2
1722	ntype_2
1723	ntype_2
1724	ntype_1
1725	ntype_2
1726	ntype_3
1727	ntype_3
1728	ntype_2
1729	ntype_0
1730	ntype_3
1731	ntype_3
1732	ntype_1
1733	ntype_1
1734	ntype_0
1735	ntype_3
1736	ntype_1
1737	ntype_1
1738	ntype_2
1739	ntype_2
1740	ntype_3
1741	ntype_2
1742	ntype_2
1743	ntype_1
1744	ntype_2
1745	ntype_1
1746	ntype_1
1747	ntype_0
1748	ntype_0
1749	ntype_1
1750	ntype_1
1751	ntype_1
1752	ntype_1
1753	ntype_1
1754	ntype_1
1755	ntype_3
1756	ntype_1
1757	ntype_0
1758	ntype_3
1759	ntype_0
1760	ntype_0
1761	ntype_3
1762	ntype_1
1763	ntype_2
1764	ntype_1
1765	ntype_3
1766	ntype_3
1767	ntype_0
1768	ntype_0
1769	ntype_2
1770	ntype_0
1771	ntype_2
1772	ntype_1
1773	ntype_1
1774	ntype_1
1775	ntype_1
1776	ntype_2
1777	ntype_2
1778	ntype_2
1779	ntype_3
1780	ntype_1
1781	ntype_2
1782	ntype_0
1783	ntype_2
1784	ntype_3
1785	ntype_0
1786	ntype_1
1787	ntype_1
1788	ntype_3
1789	ntype_1
1790	ntype_3
1791	ntype_2
1792	ntype_3
1793	ntype_1
1794	ntype_0
1795	ntype_1
1796	ntype_1
1797	ntype_3
1798	ntype_1
1799	ntype_0
1800	ntype_1
1801	ntype_0
1802	ntype_0
1803	ntype_1
1804	ntype_3
1805	ntype_1
1806	ntype_2
1807	ntype_3
1808	ntype_0
1809	ntype_3
1810	ntype_2
1811	ntype_1
1812	ntype_2
1813	ntype_0
1814	ntype_2
1815	ntype_2
1816	ntype_1
1817	ntype_1
1818	ntype_3
1819	ntype_0
1820	ntype_0
1821	ntype_1
1822	ntype_2
1823	ntype_2
1824	ntype_3
1825	ntype_3
1826	ntype_1
1827	ntype_2
1828	ntype_3
1829	ntype_2
1830	ntype_2
1831	ntype_0
1832	ntype_0
1833	ntype_1
1834	ntype_2
1835	ntype_0
1836	ntype_3
1837	ntype_0
1838	ntype_3
1839	ntype_3
1840	ntype_1
1841	ntype_3
1842	ntype_3
1843	ntype_1
1844	ntype_3
1845	ntype_3
1846	ntype_0
1847	ntype_3
1848	ntype_1
1849	ntype_0
1850	ntype_1
1851	ntype_0
1852	ntype_3
1853	ntype_1
1854	ntype_0
1855	ntype_2
1856	ntype_0
1857	ntype_0
1858	ntype_2
1859	ntype_2
1860	ntype_3
1861	ntype_0
1862	ntype_1
1863	ntype_0
1864	ntype_3
1865	ntype_3
1866	ntype_3
1867	ntype_0
1868	ntype_1
1869	ntype_3
1870	ntype_1
1871	ntype_3
1872	ntype_2
1873	ntype_1
1874	ntype_2
1875	ntype_3
1876	ntype_0
1877	ntype_1
1878	ntype_3
1879	ntype_3
1880	ntype_0
1881	ntype_3
1882	ntype_0
1883	ntype_1
1884	ntype_1
1885	ntype_1
1886	ntype_1
1887	ntype_0
1888	ntype_2
1889	ntype_2
1890	ntype_1
1891	ntype_2
1892	ntype_0
1893	ntype_1
1894	ntype_1
1895	ntype_1
1896	ntype_3
1897	ntype_0
1898	ntype_1
1899	ntype_1
1900	ntype_1
1901	ntype_2
1902	ntype_0
1903	ntype_2
1904	ntype_3
1905	ntype_3
1906	ntype_3
1907	ntype_3
1908	ntype_2
1909	ntype_1
1910	ntype_1
1911	ntype_1
1912	ntype_3
1913	ntype_2
1914	ntype_3
1915	ntype_1
1916	ntype_2
1917	ntype_2
1918	ntype_1
1919	ntype_2
1920	ntype_1
1921	ntype_0
1922	ntype_3
1923	ntype_1
1924	ntype_0
1925	ntype_1
1926	ntype_2
1927	ntype_2
1928	ntype_0
1929	ntype_1
1930	ntype_3
1931	ntype_0
1932	ntype_1
1933	ntype_2
1934	ntype_3
1935	ntype_3
1936	ntype_3
1937	ntype_1
1938	ntype_0
1939	ntype_1
1940	ntype_1
1941	ntype_2
1942	ntype_2
1943	ntype_0
1944	ntype_1
1945	ntype_3
1946	ntype_3
1947	ntype_3
1948	ntype_0
1949	ntype_1
1950	ntype_0
1951	ntype_0
1952	ntype_2
1953	ntype_2
1954	ntype_1
1955	ntype_0
1956	ntype_3
1957	ntype_1
1958	ntype_0
1959	ntype_0
1960	ntype_2
1961	ntype_0
1962	ntype_2
1963	ntype_2
1964	ntype_1
1965	ntype_1
1966	ntype_0
1967	ntype_3
1968	ntype_2
1969	ntype_3
1970	ntype_3
1971	ntype_0
1972	ntype_1
1973	ntype_2
1974	ntype_0
1975	ntype_2
1976	ntype_3
1977	ntype_0
1978	ntype_1
1979	ntype_3
1980	ntype_0
1981	ntype_1
1982	ntype_0
1983	ntype_2
1984	ntype_0
1985	ntype_2
1986	ntype_2
1987	ntype_1
1988	ntype_0
1989	ntype_3
1990	ntype_1
1991	ntype_2
1992	ntype_3
1993	ntype_0
1994	ntype_0
1995	ntype_2
1996	ntype_1
1997	ntype_3
1998	ntype_1
1999	ntype_3
2000	ntype_1
2001	ntype_0
2002	ntype_1
2003	ntype_3
2004	ntype_2
2005	ntype_2
2006	ntype_2
2007	ntype_2
2008	ntype_1
2009	ntype_0
2010	ntype_2
2011	ntype_2
2012	ntype_1
2013	ntype_0
2014	ntype_3
2015	ntype_2
2016	ntype_0
2017	ntype_2
2018	ntype_1
2019	ntype_3
2020	ntype_0
2021	ntype_3
2022	ntype_3
2023	ntype_2
2024	ntype_3
2025	ntype_1
2026	ntype_1
2027	ntype_1
2028	ntype_3
2029	ntype_0
2030	ntype_0
2031	ntype_0
2032	ntype_1
2033	ntype_1
2034	ntype_2
2035	ntype_1
2036	ntype_2
2037	ntype_1
2038	ntype_0
2039	ntype_3
2040	ntype_2
2041	ntype_0
2042	ntype_0
2043	ntype_2
2044	ntype_1
2045	ntype_3
2046	ntype_3
2047	ntype_1
2048	ntype_1
2049	ntype_0
2050	ntype_3
2051	ntype_2
2052	ntype_1
2053	ntype_2
2054	ntype_1
2055	ntype_0
2056	ntype_1
2057	ntype_1
2058	ntype_1
2059	ntype_3
2060	ntype_2
2061	ntype_0
2062	ntype_2
2063	ntype_1
2064	ntype_0
2065	ntype_2
2066	ntype_0
2067	ntype_0
2068	ntype_2
2069	ntype_0
2070	ntype_1
2071	ntype_2
2072	ntype_2
2073	ntype_0
2074	ntype_3
2075	ntype_2
2076	ntype_2
2077	ntype_0
2078	ntype_2
2079	ntype_1
2080	ntype_1
2081	ntype_2
2082	ntype_3
2083	ntype_0
2084	ntype_1
2085	ntype_2
2086	ntype_3
2087	ntype_1
2088	ntype_3
2089	ntype_3
2090	ntype_3
2091	ntype_2
2092	ntype_2
2093	ntype_0
2094	ntype_0
2095	ntype_0
2096	ntype_1
2097	ntype_2
2098	ntype_3
2099	ntype_1
2100	ntype_3
2101	ntype_1
2102	ntype_1
2103	ntype_0
2104	ntype_1
2105	ntype_2
2106	ntype_1
2107	ntype_3
2108	ntype_1
2109	ntype_0
2110	ntype_3
2111	ntype_3
2112	ntype_2
2113	ntype_0
2114	ntype_3
2115	ntype_0
2116	ntype_1
2117	ntype_1
2118	ntype_2
2119	ntype_3
2120	ntype_0
2121	ntype_2
2122	ntype_2
2123	ntype_2
2124	ntype_2
2125	ntype_1
2126	ntype_1
2127	ntype_3
2128	ntype_3
2129	ntype_2
2130	ntype_1
2131	ntype_1
2132	ntype_2
2133	ntype_1
2134	ntype_2
2135	ntype_1
2136	ntype_2
2137	ntype_0
2138	ntype_0
2139	ntype_3
2140	ntype_2
2141	ntype_1
2142	ntype_3
2143	ntype_1
2144	ntype_0
2145	ntype_0
2146	ntype_2
2147	ntype_2
2148	ntype_3
2149	ntype_1
2150	ntype_2
2151	ntype_0
2152	ntype_3
2153	ntype_1
2154	ntype_3
2155	ntype_1
2156	ntype_1
2157	ntype_2
2158	ntype_0
2159	ntype_1
2160	ntype_3
2161	ntype_3
2162	ntype_3
2163	ntype_1
2164	ntype_2
2165	ntype_0
2166	ntype_0
2167	ntype_2
2168	ntype_3
2169	ntype_3
2170	ntype_0
2171	ntype_3
2172	ntype_0
2173	ntype_2
2174	ntype_1
2175	ntype_0
2176	ntype_1
2177	ntype_3
2178	ntype_1
2179	ntype_1
2180	ntype_2
2181	ntype_3
2182	ntype_2
2183	ntype_0
2184	ntype_0
2185	ntype_3
2186	ntype_1
2187	ntype_1
2188	ntype_3
2189	ntype_2
2190	ntype_2
2191	ntype_3
2192	ntype_1
2193	ntype_2
2194	ntype_0
2195	ntype_0
2196	ntype_0
2197	ntype_0
2198	ntype_1
2199	ntype_3
2200	ntype_2
2201	ntype_1
2202	ntype_3
2203	ntype_0
2204	ntype_3
2205	ntype_1
2206	ntype_3
2207	ntype_3
2208	ntype_2
2209	ntype_2
2210	ntype_3
2211	ntype_1
2212	ntype_3
2213	ntype_0
2214	ntype_2
2215	ntype_2
2216	ntype_3
2217	ntype_0
2218	ntype_1
2219	ntype_0
2220	ntype_0
2221	ntype_3
2222	ntype_0
2223	ntype_0
2224	ntype_2
2225	ntype_1
2226	ntype_3
2227	ntype_1
2228	ntype_1
2229	ntype_3
2230	ntype_3
2231	ntype_1
2232	ntype_2
2233	ntype_2
2234	ntype_1
2235	ntype_0
2236	ntype_0
2237	ntype_1
2238	ntype_2
2239	ntype_0
2240	ntype_1
2241	ntype_2
2242	ntype_1
2243	ntype_0
2244	ntype_0
2245	ntype_0
2246	ntype_3
2247	ntype_0
2248	ntype_2
2249	ntype_2
2250	ntype_1
2251	ntype_3
2252	ntype_2
2253	ntype_3
2254	ntype_1
2255	ntype_2
2256	ntype_0
2257	ntype_2
2258	ntype_0
2259	ntype_0
2260	ntype_1
2261	ntype_3
2262	ntype_3
2263	ntype_2
2264	ntype_1
2265	ntype_3
2266	ntype_0
2267	ntype_0
2268	ntype_0
2269	ntype_1
2270	ntype_1
2271	ntype_0
2272	ntype_3
2273	ntype_2
2274	ntype_2
2275	ntype_0
2276	ntype_2
2277	ntype_3
2278	ntype_0
2279	ntype_3
2280	ntype_3
2281	ntype_1
2282	ntype_1
2283	ntype_1
2284	ntype_2
2285	ntype_3
2286	ntype_2
2287	ntype_0
2288	ntype_3
2289	ntype_2
2290	ntype_3
2291	ntype_3
2292	ntype_1
2293	ntype_2
2294	ntype_2
2295	ntype_3
2296	ntype_3
2297	ntype_0
2298	ntype_3
2299	ntype_1
2300	ntype_0
2301	ntype_3
2302	ntype_2
2303	ntype_2
2304	ntype_0
2305	ntype_2
2306	ntype_0
2307	ntype_3
2308	ntype_0
2309	ntype_0
2310	ntype_1
2311	ntype_2
2312	ntype_3
2313	ntype_2
2314	ntype_0
2315	ntype_3
2316	ntype_0
2317	ntype_2
2318	ntype_0
2319	ntype_1
2320	ntype_0
2321	ntype_2
2322	ntype_3
2323	ntype_1
2324	ntype_3
2325	ntype_0
2326	ntype_2
2327	ntype_3
2328	ntype_3
2329	ntype_3
2330	ntype_3
2331	ntype_0
2332	ntype_2
2333	ntype_0
2334	ntype_3
2335	ntype_3
2336	ntype_3
2337	ntype_1
2338	ntype_1
2339	ntype_0
2340	ntype_3
2341	ntype_3
2342	ntype_1
2343	ntype_0
2344	ntype_0
2345	ntype_2
2346	ntype_2
2347	ntype_1
2348	ntype_1
2349	ntype_2
2350	ntype_1
2351	ntype_1
2352	ntype_1
2353	ntype_1
2354	ntype_2
2355	ntype_0
2356	ntype_2
2357	ntype_3
2358	ntype_1
2359	ntype_1
2360	ntype_0
2361	ntype_3
2362	ntype_2
2363	ntype_1
2364	ntype_3
2365	ntype_2
2366	ntype_0
2367	ntype_2
2368	ntype_3
2369	ntype_1
2370	ntype_3
2371	ntype_2
2372	ntype_0
2373	ntype_2
2374	ntype_0
2375	ntype_0
2376	ntype_2
2377	ntype_2
2378	ntype_3
2379	ntype_1
2380	ntype_1
2381	ntype_0
2382	ntype_0
2383	ntype_3
2384	ntype_1
2385	ntype_0
2386	ntype_2
2387	ntype_0
2388	ntype_1
2389	ntype_0
2390	ntype_1
2391	ntype_3
2392	ntype_0
2393	ntype_3
2394	ntype_2
2395	ntype_0
2396	ntype_0
2397	ntype_0
2398	ntype_1
2399	ntype_0
2400	ntype_3
2401	ntype_1
2402	ntype_3
2403	ntype_2
2404	ntype_3
2405	ntype_3
2406	ntype_2
2407	ntype_3
2408	ntype_2
2409	ntype_0
2410	ntype_1
2411	ntype_3
2412	ntype_3
2413	ntype_0
2414	ntype_3
2415	ntype_2
2416	ntype_2
2417	ntype_1
2418	ntype_0
2419	ntype_3
2420	ntype_0
2421	ntype_2
2422	ntype_2
2423	ntype_2
2424	ntype_1
2425	ntype_1
2426	ntype_1
2427	ntype_1
2428	ntype_1
2429	ntype_2
2430	ntype_0
2431	ntype_0
2432	ntype_0
2433	ntype_0
2434	ntype_2
2435	ntype_1
2436	ntype_0
2437	ntype_1
2438	ntype_3
2439	ntype_3
2440	ntype_1
2441	ntype_0
2442	ntype_3
2443	ntype_1
2444	ntype_2
2445	ntype_3
2446	ntype_0
2447	ntype_1
2448	ntype_1
2449	ntype_1
2450	ntype_1
2451	ntype_2
2452	ntype_3
2453	ntype_1
2454	ntype_2
2455	ntype_3
2456	ntype_1
2457	ntype_0
2458	ntype_1
2459	ntype_2
2460	ntype_1
2461	ntype_0
2462	ntype_0
2463	ntype_1
2464	ntype_2
2465	ntype_3
2466	ntype_0
2467	ntype_0
2468	ntype_3
2469	ntype_1
2470	ntype_1
2471	ntype_0
2472	ntype_0
2473	ntype_1
2474	ntype_0
2475	ntype_3
2476	ntype_0
2477	ntype_2
2478	ntype_1
2479	ntype_0
2480	ntype_1
2481	ntype_1
2482	ntype_2
2483	ntype_1
2484	ntype_2
2485	ntype_1
2486	ntype_3
2487	ntype_0
2488	ntype_1
2489	ntype_2
2490	ntype_2
2491	ntype_0
2492	ntype_0
2493	ntype_0
2494	ntype_1
2495	ntype_0
2496	ntype_0
2497	ntype_1
2498	ntype_3
2499	ntype_2
2500	ntype_2
2501	ntype_2
2502	ntype_2
2503	ntype_0
2504	ntype_1
2505	ntype_2
2506	ntype_1
2507	ntype_0
2508	ntype_1
2509	ntype_1
2510	ntype_0
2511	ntype_1
2512	ntype_2
2513	ntype_0
2514	ntype_0
2515	ntype_3
2516	ntype_3
2517	ntype_1
2518	ntype_0
2519	ntype_0
2520	ntype_0
2521	ntype_3
2522	ntype_3
2523	ntype_3
2524	ntype_0
2525	ntype_2
2526	ntype_0
2527	ntype_2
2528	ntype_1
2529	ntype_1
2530	ntype_0
2531	ntype_3
2532	ntype_1
2533	ntype_1
2534	ntype_0
2535	ntype_0
2536	ntype_2
2537	ntype_2
2538	ntype_2
2539	ntype_2
2540	ntype_2
2541	ntype_3
2542	ntype_2
2543	ntype_3
2544	ntype_3
2545	ntype_1
2546	ntype_0
2547	ntype_1
2548	ntype_0
2549	ntype_3
2550	ntype_1
2551	ntype_0
2552	ntype_3
2553	ntype_3
2554	ntype_2
2555	ntype_1
2556	ntype_0
2557	ntype_0
2558	ntype_2
2559	ntype_0
2560	ntype_1
2561	ntype_2
2562	ntype_3
2563	ntype_1
2564	ntype_0
2565	ntype_0
2566	ntype_1
2567	ntype_0
2568	ntype_1
2569	ntype_3
2570	ntype_3
2571	ntype_0
2572	ntype_1
2573	ntype_2
2574	ntype_2
2575	ntype_3
2576	ntype_1
2577	ntype_3
2578	ntype_0
2579	ntype_1
2580	ntype_1
2581	ntype_1
2582	ntype_2
2583	ntype_3
2584	ntype_2
2585	ntype_1
2586	ntype_3
2587	ntype_2
2588	ntype_1
2589	ntype_1
2590	ntype_2
2591	ntype_2
2592	ntype_1
2593	ntype_1
2594	ntype_3
2595	ntype_3
2596	ntype_0
2597	ntype_2
2598	ntype_1
2599	ntype_0
2600	ntype_2
2601	ntype_0
2602	ntype_2
2603	ntype_2
2604	ntype_0
2605	ntype_3
2606	ntype_3
2607	ntype_2
2608	ntype_3
2609	ntype_2
2610	ntype_2
2611	ntype_0
2612	ntype_3
2613	ntype_0
2614	ntype_2
2615	ntype_1
2616	ntype_0
2617	ntype_2
2618	ntype_1
2619	ntype_0
2620	ntype_3
2621	ntype_0
2622	ntype_3
2623	ntype_3
2624	ntype_0
2625	ntype_2
2626	ntype_0
2627	ntype_2
2628	ntype_0
2629	ntype_1
2630	ntype_1
2631	ntype_3
2632	ntype_0
2633	ntype_2
2634	ntype_2
2635	ntype_3
2636	ntype_0
2637	ntype_0
2638	ntype_3
2639	ntype_0
2640	ntype_1
2641	ntype_2
2642	ntype_0
2643	ntype_1
2644	ntype_0
2645	ntype_2
2646	ntype_1
2647	ntype_2
2648	ntype_0
2649	ntype_2
2650	ntype_1
2651	ntype_0
2652	ntype_2
2653	ntype_3
2654	ntype_1
2655	ntype_2
2656	ntype_2
2657	ntype_3
2658	ntype_3
2659	ntype_2
2660	ntype_2
2661	ntype_3
2662	ntype_2
2663	ntype_1
2664	ntype_3
2665	ntype_0
2666	ntype_0
2667	ntype_0
2668	ntype_1
2669	ntype_1
2670	ntype_0
2671	ntype_3
2672	ntype_3
2673	ntype_0
2674	ntype_2
2675	ntype_2
2676	ntype_2
2677	ntype_3
2678	ntype_1
2679	ntype_1
2680	ntype_2
2681	ntype_1
2682	ntype_3
2683	ntype_3
2684	ntype_1
2685	ntype_3
2686	ntype_0
2687	ntype_0
2688	ntype_0
2689	ntype_0
2690	ntype_1
2691	ntype_2
2692	ntype_1
2693	ntype_1
2694	ntype_0
2695	ntype_0
2696	ntype_2
2697	ntype_0
2698	ntype_2
2699	ntype_2
2700	ntype_3
2701	ntype_3
2702	ntype_2
2703	ntype_2
2704	ntype_3
2705	ntype_0
2706	ntype_0
2707	ntype_0
2708	ntype_1
2709	ntype_0
2710	ntype_2
2711	ntype_3
2712	ntype_2
2713	ntype_0
2714	ntype_0
2715	ntype_1
2716	ntype_0
2717	ntype_1
2718	ntype_1
2719	ntype_0
2720	ntype_1
2721	ntype_2
2722	ntype_2
2723	ntype_0
2724	ntype_3
2725	ntype_3
2726	ntype_0
2727	ntype_3
2728	ntype_1
2729	ntype_0
2730	ntype_1
2731	ntype_2
2732	ntype_3
2733	ntype_0
2734	ntype_3
2735	ntype_3
2736	ntype_2
2737	ntype_0
2738	ntype_0
2739	ntype_2
2740	ntype_1
2741	ntype_2
2742	ntype_2
2743	ntype_2
2744	ntype_2
2745	ntype_2
2746	ntype_2
2747	ntype_0
2748	ntype_2
2749	ntype_3
2750	ntype_2
2751	ntype_2
2752	ntype_0
2753	ntype_3
2754	ntype_0
2755	ntype_3
2756	ntype_0
2757	ntype_3
2758	ntype_1
2759	ntype_0
2760	ntype_1
2761	ntype_3
2762	ntype_2
2763	ntype_0
2764	ntype_2
2765	ntype_0
2766	ntype_1
2767	ntype_0
2768	ntype_1
2769	ntype_2
2770	ntype_0
2771	ntype_1
2772	ntype_3
2773	ntype_2
2774	ntype_0
2775	ntype_1
2776	ntype_1
2777	ntype_1
2778	ntype_2
2779	ntype_3
2780	ntype_0
2781	ntype_3
2782	ntype_2
2783	ntype_0
2784	ntype_2
2785	ntype_1
2786	ntype_1
2787	ntype_2
2788	ntype_0
2789	ntype_0
2790	ntype_2
2791	ntype_1
2792	ntype_2
2793	ntype_3
2794	ntype_0
2795	ntype_1
2796	ntype_1
2797	ntype_3
2798	ntype_1
2799	ntype_3
2800	ntype_1
2801	ntype_3
2802	ntype_2
2803	ntype_3
2804	ntype_3
2805	ntype_2
2806	ntype_2
2807	ntype_3
2808	ntype_3
2809	ntype_3
2810	ntype_1
2811	ntype_0
2812	ntype_3
2813	ntype_3
2814	ntype_1
2815	ntype_3
2816	ntype_0
2817	ntype_1
2818	ntype_3
2819	ntype_1
2820	ntype_3
2821	ntype_2
2822	ntype_2
2823	ntype_2
2824	ntype_3
2825	ntype_2
2826	ntype_3
2827	ntype_3
2828	ntype_0
2829	ntype_2
2830	ntype_3
2831	ntype_3
2832	ntype_0
2833	ntype_0
2834	ntype_0
2835	ntype_3
2836	ntype_2
2837	ntype_2
2838	ntype_2
2839	ntype_1
2840	ntype_2
2841	ntype_2
2842	ntype_3
2843	ntype_1
2844	ntype_3
2845	ntype_0
2846	ntype_0
2847	ntype_1
2848	ntype_2
2849	ntype_0
2850	ntype_1
2851	ntype_3
2852	ntype_2
2853	ntype_3
2854	ntype_1
2855	ntype_0
2856	ntype_1
2857	ntype_1
2858	ntype_1
2859	ntype_1
2860	ntype_2
2861	ntype_2
2862	ntype_0
2863	ntype_3
2864	ntype_0
2865	ntype_3
2866	ntype_3
2867	ntype_0
2868	ntype_3
2869	ntype_3
2870	ntype_0
2871	ntype_0
2872	ntype_3
2873	ntype_3
2874	ntype_3
2875	ntype_2
2876	ntype_0
2877	ntype_2
2878	ntype_0
2879	ntype_3
2880	ntype_2
2881	ntype_1
2882	ntype_2
2883	ntype_3
2884	ntype_2
2885	ntype_1
2886	ntype_3
2887	ntype_0
2888	ntype_3
2889	ntype_2
2890	ntype_3
2891	ntype_1
2892	ntype_1
2893	ntype_0
2894	ntype_2
2895	ntype_1
2896	ntype_1
2897	ntype_3
2898	ntype_3
2899	ntype_3
2900	ntype_3
2901	ntype_1
2902	ntype_1
2903	ntype_3
2904	ntype_2
2905	ntype_1
2906	ntype_3
2907	ntype_0
2908	ntype_1
2909	ntype_2
2910	ntype_1
2911	ntype_0
2912	ntype_1
2913	ntype_0
2914	ntype_1
2915	ntype_0
2916	ntype_1
2917	ntype_1
2918	ntype_0
2919	ntype_0
2920	ntype_0
2921	ntype_2
2922	ntype_2
2923	ntype_3
2924	ntype_3
2925	ntype_1
2926	ntype_3
2927	ntype_2
2928	ntype_2
2929	ntype_2
2930	ntype_0
2931	ntype_0
2932	ntype_3
2933	ntype_2
2934	ntype_3
2935	ntype_1
2936	ntype_3
2937	ntype_3
2938	ntype_0
2939	ntype_1
2940	ntype_0
2941	ntype_2
2942	ntype_3
2943	ntype_0
2944	ntype_2
2945	ntype_0
2946	ntype_2
2947	ntype_1
2948	ntype_3
2949	ntype_0
2950	ntype_2
2951	ntype_0
2952	ntype_3
2953	ntype_2
2954	ntype_2
2955	ntype_3
2956	ntype_1
2957	ntype_2
2958	ntype_0
2959	ntype_2
2960	ntype_1
2961	ntype_3
2962	ntype_1
2963	ntype_3
2964	ntype_3
2965	ntype_0
2966	ntype_0
2967	ntype_3
2968	ntype_1
2969	ntype_1
2970	ntype_1
2971	ntype_1
2972	ntype_0
2973	ntype_3
2974	ntype_2
2975	ntype_0
2976	ntype_0
2977	ntype_0
2978	ntype_1
2979	ntype_2
2980	ntype_0
2981	ntype_0
2982	ntype_1
2983	ntype_3
2984	ntype_1
2985	ntype_2
2986	ntype_0
2987	ntype_2
2988	ntype_2
2989	ntype_0
2990	ntype_2
2991	ntype_2
2992	ntype_1
2993	ntype_1
2994	ntype_0
2995	ntype_1
2996	ntype_1
2997	ntype_2
2998	ntype_1
2999	ntype_2
3000	ntype_1
3001	ntype_2
3002	ntype_1
3003	ntype_2
3004	ntype_3
3005	ntype_0
3006	ntype_3
3007	ntype_2
3008	ntype_3
3009	ntype_0
3010	ntype_1
3011	ntype_1
3012	ntype_1
3013	ntype_2
3014	ntype_0
3015	ntype_3
3016	ntype_2
3017	ntype_3
3018	ntype_1
3019	ntype_1
3020	ntype_3
3021	ntype_2
3022	ntype_0
3023	ntype_3
3024	ntype_1
3025	ntype_0
3026	ntype_2
3027	ntype_3
3028	ntype_1
3029	ntype_0
3030	ntype_2
3031	ntype_2
3032	ntype_3
3033	ntype_0
3034	ntype_3
3035	ntype_3
3036	ntype_3
3037	ntype_3
3038	ntype_1
3039	ntype_0
3040	ntype_2
3041	ntype_2
3042	ntype_1
3043	ntype_0
3044	ntype_1
3045	ntype_2
3046	ntype_0
3047	ntype_3
3048	ntype_3
3049	ntype_3
3050	ntype_2
3051	ntype_0
3052	ntype_0
3053	ntype_3
3054	ntype_2
3055	ntype_3
3056	ntype_2
3057	ntype_3
3058	ntype_3
3059	ntype_0
3060	ntype_1
3061	ntype_3
3062	ntype_0
3063	ntype_2
3064	ntype_2
3065	ntype_3
3066	ntype_0
3067	ntype_3
3068	ntype_3
3069	ntype_3
3070	ntype_2
3071	ntype_0
3072	ntype_3
3073	ntype_0
3074	ntype_3
3075	ntype_0
3076	ntype_0
3077	ntype_2
3078	ntype_2
3079	ntype_0
3080	ntype_0
3081	ntype_1
3082	ntype_2
3083	ntype_0
3084	ntype_0
3085	ntype_0
3086	ntype_0
3087	ntype_3
3088	ntype_3
3089	ntype_0
3090	ntype_1
3091	ntype_2
3092	ntype_0
3093	ntype_2
3094	ntype_1
3095	ntype_3
3096	ntype_0
3097	ntype_3
3098	ntype_0
3099	ntype_3
3100	ntype_2
3101	ntype_3
3102	ntype_0
3103	ntype_0
3104	ntype_1
3105	ntype_3
3106	ntype_3
3107	ntype_2
3108	ntype_1
3109	ntype_0
3110	ntype_2
3111	ntype_0
3112	ntype_2
3113	ntype_3
3114	ntype_3
3115	ntype_0
3116	ntype_3
3117	ntype_1
3118	ntype_3
3119	ntype_0
3120	ntype_0
3121	ntype_2
3122	ntype_3
3123	ntype_3
3124	ntype_0
3125	ntype_2
3126	ntype_3
3127	ntype_1
3128	ntype_2
3129	ntype_2
3130	ntype_0
3131	ntype_0
3132	ntype_1
3133	ntype_1
3134	ntype_1
3135	ntype_3
3136	ntype_3
3137	ntype_2
3138	ntype_1
3139	ntype_2
3140	ntype_2
3141	ntype_2
3142	ntype_2
3143	ntype_1
3144	ntype_1
3145	ntype_3
3146	ntype_2
3147	ntype_1
3148	ntype_3
3149	ntype_0
3150	ntype_0
3151	ntype_3
3152	ntype_0
3153	ntype_3
3154	ntype_1
3155	ntype_3
3156	ntype_2
3157	ntype_0
3158	ntype_0
3159	ntype_3
3160	ntype_1
3161	ntype_1
3162	ntype_1
3163	ntype_1
3164	ntype_1
3165	ntype_2
3166	ntype_2
3167	ntype_0
3168	ntype_2
3169	ntype_3
3170	ntype_2
3171	ntype_0
3172	ntype_0
3173	ntype_2
3174	ntype_0
3175	ntype_0
3176	ntype_3
3177	ntype_3
3178	ntype_3
3179	ntype_0
3180	ntype_1
3181	ntype_2
3182	ntype_3
3183	ntype_1
3184	ntype_2
3185	ntype_0
3186	ntype_2
3187	ntype_2
3188	ntype_1
3189	ntype_2
3190	ntype_2
3191	ntype_0
3192	ntype_2
3193	ntype_1
3194	ntype_1
3195	ntype_3
3196	ntype_2
3197	ntype_0
3198	ntype_1
3199	ntype_2
3200	ntype_2
3201	ntype_2
3202	ntype_1
3203	ntype_2
3204	ntype_3
3205	ntype_2
3206	ntype_1
3207	ntype_0
3208	ntype_1
3209	ntype_1
3210	ntype_0
3211	ntype_2
3212	ntype_0
3213	ntype_3
3214	ntype_0
3215	ntype_0
3216	ntype_0
3217	ntype_1
3218	ntype_1
3219	ntype_2
3220	ntype_1
3221	ntype_2
3222	ntype_1
3223	ntype_1
3224	ntype_0
3225	ntype_3
3226	ntype_0
3227	ntype_3
3228	ntype_2
3229	ntype_2
3230	ntype_0
3231	ntype_1
3232	ntype_2
3233	ntype_0
3234	ntype_0
3235	ntype_2
3236	ntype_2
3237	ntype_3
3238	ntype_2
3239	ntype_1
3240	ntype_3
3241	ntype_3
3242	ntype_2
3243	ntype_1
3244	ntype_1
3245	ntype_1
3246	ntype_2
3247	ntype_3
3248	ntype_1
3249	ntype_0
3250	ntype_2
3251	ntype_0
3252	ntype_1
3253	ntype_0
3254	ntype_0
3255	ntype_1
3256	ntype_1
3257	ntype_3
3258	ntype_3
3259	ntype_3
3260	ntype_0
3261	ntype_0
3262	ntype_2
3263	ntype_0
3264	ntype_0
3265	ntype_1
3266	ntype_3
3267	ntype_0
3268	ntype_3
3269	ntype_1
3270	ntype_3
3271	ntype_2
3272	ntype_2
3273	ntype_2
3274	ntype_1
3275	ntype_2
3276	ntype_0
3277	ntype_2
3278	ntype_0
3279	ntype_0
3280	ntype_0
3281	ntype_1
3282	ntype_3
3283	ntype_3
3284	ntype_0
3285	ntype_0
3286	ntype_1
3287	ntype_2
3288	ntype_0
3289	ntype_0
3290	ntype_3
3291	ntype_0
3292	ntype_3
3293	ntype_3
3294	ntype_2
3295	ntype_0
3296	ntype_0
3297	ntype_3
3298	ntype_1
3299	ntype_0
3300	ntype_0
3301	ntype_1
3302	ntype_0
3303	ntype_0
3304	ntype_3
3305	ntype_2
3306	ntype_1
3307	ntype_1
3308	ntype_2
3309	ntype_2
3310	ntype_1
3311	ntype_2
3312	ntype_1
3313	ntype_2
3314	ntype_1
3315	ntype_2
3316	ntype_1
3317	ntype_2
3318	ntype_3
3319	ntype_2
3320	ntype_2
3321	ntype_2
3322	ntype_0
3323	ntype_3
3324	ntype_3
3325	ntype_1
3326	ntype_3
3327	ntype_1
3328	ntype_0
3329	ntype_1
3330	ntype_2
3331	ntype_3
3332	ntype_0
3333	ntype_0
3334	ntype_2
3335	ntype_1
3336	ntype_1
3337	ntype_1
3338	ntype_1
3339	ntype_1
3340	ntype_0
3341	ntype_0
3342	ntype_0
3343	ntype_0
3344	ntype_3
3345	ntype_3
3346	ntype_0
3347	ntype_2
3348	ntype_0
3349	ntype_2
3350	ntype_1
3351	ntype_0
3352	ntype_1
3353	ntype_3
3354	ntype_3
3355	ntype_3
3356	ntype_0
3357	ntype_2
3358	ntype_3
3359	ntype_3
3360	ntype_2
3361	ntype_0
3362	ntype_0
3363	ntype_0
3364	ntype_1
3365	ntype_0
3366	ntype_3
3367	ntype_0
3368	ntype_0
3369	ntype_0
3370	ntype_3
3371	ntype_3
3372	ntype_1
3373	ntype_3
3374	ntype_2
3375	ntype_1
3376	ntype_1
3377	ntype_1
3378	ntype_1
3379	ntype_3
3380	ntype_2
3381	ntype_1
3382	ntype_3
3383	ntype_0
3384	ntype_1
3385	ntype_3
3386	ntype_0
3387	ntype_2
3388	ntype_2
3389	ntype_3
3390	ntype_2
3391	ntype_0
3392	ntype_3
3393	ntype_2
3394	ntype_3
3395	ntype_3
3396	ntype_2
3397	ntype_3
3398	ntype_0
3399	ntype_3
3400	ntype_2
3401	ntype_2
3402	ntype_3
3403	ntype_2
3404	ntype_1
3405	ntype_3
3406	ntype_1
3407	ntype_2
3408	ntype_1
3409	ntype_2
3410	ntype_1
3411	ntype_3
3412	ntype_3
3413	ntype_3
3414	ntype_1
3415	ntype_3
3416	ntype_3
3417	ntype_0
3418	ntype_0
3419	ntype_3
3420	ntype_1
3421	ntype_1
3422	ntype_3
3423	ntype_2
3424	ntype_0
3425	ntype_1
3426	ntype_1
3427	ntype_1
3428	ntype_2
3429	ntype_1
3430	ntype_1
3431	ntype_0
3432	ntype_3
3433	ntype_1
3434	ntype_1
3435	ntype_3
3436	ntype_1
3437	ntype_0
3438	ntype_3
3439	ntype_2
3440	ntype_0
3441	ntype_0
3442	ntype_1
3443	ntype_2
3444	ntype_1
3445	ntype_2
3446	ntype_1
3447	ntype_2
3448	ntype_0
3449	ntype_1
3450	ntype_0
3451	ntype_2
3452	ntype_3
3453	ntype_2
3454	ntype_1
3455	ntype_2
3456	ntype_2
3457	ntype_2
3458	ntype_0
3459	ntype_2
3460	ntype_2
3461	ntype_1
3462	ntype_1
3463	ntype_0
3464	ntype_0
3465	ntype_0
3466	ntype_3
3467	ntype_1
3468	ntype_0
3469	ntype_3
3470	ntype_3
3471	ntype_1
3472	ntype_3
3473	ntype_0
3474	ntype_1
3475	ntype_3
3476	ntype_0
3477	ntype_2
3478	ntype_2
3479	ntype_0
3480	ntype_3
3481	ntype_3
3482	ntype_0
3483	ntype_2
3484	ntype_0
3485	ntype_2
3486	ntype_0
3487	ntype_3
3488	ntype_3
3489	ntype_3
3490	ntype_1
3491	ntype_3
3492	ntype_2
3493	ntype_1
3494	ntype_2
3495	ntype_0
3496	ntype_2
3497	ntype_0
3498	ntype_2
3499	ntype_0
3500	ntype_3
3501	ntype_1
3502	ntype_2
3503	ntype_0
3504	ntype_1
3505	ntype_2
3506	ntype_0
3507	ntype_3
3508	ntype_3
3509	ntype_1
3510	ntype_1
3511	ntype_3
3512	ntype_1
3513	ntype_1
3514	ntype_2
3515	ntype_0
3516	ntype_2
3517	ntype_0
3518	ntype_2
3519	ntype_0
3520	ntype_3
3521	ntype_0
3522	ntype_0
3523	ntype_2
3524	ntype_3
3525	ntype_2
3526	ntype_3
3527	ntype_3
3528	ntype_3
3529	ntype_2
3530	ntype_3
3531	ntype_2
3532	ntype_2
3533	ntype_3
3534	ntype_1
3535	ntype_1
3536	ntype_3
3537	ntype_0
3538	ntype_2
3539	ntype_1
3540	ntype_2
3541	ntype_3
3542	ntype_2
3543	ntype_2
3544	ntype_1
3545	ntype_0
3546	ntype_0
3547	ntype_3
3548	ntype_1
3549	ntype_1
3550	ntype_3
3551	ntype_2
3552	ntype_1
3553	ntype_0
3554	ntype_1
3555	ntype_0
3556	ntype_1
3557	ntype_2
3558	ntype_2
3559	ntype_0
3560	ntype_2
3561	ntype_2
3562	ntype_0
3563	ntype_0
3564	ntype_2
3565	ntype_0
3566	ntype_1
3567	ntype_1
3568	ntype_1
3569	ntype_3
3570	ntype_3
3571	ntype_2
3572	ntype_1
3573	ntype_1
3574	ntype_3
3575	ntype_2
3576	ntype_3
3577	ntype_1
3578	ntype_2
3579	ntype_0
3580	ntype_1
3581	ntype_1
3582	ntype_1
3583	ntype_1
3584	ntype_3
3585	ntype_0
3586	ntype_3
3587	ntype_1
3588	ntype_3
3589	ntype_2
3590	ntype_3
3591	ntype_2
3592	ntype_0
3593	ntype_1
3594	ntype_2
3595	ntype_0
3596	ntype_3
3597	ntype_2
3598	ntype_2
3599	ntype_3
3600	ntype_3
3601	ntype_0
3602	ntype_1
3603	ntype_3
3604	ntype_3
3605	ntype_2
3606	ntype_2
3607	ntype_1
3608	ntype_0
3609	ntype_1
3610	ntype_2
3611	ntype_0
3612	ntype_1
3613	ntype_0
3614	ntype_0
3615	ntype_2
3616	ntype_3
3617	ntype_0
3618	ntype_1
3619	ntype_2
3620	ntype_0
3621	ntype_3
3622	ntype_3
3623	ntype_3
3624	ntype_3
3625	ntype_1
3626	ntype_0
3627	ntype_3
3628	ntype_1
3629	ntype_1
3630	ntype_0
3631	ntype_0
3632	ntype_2
3633	ntype_0
3634	ntype_2
3635	ntype_3
3636	ntype_1
3637	ntype_2
3638	ntype_2
3639	ntype_1
3640	ntype_3
3641	ntype_0
3642	ntype_1
3643	ntype_0
3644	ntype_2
3645	ntype_1
3646	ntype_0
3647	ntype_2
3648	ntype_0
3649	ntype_1
3650	ntype_2
3651	ntype_3
3652	ntype_1
3653	ntype_1
3654	ntype_2
3655	ntype_3
3656	ntype_0
3657	ntype_2
3658	ntype_2
3659	ntype_1
3660	ntype_1
3661	ntype_2
3662	ntype_1
3663	ntype_0
3664	ntype_3
3665	ntype_1
3666	ntype_0
3667	ntype_1
3668	ntype_0
3669	ntype_3
3670	ntype_1
3671	ntype_2
3672	ntype_3
3673	ntype_2
3674	ntype_2
3675	ntype_2
3676	ntype_0
3677	ntype_2
3678	ntype_3
3679	ntype_3
3680	ntype_1
3681	ntype_1
3682	ntype_1
3683	ntype_3
3684	ntype_0
3685	ntype_2
3686	ntype_0
3687	ntype_1
3688	ntype_0
3689	ntype_2
3690	ntype_1
3691	ntype_3
3692	ntype_1
3693	ntype_2
3694	ntype_2
3695	ntype_2
3696	ntype_1
3697	ntype_1
3698	ntype_1
3699	ntype_3
3700	ntype_1
3701	ntype_1
3702	ntype_3
3703	ntype_3
3704	ntype_0
3705	ntype_3
3706	ntype_3
3707	ntype_1
3708	ntype_0
3709	ntype_3
3710	ntype_2
3711	ntype_2
3712	ntype_2
3713	ntype_0
3714	ntype_2
3715	ntype_2
3716	ntype_0
3717	ntype_3
3718	ntype_1
3719	ntype_2
3720	ntype_2
3721	ntype_2
3722	ntype_0
3723	ntype_3
3724	ntype_1
3725	ntype_3
3726	ntype_3
3727	ntype_1
3728	ntype_1
3729	ntype_0
3730	ntype_2
3731	ntype_0
3732	ntype_0
3733	ntype_3
3734	ntype_2
3735	ntype_1
3736	ntype_0
3737	ntype_2
3738	ntype_3
3739	ntype_3
3740	ntype_3
3741	ntype_3
3742	ntype_3
3743	ntype_3
3744	ntype_1
3745	ntype_0
3746	ntype_2
3747	ntype_3
3748	ntype_3
3749	ntype_2
3750	ntype_3
3751	ntype_1
3752	ntype_0
3753	ntype_0
3754	ntype_3
3755	ntype_2
3756	ntype_0
3757	ntype_3
3758	ntype_2
3759	ntype_0
3760	ntype_2
3761	ntype_0
3762	ntype_3
3763	ntype_0
3764	ntype_0
3765	ntype_0
3766	ntype_1
3767	ntype_2
3768	ntype_0
3769	ntype_1
3770	ntype_3
3771	ntype_3
3772	ntype_3
3773	ntype_0
3774	ntype_3
3775	ntype_2
3776	ntype_1
3777	ntype_2
3778	ntype_1
3779	ntype_0
3780	ntype_2
3781	ntype_1
3782	ntype_1
3783	ntype_3
3784	ntype_2
3785	ntype_3
3786	ntype_0
3787	ntype_2
3788	ntype_0
3789	ntype_3
3790	ntype_3
3791	ntype_2
3792	ntype_3
3793	ntype_2
3794	ntype_2
3795	ntype_0
3796	ntype_2
3797	ntype_3
3798	ntype_2
3799	ntype_2
3800	ntype_3
3801	ntype_1
3802	ntype_2
3803	ntype_2
3804	ntype_0
3805	ntype_0
3806	ntype_3
3807	ntype_0
3808	ntype_2
3809	ntype_2
3810	ntype_1
3811	ntype_2
3812	ntype_2
3813	ntype_2
3814	ntype_3
3815	ntype_2
3816	ntype_3
3817	ntype_0
3818	ntype_0
3819	ntype_1
3820	ntype_0
3821	ntype_1
3822	ntype_3
3823	ntype_2
3824	ntype_0
3825	ntype_1
3826	ntype_3
3827	ntype_0
3828	ntype_2
3829	ntype_1
3830	ntype_1
3831	ntype_2
3832	ntype_0
3833	ntype_1
3834	ntype_3
3835	ntype_3
3836	ntype_2
3837	ntype_0
3838	ntype_3
3839	ntype_0
3840	ntype_3
3841	ntype_0
3842	ntype_0
3843	ntype_2
3844	ntype_0
3845	ntype_2
3846	ntype_2
3847	ntype_3
3848	ntype_3
3849	ntype_0
3850	ntype_1
3851	ntype_0
3852	ntype_3
3853	ntype_3
3854	ntype_1
3855	ntype_3
3856	ntype_1
3857	ntype_2
3858	ntype_0
3859	ntype_0
3860	ntype_2
3861	ntype_0
3862	ntype_2
3863	ntype_3
3864	ntype_3
3865	ntype_1
3866	ntype_3
3867	ntype_0
3868	ntype_1
3869	ntype_0
3870	ntype_2
3871	ntype_3
3872	ntype_0
3873	ntype_2
3874	ntype_2
3875	ntype_3
3876	ntype_0
3877	ntype_0
3878	ntype_3
3879	ntype_3
3880	ntype_2
3881	ntype_2
3882	ntype_3
3883	ntype_3
3884	ntype_0
3885	ntype_0
3886	ntype_2
3887	ntype_3
3888	ntype_1
3889	ntype_2
3890	ntype_2
3891	ntype_0
3892	ntype_2
3893	ntype_2
3894	ntype_0
3895	ntype_1
3896	ntype_2
3897	ntype_3
3898	ntype_2
3899	ntype_0
3900	ntype_0
3901	ntype_0
3902	ntype_3
3903	ntype_3
3904	ntype_2
3905	ntype_2
3906	ntype_3
3907	ntype_0
3908	ntype_0
3909	ntype_3
3910	ntype_2
3911	ntype_3
3912	ntype_2
3913	ntype_2
3914	ntype_2
3915	ntype_1
3916	ntype_3
3917	ntype_3
3918	ntype_0
3919	ntype_2
3920	ntype_2
3921	ntype_0
3922	ntype_0
3923	ntype_2
3924	ntype_2
3925	ntype_2
3926	ntype_3
3927	ntype_2
3928	ntype_0
3929	ntype_1
3930	ntype_3
3931	ntype_3
3932	ntype_0
3933	ntype_2
3934	ntype_1
3935	ntype_1
3936	ntype_0
3937	ntype_0
3938	ntype_3
3939	ntype_3
3940	ntype_0
3941	ntype_2
3942	ntype_2
3943	ntype_0
3944	ntype_3
3945	ntype_1
3946	ntype_1
3947	ntype_0
3948	ntype_0
3949	ntype_3
3950	ntype_3
3951	ntype_0
3952	ntype_3
3953	ntype_1
3954	ntype_3
3955	ntype_1
3956	ntype_0
3957	ntype_2
3958	ntype_3
3959	ntype_2
3960	ntype_0
3961	ntype_1
3962	ntype_1
3963	ntype_2
3964	ntype_1
3965	ntype_3
3966	ntype_3
3967	ntype_3
3968	ntype_2
3969	ntype_0
3970	ntype_0
3971	ntype_2
3972	ntype_0
3973	ntype_2
3974	ntype_2
3975	ntype_2
3976	ntype_3
3977	ntype_1
3978	ntype_2
3979	ntype_1
3980	ntype_2
3981	ntype_2
3982	ntype_2
3983	ntype_2
3984	ntype_3
3985	ntype_3
3986	ntype_0
3987	ntype_3
3988	ntype_3
3989	ntype_3
3990	ntype_1
3991	ntype_3
3992	ntype_0
3993	ntype_0
3994	ntype_3
3995	ntype_2
3996	ntype_3
3997	ntype_2
3998	ntype_0
3999	ntype_2
4000	ntype_1
4001	ntype_3
4002	ntype_2
4003	ntype_3
4004	ntype_2
4005	ntype_1
4006	ntype_2
4007	ntype_2
4008	ntype_2
4009	ntype_0
4010	ntype_2
4011	ntype_2
4012	ntype_2
4013	ntype_0
4014	ntype_2
4015	ntype_2
4016	ntype_3
4017	ntype_2
4018	ntype_0
4019	ntype_0
4020	ntype_2
4021	ntype_2
4022	ntype_3
4023	ntype_3
4024	ntype_0
4025	ntype_1
4026	ntype_3
4027	ntype_2
4028	ntype_0
4029	ntype_0
4030	ntype_2
4031	ntype_3
4032	ntype_0
4033	ntype_3
4034	ntype_0
4035	ntype_3
4036	ntype_0
4037	ntype_3
4038	ntype_0
4039	ntype_0
4040	ntype_0
4041	ntype_3
4042	ntype_2
4043	ntype_1
4044	ntype_3
4045	ntype_3
4046	ntype_0
4047	ntype_2
4048	ntype_1
4049	ntype_0
4050	ntype_2
4051	ntype_1
4052	ntype_0
4053	ntype_1
4054	ntype_1
4055	ntype_3
4056	ntype_3
4057	ntype_3
4058	ntype_2
4059	ntype_1
4060	ntype_0
4061	ntype_1
4062	ntype_0
4063	ntype_0
4064	ntype_2
4065	ntype_0
4066	ntype_1
4067	ntype_3
4068	ntype_1
4069	ntype_0
4070	ntype_0
4071	ntype_3
4072	ntype_1
4073	ntype_1
4074	ntype_2
4075	ntype_2
4076	ntype_1
4077	ntype_2
4078	ntype_2
4079	ntype_2
4080	ntype_2
4081	ntype_3
4082	ntype_3
4083	ntype_3
4084	ntype_2
4085	ntype_0
4086	ntype_2
4087	ntype_2
4088	ntype_2
4089	ntype_1
4090	ntype_2
4091	ntype_1
4092	ntype_0
4093	ntype_0
4094	ntype_2
4095	ntype_0
4096	ntype_2
4097	ntype_3
4098	ntype_3
4099	ntype_1
4100	ntype_2
4101	ntype_3
4102	ntype_1
4103	ntype_1
4104	ntype_1
4105	ntype_3
4106	ntype_1
4107	ntype_1
4108	ntype_3
4109	ntype_0
4110	ntype_1
4111	ntype_0
4112	ntype_1
4113	ntype_0
4114	ntype_2
4115	ntype_1
4116	ntype_2
4117	ntype_1
4118	ntype_3
4119	ntype_2
4120	ntype_3
4121	ntype_0
4122	ntype_0
4123	ntype_3
4124	ntype_2
4125	ntype_3
4126	ntype_1
4127	ntype_1
4128	ntype_2
4129	ntype_3
4130	ntype_2
4131	ntype_1
4132	ntype_0
4133	ntype_0
4134	ntype_0
4135	ntype_3
4136	ntype_1
4137	ntype_1
4138	ntype_1
4139	ntype_1
4140	ntype_1
4141	ntype_3
4142	ntype_2
4143	ntype_0
4144	ntype_2
4145	ntype_2
4146	ntype_1
4147	ntype_1
4148	ntype_1
4149	ntype_0
4150	ntype_0
4151	ntype_0
4152	ntype_1
4153	ntype_2
4154	ntype_3
4155	ntype_1
4156	ntype_0
4157	ntype_0
4158	ntype_2
4159	ntype_1
4160	ntype_3
4161	ntype_3
4162	ntype_1
4163	ntype_3
4164	ntype_2
4165	ntype_1
4166	ntype_0
4167	ntype_1
4168	ntype_3
4169	ntype_3
4170	ntype_2
4171	ntype_0
4172	ntype_2
4173	ntype_1
4174	ntype_3
4175	ntype_1
4176	ntype_0
4177	ntype_0
4178	ntype_2
4179	ntype_1
4180	ntype_2
4181	ntype_3
4182	ntype_1
4183	ntype_0
4184	ntype_1
4185	ntype_2
4186	ntype_1
4187	ntype_1
4188	ntype_2
4189	ntype_3
4190	ntype_3
4191	ntype_0
4192	ntype_2
4193	ntype_2
4194	ntype_2
4195	ntype_3
4196	ntype_3
4197	ntype_2
4198	ntype_0
4199	ntype_3
4200	ntype_2
4201	ntype_1
4202	ntype_1
4203	ntype_3
4204	ntype_2
4205	ntype_1
4206	ntype_2
4207	ntype_3
4208	ntype_0
4209	ntype_0
4210	ntype_0
4211	ntype_3
4212	ntype_0
4213	ntype_1
4214	ntype_1
4215	ntype_1
4216	ntype_1
4217	ntype_0
4218	ntype_1
4219	ntype_3
4220	ntype_2
4221	ntype_3
4222	ntype_1
4223	ntype_3
4224	ntype_1
4225	ntype_0
4226	ntype_1
4227	ntype_0
4228	ntype_2
4229	ntype_1
4230	ntype_3
4231	ntype_0
4232	ntype_0
4233	ntype_3
4234	ntype_1
4235	ntype_3
4236	ntype_0
4237	ntype_0
4238	ntype_0
4239	ntype_2
4240	ntype_1
4241	ntype_3
4242	ntype_0
4243	ntype_2
4244	ntype_1
4245	ntype_2
4246	ntype_3
4247	ntype_3
4248	ntype_2
4249	ntype_1
4250	ntype_3
4251	ntype_1
4252	ntype_3
4253	ntype_1
4254	ntype_3
4255	ntype_1
4256	ntype_0
4257	ntype_3
4258	ntype_0
4259	ntype_0
4260	ntype_0
4261	ntype_2
4262	ntype_1
4263	ntype_1
4264	ntype_1
4265	ntype_3
4266	ntype_1
4267	ntype_1
4268	ntype_1
4269	ntype_1
4270	ntype_0
4271	ntype_1
4272	ntype_1
4273	ntype_2
4274	ntype_1
4275	ntype_0
4276	ntype_1
4277	ntype_2
4278	ntype_1
4279	ntype_3
4280	ntype_3
4281	ntype_0
4282	ntype_0
4283	ntype_0
4284	ntype_0
4285	ntype_1
4286	ntype_0
4287	ntype_2
4288	ntype_0
4289	ntype_3
4290	ntype_1
4291	ntype_1
4292	ntype_1
4293	ntype_2
4294	ntype_3
4295	ntype_2
4296	ntype_2
4297	ntype_3
4298	ntype_3
4299	ntype_3
4300	ntype_0
4301	ntype_3
4302	ntype_3
4303	ntype_0
4304	ntype_1
4305	ntype_0
4306	ntype_3
4307	ntype_3
4308	ntype_0
4309	ntype_3
4310	ntype_0
4311	ntype_1
4312	ntype_1
4313	ntype_2
4314	ntype_2
4315	ntype_3
4316	ntype_3
4317	ntype_3
4318	ntype_1
4319	ntype_2
4320	ntype_2
4321	ntype_2
4322	ntype_0
4323	ntype_0
4324	ntype_0
4325	ntype_1
4326	ntype_2
4327	ntype_2
4328	ntype_3
4329	ntype_2
4330	ntype_1
4331	ntype_1
4332	ntype_1
4333	ntype_2
4334	ntype_0
4335	ntype_3
4336	ntype_3
4337	ntype_3
4338	ntype_2
4339	ntype_2
4340	ntype_3
4341	ntype_0
4342	ntype_3
4343	ntype_1
4344	ntype_1
4345	ntype_1
4346	ntype_0
4347	ntype_3
4348	ntype_1
4349	ntype_2
4350	ntype_3
4351	ntype_1
4352	ntype_3
4353	ntype_1
4354	ntype_3
4355	ntype_3
4356	ntype_0
4357	ntype_1
4358	ntype_0
4359	ntype_0
4360	ntype_3
4361	ntype_3
4362	ntype_0
4363	ntype_3
4364	ntype_3
4365	ntype_0
4366	ntype_0
4367	ntype_3
4368	ntype_3
4369	ntype_2
4370	ntype_3
4371	ntype_3
4372	ntype_1
4373	ntype_3
4374	ntype_0
4375	ntype_0
4376	ntype_0
4377	ntype_2
4378	ntype_2
4379	ntype_1
4380	ntype_0
4381	ntype_1
4382	ntype_3
4383	ntype_3
4384	ntype_1
4385	ntype_2
4386	ntype_3
4387	ntype_2
4388	ntype_3
4389	ntype_1
4390	ntype_0
4391	ntype_2
4392	ntype_0
4393	ntype_2
4394	ntype_1
4395	ntype_1
4396	ntype_1
4397	ntype_2
4398	ntype_3
4399	ntype_0
4400	ntype_0
4401	ntype_3
4402	ntype_0
4403	ntype_2
4404	ntype_1
4405	ntype_2
4406	ntype_1
4407	ntype_0
4408	ntype_1
4409	ntype_0
4410	ntype_0
4411	ntype_2
4412	ntype_3
4413	ntype_1
4414	ntype_2
4415	ntype_0
4416	ntype_3
4417	ntype_3
4418	ntype_0
4419	ntype_0
4420	ntype_3
4421	ntype_2
4422	ntype_2
4423	ntype_1
4424	ntype_3
4425	ntype_1
4426	ntype_3
4427	ntype_2
4428	ntype_3
4429	ntype_0
4430	ntype_3
4431	ntype_3
4432	ntype_0
4433	ntype_1
4434	ntype_2
4435	ntype_3
4436	ntype_1
4437	ntype_0
4438	ntype_2
4439	ntype_1
4440	ntype_1
4441	ntype_0
4442	ntype_1
4443	ntype_1
4444	ntype_3
4445	ntype_0
4446	ntype_3
4447	ntype_0
4448	ntype_0
4449	ntype_3
4450	ntype_1
4451	ntype_2
4452	ntype_1
4453	ntype_0
4454	ntype_1
4455	ntype_2
4456	ntype_3
4457	ntype_1
4458	ntype_3
4459	ntype_3
4460	ntype_1
4461	ntype_3
4462	ntype_2
4463	ntype_0
4464	ntype_2
4465	ntype_2
4466	ntype_3
4467	ntype_3
4468	ntype_3
4469	ntype_2
4470	ntype_0
4471	ntype_3
4472	ntype_3
4473	ntype_1
4474	ntype_3
4475	ntype_0
4476	ntype_3
4477	ntype_0
4478	ntype_1
4479	ntype_3
4480	ntype_0
4481	ntype_0
4482	ntype_3
4483	ntype_2
4484	ntype_1
4485	ntype_2
4486	ntype_0
4487	ntype_0
4488	ntype_1
4489	ntype_0
4490	ntype_2
4491	ntype_0
4492	ntype_0
4493	ntype_2
4494	ntype_0
4495	ntype_2
4496	ntype_3
4497	ntype_0
4498	ntype_1
4499	ntype_3
4500	ntype_0
4501	ntype_2
4502	ntype_0
4503	ntype_0
4504	ntype_2
4505	ntype_1
4506	ntype_0
4507	ntype_3
4508	ntype_1
4509	ntype_1
4510	ntype_2
4511	ntype_1
4512	ntype_0
4513	ntype_1
4514	ntype_2
4515	ntype_2
4516	ntype_1
4517	ntype_2
4518	ntype_2
4519	ntype_0
4520	ntype_2
4521	ntype_2
4522	ntype_1
4523	ntype_2
4524	ntype_3
4525	ntype_3
4526	ntype_2
4527	ntype_0
4528	ntype_1
4529	ntype_2
4530	ntype_3
4531	ntype_3
4532	ntype_1
4533	ntype_3
4534	ntype_1
4535	ntype_0
4536	ntype_1
4537	ntype_3
4538	ntype_1
4539	ntype_2
4540	ntype_3
4541	ntype_2
4542	ntype_0
4543	ntype_1
4544	ntype_0
4545	ntype_2
4546	ntype_1
4547	ntype_1
4548	ntype_3
4549	ntype_3
4550	ntype_0
4551	ntype_2
4552	ntype_3
4553	ntype_1
4554	ntype_0
4555	ntype_1
4556	ntype_3
4557	ntype_3
4558	ntype_0
4559	ntype_0
4560	ntype_1
4561	ntype_1
4562	ntype_0
4563	ntype_2
4564	ntype_0
4565	ntype_3
4566	ntype_0
4567	ntype_1
4568	ntype_3
4569	ntype_0
4570	ntype_0
4571	ntype_3
4572	ntype_3
4573	ntype_2
4574	ntype_1
4575	ntype_2
4576	ntype_1
4577	ntype_3
4578	ntype_2
4579	ntype_2
4580	ntype_0
4581	ntype_1
4582	ntype_1
4583	ntype_3
4584	ntype_2
4585	ntype_3
4586	ntype_0
4587	ntype_0
4588	ntype_0
4589	ntype_3
4590	ntype_0
4591	ntype_2
4592	ntype_1
4593	ntype_2
4594	ntype_1
4595	ntype_0
4596	ntype_2
4597	ntype_0
4598	ntype_0
4599	ntype_3
4600	ntype_1
4601	ntype_1
4602	ntype_1
4603	ntype_2
4604	ntype_2
4605	ntype_3
4606	ntype_3
4607	ntype_1
4608	ntype_2
4609	ntype_0
4610	ntype_1
4611	ntype_0
4612	ntype_0
4613	ntype_0
4614	ntype_2
4615	ntype_0
4616	ntype_0
4617	ntype_3
4618	ntype_3
4619	ntype_0
4620	ntype_1
4621	ntype_1
4622	ntype_2
4623	ntype_2
4624	ntype_2
4625	ntype_2
4626	ntype_2
4627	ntype_3
4628	ntype_1
4629	ntype_1
4630	ntype_3
4631	ntype_3
4632	ntype_3
4633	ntype_1
4634	ntype_1
4635	ntype_1
4636	ntype_1
4637	ntype_2
4638	ntype_0
4639	ntype_3
4640	ntype_0
4641	ntype_0
4642	ntype_2
4643	ntype_2
4644	ntype_1
4645	ntype_0
4646	ntype_0
4647	ntype_2
4648	ntype_0
4649	ntype_3
4650	ntype_3
4651	ntype_3
4652	ntype_0
4653	ntype_1
4654	ntype_0
4655	ntype_3
4656	ntype_3
4657	ntype_2
4658	ntype_2
4659	ntype_1
4660	ntype_0
4661	ntype_0
4662	ntype_3
4663	ntype_3
4664	ntype_2
4665	ntype_1
4666	ntype_0
4667	ntype_0
4668	ntype_1
4669	ntype_3
4670	ntype_1
4671	ntype_2
4672	ntype_2
4673	ntype_2
4674	ntype_2
4675	ntype_3
4676	ntype_2
4677	ntype_1
4678	ntype_2
4679	ntype_2
4680	ntype_3
4681	ntype_1
4682	ntype_0
4683	ntype_1
4684	ntype_2
4685	ntype_3
4686	ntype_0
4687	ntype_3
4688	ntype_1
4689	ntype_3
4690	ntype_2
4691	ntype_3
4692	ntype_3
4693	ntype_1
4694	ntype_1
4695	ntype_2
4696	ntype_0
4697	ntype_1
4698	ntype_1
4699	ntype_1
4700	ntype_1
4701	ntype_2
4702	ntype_2
4703	ntype_3
4704	ntype_2
4705	ntype_1
4706	ntype_3
4707	ntype_0
4708	ntype_3
4709	ntype_1
4710	ntype_2
4711	ntype_3
4712	ntype_3
4713	ntype_0
4714	ntype_0
4715	ntype_2
4716	ntype_1
4717	ntype_0
4718	ntype_2
4719	ntype_1
4720	ntype_2
4721	ntype_2
4722	ntype_3
4723	ntype_0
4724	ntype_1
4725	ntype_1
4726	ntype_1
4727	ntype_2
4728	ntype_3
4729	ntype_0
4730	ntype_2
4731	ntype_3
4732	ntype_2
4733	ntype_0
4734	ntype_2
4735	ntype_1
4736	ntype_0
4737	ntype_1
4738	ntype_2
4739	ntype_2
4740	ntype_1
4741	ntype_1
4742	ntype_1
4743	ntype_1
4744	ntype_0
4745	ntype_1
4746	ntype_0
4747	ntype_3
4748	ntype_1
4749	ntype_1
4750	ntype_0
4751	ntype_0
4752	ntype_2
4753	ntype_1
4754	ntype_3
4755	ntype_1
4756	ntype_0
4757	ntype_2
4758	ntype_2
4759	ntype_3
4760	ntype_3
4761	ntype_0
4762	ntype_2
4763	ntype_0
4764	ntype_0
4765	ntype_3
4766	ntype_3
4767	ntype_0
4768	ntype_2
4769	ntype_2
4770	ntype_1
4771	ntype_1
4772	ntype_0
4773	ntype_0
4774	ntype_1
4775	ntype_1
4776	ntype_2
4777	ntype_0
4778	ntype_1
4779	ntype_1
4780	ntype_2
4781	ntype_0
4782	ntype_0
4783	ntype_3
4784	ntype_0
4785	ntype_0
4786	ntype_3
4787	ntype_0
4788	ntype_0
4789	ntype_1
4790	ntype_0
4791	ntype_2
4792	ntype_0
4793	ntype_0
4794	ntype_1
4795	ntype_2
4796	ntype_1
4797	ntype_1
4798	ntype_1
4799	ntype_3
4800	ntype_0
4801	ntype_2
4802	ntype_3
4803	ntype_3
4804	ntype_2
4805	ntype_1
4806	ntype_3
4807	ntype_1
4808	ntype_2
4809	ntype_3
4810	ntype_2
4811	ntype_3
4812	ntype_1
4813	ntype_3
4814	ntype_2
4815	ntype_2
4816	ntype_0
4817	ntype_3
4818	ntype_2
4819	ntype_1
4820	ntype_1
4821	ntype_3
4822	ntype_3
4823	ntype_0
4824	ntype_0
4825	ntype_2
4826	ntype_2
4827	ntype_0
4828	ntype_2
4829	ntype_2
4830	ntype_2
4831	ntype_1
4832	ntype_1
4833	ntype_2
4834	ntype_1
4835	ntype_0
4836	ntype_1
4837	ntype_3
4838	ntype_2
4839	ntype_1
4840	ntype_2
4841	ntype_3
4842	ntype_2
4843	ntype_3
4844	ntype_2
4845	ntype_3
4846	ntype_3
4847	ntype_0
4848	ntype_2
4849	ntype_0
4850	ntype_2
4851	ntype_2
4852	ntype_3
4853	ntype_0
4854	ntype_0
4855	ntype_0
4856	ntype_3
4857	ntype_1
4858	ntype_2
4859	ntype_0
4860	ntype_1
4861	ntype_0
4862	ntype_1
4863	ntype_1
4864	ntype_2
4865	ntype_1
4866	ntype_0
4867	ntype_3
4868	ntype_3
4869	ntype_3
4870	ntype_1
4871	ntype_0
4872	ntype_1
4873	ntype_0
4874	ntype_1
4875	ntype_3
4876	ntype_3
4877	ntype_2
4878	ntype_2
4879	ntype_1
4880	ntype_0
4881	ntype_0
4882	ntype_1
4883	ntype_0
4884	ntype_3
4885	ntype_1
4886	ntype_3
4887	ntype_3
4888	ntype_2
4889	ntype_2
4890	ntype_2
4891	ntype_3
4892	ntype_0
4893	ntype_0
4894	ntype_0
4895	ntype_1
4896	ntype_1
4897	ntype_2
4898	ntype_0
4899	ntype_2
4900	ntype_1
4901	ntype_0
4902	ntype_0
4903	ntype_2
4904	ntype_3
4905	ntype_2
4906	ntype_1
4907	ntype_0
4908	ntype_2
4909	ntype_0
4910	ntype_2
4911	ntype_2
4912	ntype_2
4913	ntype_3
4914	ntype_1
4915	ntype_0
4916	ntype_3
4917	ntype_1
4918	ntype_2
4919	ntype_2
4920	ntype_3
4921	ntype_3
4922	ntype_1
4923	ntype_1
4924	ntype_0
4925	ntype_2
4926	ntype_3
4927	ntype_1
4928	ntype_2
4929	ntype_3
4930	ntype_3
4931	ntype_0
4932	ntype_2
4933	ntype_2
4934	ntype_1
4935	ntype_3
4936	ntype_3
4937	ntype_0
4938	ntype_2
4939	ntype_1
4940	ntype_0
4941	ntype_2
4942	ntype_2
4943	ntype_1
4944	ntype_3
4945	ntype_0
4946	ntype_3
4947	ntype_0
4948	ntype_3
4949	ntype_0
4950	ntype_1
4951	ntype_0
4952	ntype_1
4953	ntype_3
4954	ntype_0
4955	ntype_0
4956	ntype_0
4957	ntype_0
4958	ntype_2
4959	ntype_2
4960	ntype_1
4961	ntype_1
4962	ntype_3
4963	ntype_3
4964	ntype_0
4965	ntype_3
4966	ntype_0
4967	ntype_3
4968	ntype_1
4969	ntype_3
4970	ntype_2
4971	ntype_3
4972	ntype_3
4973	ntype_1
4974	ntype_3
4975	ntype_2
4976	ntype_3
4977	ntype_1
4978	ntype_2
4979	ntype_0
4980	ntype_0
4981	ntype_3
4982	ntype_2
4983	ntype_2
4984	ntype_3
4985	ntype_1
4986	ntype_2
4987	ntype_3
4988	ntype_0
4989	ntype_3
4990	ntype_2
4991	ntype_0
4992	ntype_1
4993	ntype_2
4994	ntype_1
4995	ntype_0
4996	ntype_1
4997	ntype_2
4998	ntype_0
4999	ntype_2
5000	ntype_0
5001	ntype_1
5002	ntype_1
5003	ntype_3
5004	ntype_0
5005	ntype_0
5006	ntype_3
5007	ntype_0
5008	ntype_0
5009	ntype_0
5010	ntype_1
5011	ntype_2
5012	ntype_0
5013	ntype_3
5014	ntype_0
5015	ntype_2
5016	ntype_3
5017	ntype_3
5018	ntype_2
5019	ntype_3
5020	ntype_0
5021	ntype_3
5022	ntype_3
5023	ntype_0
5024	ntype_0
5025	ntype_2
5026	ntype_0
5027	ntype_3
5028	ntype_1
5029	ntype_0
5030	ntype_2
5031	ntype_3
5032	ntype_1
5033	ntype_3
5034	ntype_2
5035	ntype_0
5036	ntype_1
5037	ntype_3
5038	ntype_1
5039	ntype_3
5040	ntype_0
5041	ntype_2
5042	ntype_0
5043	ntype_0
5044	ntype_1
5045	ntype_1
5046	ntype_3
5047	ntype_0
5048	ntype_0
5049	ntype_3
5050	ntype_0
5051	ntype_2
5052	ntype_3
5053	ntype_0
5054	ntype_3
5055	ntype_0
5056	ntype_0
5057	ntype_1
5058	ntype_3
5059	ntype_0
5060	ntype_2
5061	ntype_2
5062	ntype_1
5063	ntype_3
5064	ntype_0
5065	ntype_2
5066	ntype_2
5067	ntype_0
5068	ntype_2
5069	ntype_2
5070	ntype_2
5071	ntype_1
5072	ntype_0
5073	ntype_0
5074	ntype_2
5075	ntype_0
5076	ntype_0
5077	ntype_3
5078	ntype_2
5079	ntype_2
5080	ntype_0
5081	ntype_3
5082	ntype_1
5083	ntype_0
5084	ntype_0
5085	ntype_0
5086	ntype_2
5087	ntype_3
5088	ntype_2
5089	ntype_2
5090	ntype_3
5091	ntype_2
5092	ntype_1
5093	ntype_3
5094	ntype_2
5095	ntype_3
5096	ntype_0
5097	ntype_0
5098	ntype_2
5099	ntype_3
5100	ntype_3
5101	ntype_2
5102	ntype_2
5103	ntype_0
5104	ntype_0
5105	ntype_0
5106	ntype_1
5107	ntype_2
5108	ntype_1
5109	ntype_3
5110	ntype_1
5111	ntype_3
5112	ntype_2
5113	ntype_0
5114	ntype_0
5115	ntype_1
5116	ntype_1
5117	ntype_2
5118	ntype_3
5119	ntype_3
5120	ntype_0
5121	ntype_1
5122	ntype_1
5123	ntype_0
5124	ntype_1
5125	ntype_2
5126	ntype_1
5127	ntype_2
5128	ntype_0
5129	ntype_3
5130	ntype_3
5131	ntype_3
5132	ntype_1
5133	ntype_3
5134	ntype_3
5135	ntype_2
5136	ntype_2
5137	ntype_2
5138	ntype_0
5139	ntype_3
5140	ntype_1
5141	ntype_3
5142	ntype_0
5143	ntype_0
5144	ntype_1
5145	ntype_0
5146	ntype_2
5147	ntype_1
5148	ntype_3
5149	ntype_1
5150	ntype_1
5151	ntype_3
5152	ntype_3
5153	ntype_3
5154	ntype_0
5155	ntype_1
5156	ntype_1
5157	ntype_2
5158	ntype_1
5159	ntype_2
5160	ntype_2
5161	ntype_3
5162	ntype_0
5163	ntype_3
5164	ntype_2
5165	ntype_0
5166	ntype_2
5167	ntype_3
5168	ntype_2
5169	ntype_0
5170	ntype_2
5171	ntype_3
5172	ntype_1
5173	ntype_1
5174	ntype_2
5175	ntype_2
5176	ntype_0
5177	ntype_2
5178	ntype_0
5179	ntype_2
5180	ntype_1
5181	ntype_0
5182	ntype_1
5183	ntype_0
5184	ntype_0
5185	ntype_3
5186	ntype_3
5187	ntype_2
5188	ntype_0
5189	ntype_0
5190	ntype_0
5191	ntype_1
5192	ntype_2
5193	ntype_3
5194	ntype_3
5195	ntype_3
5196	ntype_0
5197	ntype_0
5198	ntype_0
5199	ntype_2
5200	ntype_2
5201	ntype_2
5202	ntype_3
5203	ntype_0
5204	ntype_3
5205	ntype_1
5206	ntype_3
5207	ntype_2
5208	ntype_2
5209	ntype_2
5210	ntype_3
5211	ntype_1
5212	ntype_2
5213	ntype_1
5214	ntype_3
5215	ntype_1
5216	ntype_0
5217	ntype_1
5218	ntype_2
5219	ntype_2
5220	ntype_0
5221	ntype_2
5222	ntype_1
5223	ntype_0
5224	ntype_3
5225	ntype_2
5226	ntype_1
5227	ntype_3
5228	ntype_0
5229	ntype_1
5230	ntype_2
5231	ntype_0
5232	ntype_3
5233	ntype_1
5234	ntype_0
5235	ntype_2
5236	ntype_3
5237	ntype_0
5238	ntype_1
5239	ntype_0
5240	ntype_0
5241	ntype_2
5242	ntype_1
5243	ntype_2
5244	ntype_2
5245	ntype_0
5246	ntype_0
5247	ntype_2
5248	ntype_3
5249	ntype_0
5250	ntype_0
5251	ntype_3
5252	ntype_3
5253	ntype_2
5254	ntype_2
5255	ntype_2
5256	ntype_0
5257	ntype_1
5258	ntype_3
5259	ntype_3
5260	ntype_0
5261	ntype_0
5262	ntype_3
5263	ntype_3
5264	ntype_0
5265	ntype_0
5266	ntype_1
5267	ntype_0
5268	ntype_2
5269	ntype_2
5270	ntype_1
5271	ntype_3
5272	ntype_3
5273	ntype_2
5274	ntype_1
5275	ntype_0
5276	ntype_0
5277	ntype_3
5278	ntype_0
5279	ntype_3
5280	ntype_1
5281	ntype_1
5282	ntype_1
5283	ntype_2
5284	ntype_2
5285	ntype_3
5286	ntype_3
5287	ntype_3
5288	ntype_2
5289	ntype_3
5290	ntype_0
5291	ntype_2
5292	ntype_2
5293	ntype_2
5294	ntype_0
5295	ntype_2
5296	ntype_0
5297	ntype_3
5298	ntype_3
5299	ntype_0
5300	ntype_1
5301	ntype_1
5302	ntype_0
5303	ntype_2
5304	ntype_0
5305	ntype_3
5306	ntype_0
5307	ntype_2
5308	ntype_0
5309	ntype_3
5310	ntype_1
5311	ntype_1
5312	ntype_1
5313	ntype_2
5314	ntype_1
5315	ntype_2
5316	ntype_1
5317	ntype_3
5318	ntype_3
5319	ntype_3
5320	ntype_1
5321	ntype_1
5322	ntype_0
5323	ntype_0
5324	ntype_2
5325	ntype_1
5326	ntype_0
5327	ntype_2
5328	ntype_3
5329	ntype_0
5330	ntype_0
5331	ntype_3
5332	ntype_0
5333	ntype_3
5334	ntype_0
5335	ntype_2
5336	ntype_1
5337	ntype_2
5338	ntype_0
5339	ntype_2
5340	ntype_0
5341	ntype_2
5342	ntype_0
5343	ntype_2
5344	ntype_0
5345	ntype_1
5346	ntype_2
5347	ntype_3
5348	ntype_1
5349	ntype_3
5350	ntype_1
5351	ntype_1
5352	ntype_1
5353	ntype_2
5354	ntype_1
5355	ntype_1
5356	ntype_3
5357	ntype_2
5358	ntype_3
5359	ntype_0
5360	ntype_3
5361	ntype_0
5362	ntype_2
5363	ntype_0
5364	ntype_2
5365	ntype_3
5366	ntype_3
5367	ntype_0
5368	ntype_2
5369	ntype_3
5370	ntype_2
5371	ntype_0
5372	ntype_1
5373	ntype_2
5374	ntype_3
5375	ntype_3
5376	ntype_2
5377	ntype_3
5378	ntype_1
5379	ntype_2
5380	ntype_3
5381	ntype_0
5382	ntype_0
5383	ntype_0
5384	ntype_1
5385	ntype_1
5386	ntype_0
5387	ntype_1
5388	ntype_3
5389	ntype_0
5390	ntype_3
5391	ntype_2
5392	ntype_2
5393	ntype_0
5394	ntype_3
5395	ntype_2
5396	ntype_0
5397	ntype_2
5398	ntype_2
5399	ntype_3
5400	ntype_1
5401	ntype_0
5402	ntype_1
5403	ntype_2
5404	ntype_3
5405	ntype_1
5406	ntype_0
5407	ntype_3
5408	ntype_1
5409	ntype_2
5410	ntype_3
5411	ntype_2
5412	ntype_1
5413	ntype_3
5414	ntype_1
5415	ntype_3
5416	ntype_2
5417	ntype_0
5418	ntype_0
5419	ntype_1
5420	ntype_0
5421	ntype_3
5422	ntype_3
5423	ntype_1
5424	ntype_1
5425	ntype_1
5426	ntype_2
5427	ntype_3
5428	ntype_0
5429	ntype_2
5430	ntype_2
5431	ntype_0
5432	ntype_2
5433	ntype_2
5434	ntype_0
5435	ntype_3
5436	ntype_3
5437	ntype_1
5438	ntype_2
5439	ntype_0
5440	ntype_1
5441	ntype_2
5442	ntype_2
5443	ntype_3
5444	ntype_0
5445	ntype_1
5446	ntype_0
5447	ntype_0
5448	ntype_3
5449	ntype_0
5450	ntype_1
5451	ntype_1
5452	ntype_0
5453	ntype_2
5454	ntype_2
5455	ntype_0
5456	ntype_2
5457	ntype_3
5458	ntype_0
5459	ntype_2
5460	ntype_3
5461	ntype_2
5462	ntype_2
5463	ntype_0
5464	ntype_2
5465	ntype_2
5466	ntype_3
5467	ntype_2
5468	ntype_0
5469	ntype_1
5470	ntype_0
5471	ntype_1
5472	ntype_3
5473	ntype_2
5474	ntype_2
5475	ntype_2
5476	ntype_1
5477	ntype_1
5478	ntype_0
5479	ntype_2
5480	ntype_0
5481	ntype_1
5482	ntype_1
5483	ntype_1
5484	ntype_0
5485	ntype_2
5486	ntype_3
5487	ntype_1
5488	ntype_2
5489	ntype_1
5490	ntype_2
5491	ntype_2
5492	ntype_1
5493	ntype_1
5494	ntype_0
5495	ntype_3
5496	ntype_2
5497	ntype_0
5498	ntype_0
5499	ntype_3
5500	ntype_1
5501	ntype_3
5502	ntype_1
5503	ntype_2
5504	ntype_2
5505	ntype_3
5506	ntype_0
5507	ntype_3
5508	ntype_2
5509	ntype_3
5510	ntype_1
5511	ntype_3
5512	ntype_3
5513	ntype_2
5514	ntype_3
5515	ntype_2
5516	ntype_2
5517	ntype_2
5518	ntype_2
5519	ntype_2
5520	ntype_2
5521	ntype_3
5522	ntype_3
5523	ntype_0
5524	ntype_1
5525	ntype_0
5526	ntype_1
5527	ntype_3
5528	ntype_3
5529	ntype_0
5530	ntype_3
5531	ntype_3
5532	ntype_3
5533	ntype_1
5534	ntype_3
5535	ntype_0
5536	ntype_3
5537	ntype_3
5538	ntype_2
5539	ntype_2
5540	ntype_3
5541	ntype_0
5542	ntype_0
5543	ntype_2
5544	ntype_2
5545	ntype_1
5546	ntype_0
5547	ntype_2
5548	ntype_2
5549	ntype_3
5550	ntype_0
5551	ntype_2
5552	ntype_1
5553	ntype_3
5554	ntype_2
5555	ntype_2
5556	ntype_2
5557	ntype_3
5558	ntype_3
5559	ntype_2
5560	ntype_0
5561	ntype_0
5562	ntype_0
5563	ntype_1
5564	ntype_1
5565	ntype_2
5566	ntype_0
5567	ntype_0
5568	ntype_3
5569	ntype_3
5570	ntype_3
5571	ntype_1
5572	ntype_2
5573	ntype_3
5574	ntype_2
5575	ntype_2
5576	ntype_2
5577	ntype_0
5578	ntype_2
5579	ntype_3
5580	ntype_3
5581	ntype_0
5582	ntype_0
5583	ntype_1
5584	ntype_3
5585	ntype_3
5586	ntype_2
5587	ntype_2
5588	ntype_1
5589	ntype_0
5590	ntype_0
5591	ntype_1
5592	ntype_2
5593	ntype_2
5594	ntype_0
5595	ntype_3
5596	ntype_0
5597	ntype_3
5598	ntype_3
5599	ntype_0
5600	ntype_0
5601	ntype_2
5602	ntype_3
5603	ntype_1
5604	ntype_2
5605	ntype_3
5606	ntype_0
5607	ntype_1
5608	ntype_1
5609	ntype_2
5610	ntype_0
5611	ntype_1
5612	ntype_2
5613	ntype_0
5614	ntype_1
5615	ntype_3
5616	ntype_2
5617	ntype_2
5618	ntype_1
5619	ntype_2
5620	ntype_1
5621	ntype_0
5622	ntype_1
5623	ntype_3
5624	ntype_0
5625	ntype_0
5626	ntype_2
5627	ntype_2
5628	ntype_2
5629	ntype_0
5630	ntype_3
5631	ntype_2
5632	ntype_0
5633	ntype_3
5634	ntype_1
5635	ntype_1
5636	ntype_1
5637	ntype_0
5638	ntype_3
5639	ntype_0
5640	ntype_0
5641	ntype_3
5642	ntype_3
5643	ntype_0
5644	ntype_3
5645	ntype_3
5646	ntype_2
5647	ntype_2
5648	ntype_2
5649	ntype_0
5650	ntype_3
5651	ntype_1
5652	ntype_3
5653	ntype_1
5654	ntype_0
5655	ntype_3
5656	ntype_1
5657	ntype_3
5658	ntype_3
5659	ntype_1
5660	ntype_0
5661	ntype_3
5662	ntype_1
5663	ntype_3
5664	ntype_2
5665	ntype_3
5666	ntype_0
5667	ntype_1
5668	ntype_0
5669	ntype_3
5670	ntype_3
5671	ntype_2
5672	ntype_1
5673	ntype_0
5674	ntype_0
5675	ntype_1
5676	ntype_2
5677	ntype_1
5678	ntype_0
5679	ntype_1
5680	ntype_1
5681	ntype_3
5682	ntype_2
5683	ntype_3
5684	ntype_3
5685	ntype_2
5686	ntype_1
5687	ntype_1
5688	ntype_0
5689	ntype_1
5690	ntype_3
5691	ntype_1
5692	ntype_3
5693	ntype_2
5694	ntype_0
5695	ntype_1
5696	ntype_2
5697	ntype_2
5698	ntype_1
5699	ntype_1
5700	ntype_3
5701	ntype_3
5702	ntype_3
5703	ntype_3
5704	ntype_3
5705	ntype_2
5706	ntype_2
5707	ntype_3
5708	ntype_3
5709	ntype_1
5710	ntype_0
5711	ntype_1
5712	ntype_2
5713	ntype_0
5714	ntype_1
5715	ntype_3
5716	ntype_0
5717	ntype_0
5718	ntype_1
5719	ntype_2
5720	ntype_1
5721	ntype_3
5722	ntype_3
5723	ntype_1
5724	ntype_0
5725	ntype_1
5726	ntype_2
5727	ntype_2
5728	ntype_3
5729	ntype_2
5730	ntype_1
5731	ntype_1
5732	ntype_1
5733	ntype_2
5734	ntype_0
5735	ntype_0
5736	ntype_0
5737	ntype_3
5738	ntype_3
5739	ntype_2
5740	ntype_0
5741	ntype_1
5742	ntype_0
5743	ntype_1
5744	ntype_0
5745	ntype_0
5746	ntype_2
5747	ntype_1
5748	ntype_2
5749	ntype_2
5750	ntype_3
5751	ntype_1
5752	ntype_0
5753	ntype_1
5754	ntype_3
5755	ntype_2
5756	ntype_0
5757	ntype_3
5758	ntype_3
5759	ntype_1
5760	ntype_2
5761	ntype_3
5762	ntype_1
5763	ntype_1
5764	ntype_2
5765	ntype_1
5766	ntype_2
5767	ntype_2
5768	ntype_1
5769	ntype_0
5770	ntype_1
5771	ntype_3
5772	ntype_2
5773	ntype_0
5774	ntype_2
5775	ntype_0
5776	ntype_3
5777	ntype_0
5778	ntype_2
5779	ntype_0
5780	ntype_0
5781	ntype_0
5782	ntype_2
5783	ntype_2
5784	ntype_1
5785	ntype_2
5786	ntype_0
5787	ntype_0
5788	ntype_2
5789	ntype_2
5790	ntype_0
5791	ntype_0
5792	ntype_0
5793	ntype_2
5794	ntype_3
5795	ntype_3
5796	ntype_3
5797	ntype_2
5798	ntype_2
5799	ntype_3
5800	ntype_1
5801	ntype_3
5802	ntype_1
5803	ntype_3
5804	ntype_3
5805	ntype_2
5806	ntype_2
5807	ntype_3
5808	ntype_0
5809	ntype_1
5810	ntype_1
5811	ntype_0
5812	ntype_1
5813	ntype_2
5814	ntype_2
5815	ntype_0
5816	ntype_3
5817	ntype_2
5818	ntype_3
5819	ntype_2
5820	ntype_3
5821	ntype_2
5822	ntype_3
5823	ntype_3
5824	ntype_3
5825	ntype_0
5826	ntype_0
5827	ntype_2
5828	ntype_3
5829	ntype_1
5830	ntype_1
5831	ntype_2
5832	ntype_3
5833	ntype_1
5834	ntype_3
5835	ntype_3
5836	ntype_3
5837	ntype_2
5838	ntype_2
5839	ntype_3
5840	ntype_0
5841	ntype_3
5842	ntype_2
5843	ntype_0
5844	ntype_3
5845	ntype_0
5846	ntype_2
5847	ntype_3
5848	ntype_0
5849	ntype_3
5850	ntype_1
5851	ntype_2
5852	ntype_3
5853	ntype_0
5854	ntype_1
5855	ntype_3
5856	ntype_2
5857	ntype_2
5858	ntype_2
5859	ntype_0
5860	ntype_2
5861	ntype_0
5862	ntype_2
5863	ntype_3
5864	ntype_1
5865	ntype_3
5866	ntype_3
5867	ntype_2
5868	ntype_1
5869	ntype_0
5870	ntype_1
5871	ntype_3
5872	ntype_1
5873	ntype_3
5874	ntype_1
5875	ntype_1
5876	ntype_2
5877	ntype_2
5878	ntype_2
5879	ntype_2
5880	ntype_3
5881	ntype_3
5882	ntype_3
5883	ntype_2
5884	ntype_1
5885	ntype_3
5886	ntype_0
5887	ntype_0
5888	ntype_2
5889	ntype_0
5890	ntype_2
5891	ntype_0
5892	ntype_1
5893	ntype_0
5894	ntype_3
5895	ntype_1
5896	ntype_3
5897	ntype_1
5898	ntype_2
5899	ntype_3
5900	ntype_2
5901	ntype_3
5902	ntype_3
5903	ntype_1
5904	ntype_3
5905	ntype_2
5906	ntype_1
5907	ntype_1
5908	ntype_1
5909	ntype_0
5910	ntype_1
5911	ntype_3
5912	ntype_1
5913	ntype_0
5914	ntype_3
5915	ntype_1
5916	ntype_1
5917	ntype_1
5918	ntype_0
5919	ntype_2
5920	ntype_3
5921	ntype_1
5922	ntype_3
5923	ntype_3
5924	ntype_0
5925	ntype_2
5926	ntype_2
5927	ntype_3
5928	ntype_2
5929	ntype_2
5930	ntype_2
5931	ntype_3
5932	ntype_0
5933	ntype_2
5934	ntype_3
5935	ntype_2
5936	ntype_1
5937	ntype_2
5938	ntype_3
5939	ntype_2
5940	ntype_2
5941	ntype_0
5942	ntype_2
5943	ntype_2
5944	ntype_0
5945	ntype_2
5946	ntype_3
5947	ntype_2
5948	ntype_0
5949	ntype_0
5950	ntype_3
5951	ntype_2
5952	ntype_2
5953	ntype_3
5954	ntype_3
5955	ntype_1
5956	ntype_2
5957	ntype_3
5958	ntype_1
5959	ntype_3
5960	ntype_2
5961	ntype_1
5962	ntype_2
5963	ntype_3
5964	ntype_0
5965	ntype_0
5966	ntype_1
5967	ntype_0
5968	ntype_0
5969	ntype_2
5970	ntype_0
5971	ntype_3
5972	ntype_2
5973	ntype_0
5974	ntype_0
5975	ntype_0
5976	ntype_1
5977	ntype_3
5978	ntype_0
5979	ntype_0
5980	ntype_0
5981	ntype_1
5982	ntype_1
5983	ntype_2
5984	ntype_3
5985	ntype_3
5986	ntype_1
5987	ntype_0
5988	ntype_1
5989	ntype_2
5990	ntype_3
5991	ntype_1
5992	ntype_2
5993	ntype_3
5994	ntype_3
5995	ntype_3
5996	ntype_2
5997	ntype_0
5998	ntype_0
5999	ntype_1
6000	ntype_3
6001	ntype_2
6002	ntype_3
6003	ntype_2
6004	ntype_3
6005	ntype_3
6006	ntype_3
6007	ntype_2
6008	ntype_2
6009	ntype_2
6010	ntype_1
6011	ntype_2
6012	ntype_2
6013	ntype_3
6014	ntype_0
6015	ntype_3
6016	ntype_0
6017	ntype_1
6018	ntype_3
6019	ntype_0
6020	ntype_1
6021	ntype_3
6022	ntype_3
6023	ntype_3
6024	ntype_0
6025	ntype_1
6026	ntype_1
6027	ntype_1
6028	ntype_2
6029	ntype_2
6030	ntype_1
6031	ntype_3
6032	ntype_2
6033	ntype_1
6034	ntype_3
6035	ntype_1
6036	ntype_1
6037	ntype_3
6038	ntype_3
6039	ntype_3
6040	ntype_2
6041	ntype_0
6042	ntype_3
6043	ntype_0
6044	ntype_1
6045	ntype_1
6046	ntype_2
6047	ntype_1
6048	ntype_1
6049	ntype_2
6050	ntype_0
6051	ntype_0
6052	ntype_2
6053	ntype_0
6054	ntype_2
6055	ntype_0
6056	ntype_1
6057	ntype_2
6058	ntype_3
6059	ntype_1
6060	ntype_3
6061	ntype_0
6062	ntype_0
6063	ntype_2
6064	ntype_2
6065	ntype_1
6066	ntype_1
6067	ntype_1
6068	ntype_3
6069	ntype_3
6070	ntype_2
6071	ntype_1
6072	ntype_1
6073	ntype_0
6074	ntype_1
6075	ntype_0
6076	ntype_2
6077	ntype_0
6078	ntype_0
6079	ntype_0
6080	ntype_1
6081	ntype_1
6082	ntype_2
6083	ntype_3
6084	ntype_3
6085	ntype_0
6086	ntype_3
6087	ntype_2
6088	ntype_1
6089	ntype_1
6090	ntype_2
6091	ntype_1
6092	ntype_3
6093	ntype_3
6094	ntype_2
6095	ntype_3
6096	ntype_1
6097	ntype_3
6098	ntype_0
6099	ntype_1
6100	ntype_2
6101	ntype_3
6102	ntype_3
6103	ntype_0
6104	ntype_2
6105	ntype_2
6106	ntype_3
6107	ntype_3
6108	ntype_1
6109	ntype_1
6110	ntype_0
6111	ntype_0
6112	ntype_3
6113	ntype_2
6114	ntype_1
6115	ntype_0
6116	ntype_0
6117	ntype_3
6118	ntype_1
6119	ntype_2
6120	ntype_1
6121	ntype_2
6122	ntype_0
6123	ntype_2
6124	ntype_0
6125	ntype_0
6126	ntype_0
6127	ntype_1
6128	ntype_3
6129	ntype_2
6130	ntype_2
6131	ntype_2
6132	ntype_2
6133	ntype_2
6134	ntype_2
6135	ntype_3
6136	ntype_3
6137	ntype_1
6138	ntype_1
6139	ntype_2
6140	ntype_2
6141	ntype_2
6142	ntype_1
6143	ntype_1
6144	ntype_1
6145	ntype_3
6146	ntype_0
6147	ntype_3
6148	ntype_3
6149	ntype_3
6150	ntype_0
6151	ntype_3
6152	ntype_3
6153	ntype_0
6154	ntype_0
6155	ntype_0
6156	ntype_0
6157	ntype_0
6158	ntype_0
6159	ntype_0
6160	ntype_0
6161	ntype_2
6162	ntype_3
6163	ntype_0
6164	ntype_0
6165	ntype_1
6166	ntype_1
6167	ntype_1
6168	ntype_1
6169	ntype_1
6170	ntype_0
6171	ntype_1
6172	ntype_1
6173	ntype_3
6174	ntype_1
6175	ntype_0
6176	ntype_1
6177	ntype_3
6178	ntype_2
6179	ntype_0
6180	ntype_3
6181	ntype_0
6182	ntype_3
6183	ntype_2
6184	ntype_1
6185	ntype_1
6186	ntype_2
6187	ntype_2
6188	ntype_0
6189	ntype_0
6190	ntype_2
6191	ntype_2
6192	ntype_3
6193	ntype_1
6194	ntype_1
6195	ntype_3
6196	ntype_1
6197	ntype_0
6198	ntype_1
6199	ntype_3
6200	ntype_1
6201	ntype_1
6202	ntype_0
6203	ntype_3
6204	ntype_3
6205	ntype_2
6206	ntype_1
6207	ntype_3
6208	ntype_0
6209	ntype_1
6210	ntype_3
6211	ntype_0
6212	ntype_0
6213	ntype_3
6214	ntype_0
6215	ntype_0
6216	ntype_2
6217	ntype_0
6218	ntype_2
6219	ntype_2
6220	ntype_2
6221	ntype_3
6222	ntype_0
6223	ntype_3
6224	ntype_1
6225	ntype_2
6226	ntype_3
6227	ntype_3
6228	ntype_0
6229	ntype_0
6230	ntype_3
6231	ntype_3
6232	ntype_1
6233	ntype_3
6234	ntype_0
6235	ntype_0
6236	ntype_3
6237	ntype_3
6238	ntype_2
6239	ntype_0
6240	ntype_1
6241	ntype_3
6242	ntype_2
6243	ntype_2
6244	ntype_0
6245	ntype_1
6246	ntype_1
6247	ntype_2
6248	ntype_2
6249	ntype_1
6250	ntype_0
6251	ntype_3
6252	ntype_3
6253	ntype_3
6254	ntype_2
6255	ntype_1
6256	ntype_3
6257	ntype_0
6258	ntype_0
6259	ntype_0
6260	ntype_1
6261	ntype_1
6262	ntype_2
6263	ntype_2
6264	ntype_0
6265	ntype_2
6266	ntype_3
6267	ntype_0
6268	ntype_2
6269	ntype_3
6270	ntype_2
6271	ntype_0
6272	ntype_3
6273	ntype_1
6274	ntype_0
6275	ntype_2
6276	ntype_2
6277	ntype_1
6278	ntype_1
6279	ntype_0
6280	ntype_2
6281	ntype_1
6282	ntype_0
6283	ntype_1
6284	ntype_0
6285	ntype_3
6286	ntype_3
6287	ntype_3
6288	ntype_2
6289	ntype_2
6290	ntype_1
6291	ntype_2
6292	ntype_0
6293	ntype_0
6294	ntype_0
6295	ntype_1
6296	ntype_3
6297	ntype_2
6298	ntype_0
6299	ntype_2
6300	ntype_2
6301	ntype_3
6302	ntype_0
6303	ntype_1
6304	ntype_0
6305	ntype_1
6306	ntype_2
6307	ntype_2
6308	ntype_3
6309	ntype_1
6310	ntype_1
6311	ntype_1
6312	ntype_2
6313	ntype_0
6314	ntype_1
6315	ntype_3
6316	ntype_2
6317	ntype_2
6318	ntype_0
6319	ntype_1
6320	ntype_0
6321	ntype_2
6322	ntype_3
6323	ntype_0
6324	ntype_2
6325	ntype_3
6326	ntype_0
6327	ntype_3
6328	ntype_3
6329	ntype_3
6330	ntype_1
6331	ntype_1
6332	ntype_3
6333	ntype_3
6334	ntype_2
6335	ntype_2
6336	ntype_3
6337	ntype_2
6338	ntype_0
6339	ntype_2
6340	ntype_1
6341	ntype_1
6342	ntype_2
6343	ntype_1
6344	ntype_3
6345	ntype_0
6346	ntype_0
6347	ntype_3
6348	ntype_0
6349	ntype_3
6350	ntype_2
6351	ntype_3
6352	ntype_3
6353	ntype_0
6354	ntype_3
6355	ntype_0
6356	ntype_2
6357	ntype_1
6358	ntype_0
6359	ntype_0
6360	ntype_2
6361	ntype_1
6362	ntype_3
6363	ntype_2
6364	ntype_3
6365	ntype_3
6366	ntype_0
6367	ntype_1
6368	ntype_3
6369	ntype_1
6370	ntype_0
6371	ntype_1
6372	ntype_0
6373	ntype_2
6374	ntype_0
6375	ntype_0
6376	ntype_2
6377	ntype_2
6378	ntype_1
6379	ntype_1
6380	ntype_2
6381	ntype_0
6382	ntype_0
6383	ntype_1
6384	ntype_3
6385	ntype_0
6386	ntype_0
6387	ntype_3
6388	ntype_0
6389	ntype_1
6390	ntype_0
6391	ntype_2
6392	ntype_3
6393	ntype_0
6394	ntype_2
6395	ntype_3
6396	ntype_0
6397	ntype_2
6398	ntype_0
6399	ntype_1
6400	ntype_3
6401	ntype_0
6402	ntype_2
6403	ntype_1
6404	ntype_0
6405	ntype_0
6406	ntype_3
6407	ntype_0
6408	ntype_0
6409	ntype_1
6410	ntype_1
6411	ntype_3
6412	ntype_3
6413	ntype_2
6414	ntype_3
6415	ntype_3
6416	ntype_3
6417	ntype_3
6418	ntype_1
6419	ntype_2
6420	ntype_3
6421	ntype_3
6422	ntype_3
6423	ntype_1
6424	ntype_3
6425	ntype_2
6426	ntype_1
6427	ntype_1
6428	ntype_2
6429	ntype_2
6430	ntype_0
6431	ntype_1
6432	ntype_3
6433	ntype_1
6434	ntype_0
6435	ntype_1
6436	ntype_2
6437	ntype_3
6438	ntype_0
6439	ntype_2
6440	ntype_0
6441	ntype_3
6442	ntype_3
6443	ntype_3
6444	ntype_2
6445	ntype_0
6446	ntype_0
6447	ntype_0
6448	ntype_0
6449	ntype_3
6450	ntype_3
6451	ntype_3
6452	ntype_0
6453	ntype_1
6454	ntype_0
6455	ntype_1
6456	ntype_3
6457	ntype_1
6458	ntype_0
6459	ntype_3
6460	ntype_1
6461	ntype_3
6462	ntype_3
6463	ntype_1
6464	ntype_0
6465	ntype_1
6466	ntype_2
6467	ntype_3
6468	ntype_2
6469	ntype_0
6470	ntype_0
6471	ntype_2
6472	ntype_2
6473	ntype_1
6474	ntype_0
6475	ntype_3
6476	ntype_2
6477	ntype_2
6478	ntype_3
6479	ntype_3
6480	ntype_2
6481	ntype_1
6482	ntype_0
6483	ntype_3
6484	ntype_0
6485	ntype_1
6486	ntype_2
6487	ntype_0
6488	ntype_3
6489	ntype_3
6490	ntype_2
6491	ntype_2
6492	ntype_0
6493	ntype_3
6494	ntype_1
6495	ntype_3
6496	ntype_0
6497	ntype_1
6498	ntype_1
6499	ntype_2
6500	ntype_3
6501	ntype_0
6502	ntype_1
6503	ntype_1
6504	ntype_2
6505	ntype_0
6506	ntype_3
6507	ntype_1
6508	ntype_1
6509	ntype_1
6510	ntype_1
6511	ntype_1
6512	ntype_0
6513	ntype_1
6514	ntype_2
6515	ntype_3
6516	ntype_3
6517	ntype_2
6518	ntype_0
6519	ntype_0
6520	ntype_3
6521	ntype_3
6522	ntype_0
6523	ntype_0
6524	ntype_0
6525	ntype_3
6526	ntype_3
6527	ntype_0
6528	ntype_0
6529	ntype_0
6530	ntype_0
6531	ntype_1
6532	ntype_0
6533	ntype_0
6534	ntype_1
6535	ntype_3
6536	ntype_3
6537	ntype_3
6538	ntype_0
6539	ntype_2
6540	ntype_0
6541	ntype_3
6542	ntype_0
6543	ntype_3
6544	ntype_2
6545	ntype_0
6546	ntype_0
6547	ntype_0
6548	ntype_0
6549	ntype_3
6550	ntype_3
6551	ntype_3
6552	ntype_3
6553	ntype_2
6554	ntype_1
6555	ntype_3
6556	ntype_2
6557	ntype_1
6558	ntype_0
6559	ntype_1
6560	ntype_3
6561	ntype_1
6562	ntype_0
6563	ntype_1
6564	ntype_1
6565	ntype_3
6566	ntype_0
6567	ntype_0
6568	ntype_2
6569	ntype_2
6570	ntype_3
6571	ntype_2
6572	ntype_3
6573	ntype_2
6574	ntype_3
6575	ntype_3
6576	ntype_0
6577	ntype_3
6578	ntype_3
6579	ntype_2
6580	ntype_3
6581	ntype_1
6582	ntype_2
6583	ntype_2
6584	ntype_2
6585	ntype_3
6586	ntype_1
6587	ntype_1
6588	ntype_0
6589	ntype_0
6590	ntype_3
6591	ntype_1
6592	ntype_2
6593	ntype_0
6594	ntype_2
6595	ntype_0
6596	ntype_1
6597	ntype_1
6598	ntype_0
6599	ntype_0
6600	ntype_2
6601	ntype_2
6602	ntype_2
6603	ntype_3
6604	ntype_3
6605	ntype_2
6606	ntype_2
6607	ntype_2
6608	ntype_2
6609	ntype_0
6610	ntype_2
6611	ntype_0
6612	ntype_1
6613	ntype_0
6614	ntype_0
6615	ntype_0
6616	ntype_3
6617	ntype_2
6618	ntype_0
6619	ntype_3
6620	ntype_3
6621	ntype_3
6622	ntype_1
6623	ntype_2
6624	ntype_2
6625	ntype_0
6626	ntype_3
6627	ntype_2
6628	ntype_0
6629	ntype_1
6630	ntype_2
6631	ntype_3
6632	ntype_2
6633	ntype_1
6634	ntype_2
6635	ntype_1
6636	ntype_0
6637	ntype_0
6638	ntype_2
6639	ntype_3
6640	ntype_0
6641	ntype_0
6642	ntype_2
6643	ntype_3
6644	ntype_3
6645	ntype_3
6646	ntype_3
6647	ntype_2
6648	ntype_0
6649	ntype_1
6650	ntype_2
6651	ntype_1
6652	ntype_0
6653	ntype_2
6654	ntype_1
6655	ntype_1
6656	ntype_2
6657	ntype_3
6658	ntype_0
6659	ntype_2
6660	ntype_1
6661	ntype_2
6662	ntype_2
6663	ntype_3
6664	ntype_1
6665	ntype_2
6666	ntype_0
6667	ntype_1
6668	ntype_2
6669	ntype_1
6670	ntype_3
6671	ntype_3
6672	ntype_2
6673	ntype_3
6674	ntype_1
6675	ntype_0
6676	ntype_1
6677	ntype_2
6678	ntype_1
6679	ntype_0
6680	ntype_3
6681	ntype_2
6682	ntype_0
6683	ntype_1
6684	ntype_2
6685	ntype_3
6686	ntype_3
6687	ntype_0
6688	ntype_2
6689	ntype_0
6690	ntype_3
6691	ntype_2
6692	ntype_3
6693	ntype_0
6694	ntype_3
6695	ntype_1
6696	ntype_1
6697	ntype_0
6698	ntype_2
6699	ntype_3
6700	ntype_0
6701	ntype_0
6702	ntype_0
6703	ntype_3
6704	ntype_0
6705	ntype_3
6706	ntype_1
6707	ntype_3
6708	ntype_0
6709	ntype_3
6710	ntype_2
6711	ntype_0
6712	ntype_2
6713	ntype_1
6714	ntype_3
6715	ntype_3
6716	ntype_0
6717	ntype_2
6718	ntype_3
6719	ntype_0
6720	ntype_1
6721	ntype_0
6722	ntype_3
6723	ntype_0
6724	ntype_3
6725	ntype_3
6726	ntype_1
6727	ntype_0
6728	ntype_2
6729	ntype_0
6730	ntype_1
6731	ntype_0
6732	ntype_2
6733	ntype_0
6734	ntype_2
6735	ntype_0
6736	ntype_2
6737	ntype_1
6738	ntype_1
6739	ntype_3
6740	ntype_0
6741	ntype_3
6742	ntype_0
6743	ntype_2
6744	ntype_2
6745	ntype_1
6746	ntype_1
6747	ntype_3
6748	ntype_3
6749	ntype_0
6750	ntype_0
6751	ntype_3
6752	ntype_0
6753	ntype_3
6754	ntype_3
6755	ntype_1
6756	ntype_2
6757	ntype_3
6758	ntype_2
6759	ntype_3
6760	ntype_2
6761	ntype_0
6762	ntype_0
6763	ntype_2
6764	ntype_3
6765	ntype_1
6766	ntype_3
6767	ntype_2
6768	ntype_2
6769	ntype_2
6770	ntype_0
6771	ntype_3
6772	ntype_0
6773	ntype_0
6774	ntype_3
6775	ntype_0
6776	ntype_1
6777	ntype_1
6778	ntype_0
6779	ntype_2
6780	ntype_1
6781	ntype_1
6782	ntype_1
6783	ntype_2
6784	ntype_0
6785	ntype_3
6786	ntype_0
6787	ntype_1
6788	ntype_2
6789	ntype_1
6790	ntype_2
6791	ntype_2
6792	ntype_1
6793	ntype_1
6794	ntype_1
6795	ntype_1
6796	ntype_1
6797	ntype_3
6798	ntype_0
6799	ntype_2
6800	ntype_2
6801	ntype_3
6802	ntype_0
6803	ntype_2
6804	ntype_2
6805	ntype_3
6806	ntype_1
6807	ntype_2
6808	ntype_2
6809	ntype_2
6810	ntype_0
6811	ntype_1
6812	ntype_0
6813	ntype_1
6814	ntype_3
6815	ntype_2
6816	ntype_3
6817	ntype_3
6818	ntype_2
6819	ntype_1
6820	ntype_2
6821	ntype_2
6822	ntype_1
6823	ntype_3
6824	ntype_3
6825	ntype_2
6826	ntype_1
6827	ntype_0
6828	ntype_3
6829	ntype_2
6830	ntype_3
6831	ntype_1
6832	ntype_0
6833	ntype_3
6834	ntype_1
6835	ntype_2
6836	ntype_2
6837	ntype_1
6838	ntype_3
6839	ntype_0
6840	ntype_1
6841	ntype_3
6842	ntype_3
6843	ntype_2
6844	ntype_2
6845	ntype_0
6846	ntype_2
6847	ntype_1
6848	ntype_3
6849	ntype_3
6850	ntype_1
6851	ntype_0
6852	ntype_1
6853	ntype_2
6854	ntype_0
6855	ntype_2
6856	ntype_1
6857	ntype_2
6858	ntype_2
6859	ntype_1
6860	ntype_3
6861	ntype_0
6862	ntype_1
6863	ntype_0
6864	ntype_3
6865	ntype_1
6866	ntype_1
6867	ntype_1
6868	ntype_3
6869	ntype_0
6870	ntype_0
6871	ntype_0
6872	ntype_3
6873	ntype_0
6874	ntype_3
6875	ntype_1
6876	ntype_3
6877	ntype_3
6878	ntype_1
6879	ntype_0
6880	ntype_2
6881	ntype_3
6882	ntype_0
6883	ntype_1
6884	ntype_0
6885	ntype_0
6886	ntype_2
6887	ntype_1
6888	ntype_3
6889	ntype_2
6890	ntype_2
6891	ntype_2
6892	ntype_1
6893	ntype_3
6894	ntype_1
6895	ntype_0
6896	ntype_1
6897	ntype_0
6898	ntype_3
6899	ntype_1
6900	ntype_1
6901	ntype_3
6902	ntype_2
6903	ntype_3
6904	ntype_1
6905	ntype_0
6906	ntype_0
6907	ntype_3
6908	ntype_2
6909	ntype_0
6910	ntype_2
6911	ntype_1
6912	ntype_3
6913	ntype_2
6914	ntype_3
6915	ntype_2
6916	ntype_3
6917	ntype_0
6918	ntype_2
6919	ntype_3
6920	ntype_2
6921	ntype_3
6922	ntype_0
6923	ntype_0
6924	ntype_2
6925	ntype_1
6926	ntype_2
6927	ntype_2
6928	ntype_1
6929	ntype_0
6930	ntype_0
6931	ntype_0
6932	ntype_2
6933	ntype_0
6934	ntype_0
6935	ntype_0
6936	ntype_2
6937	ntype_2
6938	ntype_1
6939	ntype_0
6940	ntype_2
6941	ntype_1
6942	ntype_3
6943	ntype_1
6944	ntype_0
6945	ntype_2
6946	ntype_1
6947	ntype_3
6948	ntype_1
6949	ntype_1
6950	ntype_0
6951	ntype_3
6952	ntype_2
6953	ntype_1
6954	ntype_2
6955	ntype_2
6956	ntype_3
6957	ntype_1
6958	ntype_2
6959	ntype_2
6960	ntype_3
6961	ntype_0
6962	ntype_3
6963	ntype_3
6964	ntype_0
6965	ntype_3
6966	ntype_1
6967	ntype_2
6968	ntype_2
6969	ntype_0
6970	ntype_2
6971	ntype_1
6972	ntype_0
6973	ntype_0
6974	ntype_1
6975	ntype_0
6976	ntype_0
6977	ntype_0
6978	ntype_0
6979	ntype_0
6980	ntype_1
6981	ntype_3
6982	ntype_2
6983	ntype_0
6984	ntype_0
6985	ntype_1
6986	ntype_1
6987	ntype_3
6988	ntype_2
6989	ntype_2
6990	ntype_0
6991	ntype_3
6992	ntype_2
6993	ntype_2
6994	ntype_1
6995	ntype_0
6996	ntype_0
6997	ntype_0
6998	ntype_3
6999	ntype_1
7000	ntype_0
7001	ntype_1
7002	ntype_1
7003	ntype_1
7004	ntype_0
7005	ntype_3
7006	ntype_0
7007	ntype_3
7008	ntype_0
7009	ntype_1
7010	ntype_2
7011	ntype_0
7012	ntype_1
7013	ntype_0
7014	ntype_0
7015	ntype_3
7016	ntype_3
7017	ntype_1
7018	ntype_2
7019	ntype_2
7020	ntype_3
7021	ntype_1
7022	ntype_1
7023	ntype_0
7024	ntype_0
7025	ntype_3
7026	ntype_2
7027	ntype_0
7028	ntype_0
7029	ntype_1
7030	ntype_0
7031	ntype_0
7032	ntype_2
7033	ntype_1
7034	ntype_1
7035	ntype_3
7036	ntype_0
7037	ntype_1
7038	ntype_1
7039	ntype_3
7040	ntype_3
7041	ntype_1
7042	ntype_2
7043	ntype_2
7044	ntype_3
7045	ntype_3
7046	ntype_1
7047	ntype_0
7048	ntype_3
7049	ntype_3
7050	ntype_0
7051	ntype_1
7052	ntype_2
7053	ntype_3
7054	ntype_0
7055	ntype_3
7056	ntype_2
7057	ntype_2
7058	ntype_2
7059	ntype_3
7060	ntype_1
7061	ntype_2
7062	ntype_2
7063	ntype_3
7064	ntype_2
7065	ntype_2
7066	ntype_3
7067	ntype_2
7068	ntype_1
7069	ntype_0
7070	ntype_3
7071	ntype_2
7072	ntype_1
7073	ntype_3
7074	ntype_0
7075	ntype_1
7076	ntype_0
7077	ntype_2
7078	ntype_0
7079	ntype_1
7080	ntype_3
7081	ntype_1
7082	ntype_1
7083	ntype_2
7084	ntype_3
7085	ntype_3
7086	ntype_2
7087	ntype_2
7088	ntype_3
7089	ntype_3
7090	ntype_1
7091	ntype_0
7092	ntype_3
7093	ntype_0
7094	ntype_0
7095	ntype_0
7096	ntype_1
7097	ntype_3
7098	ntype_1
7099	ntype_1
7100	ntype_2
7101	ntype_2
7102	ntype_3
7103	ntype_2
7104	ntype_1
7105	ntype_2
7106	ntype_3
7107	ntype_2
7108	ntype_1
7109	ntype_0
7110	ntype_3
7111	ntype_0
7112	ntype_0
7113	ntype_2
7114	ntype_1
7115	ntype_1
7116	ntype_1
7117	ntype_3
7118	ntype_0
7119	ntype_3
7120	ntype_3
7121	ntype_3
7122	ntype_1
7123	ntype_2
7124	ntype_3
7125	ntype_2
7126	ntype_1
7127	ntype_2
7128	ntype_1
7129	ntype_0
7130	ntype_3
7131	ntype_3
7132	ntype_0
7133	ntype_1
7134	ntype_2
7135	ntype_3
7136	ntype_2
7137	ntype_3
7138	ntype_0
7139	ntype_0
7140	ntype_3
7141	ntype_0
7142	ntype_1
7143	ntype_1
7144	ntype_1
7145	ntype_1
7146	ntype_3
7147	ntype_3
7148	ntype_0
7149	ntype_1
7150	ntype_2
7151	ntype_0
7152	ntype_3
7153	ntype_0
7154	ntype_3
7155	ntype_0
7156	ntype_0
7157	ntype_0
7158	ntype_3
7159	ntype_2
7160	ntype_3
7161	ntype_3
7162	ntype_3
7163	ntype_0
7164	ntype_1
7165	ntype_1
7166	ntype_0
7167	ntype_0
7168	ntype_1
7169	ntype_2
7170	ntype_3
7171	ntype_2
7172	ntype_1
7173	ntype_2
7174	ntype_2
7175	ntype_0
7176	ntype_1
7177	ntype_2
7178	ntype_0
7179	ntype_2
7180	ntype_0
7181	ntype_3
7182	ntype_1
7183	ntype_1
7184	ntype_0
7185	ntype_2
7186	ntype_1
7187	ntype_2
7188	ntype_1
7189	ntype_3
7190	ntype_0
7191	ntype_0
7192	ntype_1
7193	ntype_2
7194	ntype_2
7195	ntype_1
7196	ntype_3
7197	ntype_0
7198	ntype_1
7199	ntype_0
7200	ntype_2
7201	ntype_0
7202	ntype_0
7203	ntype_2
7204	ntype_3
7205	ntype_2
7206	ntype_3
7207	ntype_3
7208	ntype_2
7209	ntype_0
7210	ntype_1
7211	ntype_3
7212	ntype_3
7213	ntype_2
7214	ntype_0
7215	ntype_3
7216	ntype_2
7217	ntype_3
7218	ntype_3
7219	ntype_1
7220	ntype_1
7221	ntype_2
7222	ntype_0
7223	ntype_2
7224	ntype_3
7225	ntype_2
7226	ntype_3
7227	ntype_3
7228	ntype_3
7229	ntype_2
7230	ntype_3
7231	ntype_3
7232	ntype_1
7233	ntype_3
7234	ntype_1
7235	ntype_3
7236	ntype_0
7237	ntype_2
7238	ntype_2
7239	ntype_0
7240	ntype_0
7241	ntype_0
7242	ntype_1
7243	ntype_1
7244	ntype_1
7245	ntype_3
7246	ntype_1
7247	ntype_0
7248	ntype_2
7249	ntype_2
7250	ntype_1
7251	ntype_3
7252	ntype_0
7253	ntype_3
7254	ntype_1
7255	ntype_0
7256	ntype_0
7257	ntype_3
7258	ntype_2
7259	ntype_3
7260	ntype_2
7261	ntype_1
7262	ntype_1
7263	ntype_0
7264	ntype_1
7265	ntype_1
7266	ntype_3
7267	ntype_2
7268	ntype_0
7269	ntype_0
7270	ntype_3
7271	ntype_0
7272	ntype_2
7273	ntype_0
7274	ntype_1
7275	ntype_0
7276	ntype_1
7277	ntype_0
7278	ntype_0
7279	ntype_2
7280	ntype_0
7281	ntype_2
7282	ntype_3
7283	ntype_2
7284	ntype_1
7285	ntype_0
7286	ntype_0
7287	ntype_3
7288	ntype_1
7289	ntype_2
7290	ntype_0
7291	ntype_2
7292	ntype_2
7293	ntype_2
7294	ntype_1
7295	ntype_2
7296	ntype_1
7297	ntype_3
7298	ntype_0
7299	ntype_1
7300	ntype_0
7301	ntype_1
7302	ntype_0
7303	ntype_0
7304	ntype_2
7305	ntype_3
7306	ntype_3
7307	ntype_2
7308	ntype_0
7309	ntype_3
7310	ntype_0
7311	ntype_1
7312	ntype_3
7313	ntype_2
7314	ntype_2
7315	ntype_3
7316	ntype_2
7317	ntype_1
7318	ntype_0
7319	ntype_2
7320	ntype_0
7321	ntype_2
7322	ntype_3
7323	ntype_3
7324	ntype_1
7325	ntype_3
7326	ntype_2
7327	ntype_1
7328	ntype_1
7329	ntype_2
7330	ntype_1
7331	ntype_0
7332	ntype_0
7333	ntype_1
7334	ntype_3
7335	ntype_3
7336	ntype_3
7337	ntype_3
7338	ntype_1
7339	ntype_0
7340	ntype_0
7341	ntype_3
7342	ntype_1
7343	ntype_3
7344	ntype_1
7345	ntype_1
7346	ntype_0
7347	ntype_0
7348	ntype_1
7349	ntype_0
7350	ntype_1
7351	ntype_3
7352	ntype_3
7353	ntype_0
7354	ntype_2
7355	ntype_2
7356	ntype_1
7357	ntype_1
7358	ntype_0
7359	ntype_3
7360	ntype_1
7361	ntype_1
7362	ntype_3
7363	ntype_0
7364	ntype_3
7365	ntype_2
7366	ntype_3
7367	ntype_0
7368	ntype_1
7369	ntype_3
7370	ntype_3
7371	ntype_2
7372	ntype_1
7373	ntype_1
7374	ntype_1
7375	ntype_3
7376	ntype_2
7377	ntype_1
7378	ntype_1
7379	ntype_1
7380	ntype_0
7381	ntype_1
7382	ntype_0
7383	ntype_3
7384	ntype_1
7385	ntype_0
7386	ntype_3
7387	ntype_1
7388	ntype_2
7389	ntype_2
7390	ntype_2
7391	ntype_3
7392	ntype_1
7393	ntype_2
7394	ntype_1
7395	ntype_3
7396	ntype_2
7397	ntype_1
7398	ntype_0
7399	ntype_1
7400	ntype_0
7401	ntype_1
7402	ntype_3
7403	ntype_0
7404	ntype_3
7405	ntype_2
7406	ntype_1
7407	ntype_1
7408	ntype_2
7409	ntype_0
7410	ntype_0
7411	ntype_3
7412	ntype_0
7413	ntype_1
7414	ntype_0
7415	ntype_3
7416	ntype_1
7417	ntype_2
7418	ntype_3
7419	ntype_2
7420	ntype_2
7421	ntype_0
7422	ntype_1
7423	ntype_2
7424	ntype_0
7425	ntype_2
7426	ntype_3
7427	ntype_2
7428	ntype_0
7429	ntype_3
7430	ntype_1
7431	ntype_2
7432	ntype_2
7433	ntype_0
7434	ntype_1
7435	ntype_0
7436	ntype_2
7437	ntype_0
7438	ntype_0
7439	ntype_1
7440	ntype_0
7441	ntype_2
7442	ntype_0
7443	ntype_2
7444	ntype_2
7445	ntype_2
7446	ntype_1
7447	ntype_2
7448	ntype_0
7449	ntype_3
7450	ntype_0
7451	ntype_0
7452	ntype_0
7453	ntype_0
7454	ntype_3
7455	ntype_0
7456	ntype_2
7457	ntype_2
7458	ntype_3
7459	ntype_1
7460	ntype_3
7461	ntype_3
7462	ntype_0
7463	ntype_0
7464	ntype_0
7465	ntype_0
7466	ntype_2
7467	ntype_0
7468	ntype_1
7469	ntype_1
7470	ntype_2
7471	ntype_3
7472	ntype_2
7473	ntype_1
7474	ntype_0
7475	ntype_2
7476	ntype_3
7477	ntype_2
7478	ntype_1
7479	ntype_0
7480	ntype_0
7481	ntype_1
7482	ntype_0
7483	ntype_0
7484	ntype_2
7485	ntype_2
7486	ntype_0
7487	ntype_2
7488	ntype_1
7489	ntype_1
7490	ntype_1
7491	ntype_3
7492	ntype_3
7493	ntype_3
7494	ntype_3
7495	ntype_3
7496	ntype_2
7497	ntype_0
7498	ntype_3
7499	ntype_1
7500	ntype_3
7501	ntype_1
7502	ntype_0
7503	ntype_1
7504	ntype_2
7505	ntype_1
7506	ntype_1
7507	ntype_2
7508	ntype_3
7509	ntype_2
7510	ntype_2
7511	ntype_1
7512	ntype_2
7513	ntype_1
7514	ntype_0
7515	ntype_0
7516	ntype_3
7517	ntype_3
7518	ntype_3
7519	ntype_2
7520	ntype_2
7521	ntype_1
7522	ntype_2
7523	ntype_1
7524	ntype_1
7525	ntype_2
7526	ntype_0
7527	ntype_1
7528	ntype_2
7529	ntype_0
7530	ntype_0
7531	ntype_0
7532	ntype_1
7533	ntype_1
7534	ntype_3
7535	ntype_0
7536	ntype_2
7537	ntype_3
7538	ntype_3
7539	ntype_0
7540	ntype_0
7541	ntype_3
7542	ntype_3
7543	ntype_3
7544	ntype_1
7545	ntype_0
7546	ntype_1
7547	ntype_3
7548	ntype_2
7549	ntype_0
7550	ntype_3
7551	ntype_1
7552	ntype_0
7553	ntype_0
7554	ntype_3
7555	ntype_1
7556	ntype_0
7557	ntype_1
7558	ntype_1
7559	ntype_3
7560	ntype_0
7561	ntype_3
7562	ntype_3
7563	ntype_1
7564	ntype_0
7565	ntype_1
7566	ntype_1
7567	ntype_3
7568	ntype_3
7569	ntype_2
7570	ntype_1
7571	ntype_1
7572	ntype_0
7573	ntype_0
7574	ntype_3
7575	ntype_2
7576	ntype_3
7577	ntype_3
7578	ntype_3
7579	ntype_0
7580	ntype_0
7581	ntype_3
7582	ntype_0
7583	ntype_2
7584	ntype_1
7585	ntype_2
7586	ntype_1
7587	ntype_3
7588	ntype_0
7589	ntype_1
7590	ntype_3
7591	ntype_3
7592	ntype_0
7593	ntype_1
7594	ntype_1
7595	ntype_0
7596	ntype_3
7597	ntype_2
7598	ntype_3
7599	ntype_2
7600	ntype_0
7601	ntype_0
7602	ntype_3
7603	ntype_3
7604	ntype_1
7605	ntype_0
7606	ntype_0
7607	ntype_1
7608	ntype_1
7609	ntype_3
7610	ntype_1
7611	ntype_2
7612	ntype_2
7613	ntype_0
7614	ntype_3
7615	ntype_0
7616	ntype_3
7617	ntype_2
7618	ntype_2
7619	ntype_2
7620	ntype_3
7621	ntype_0
7622	ntype_3
7623	ntype_1
7624	ntype_0
7625	ntype_2
7626	ntype_2
7627	ntype_1
7628	ntype_2
7629	ntype_3
7630	ntype_2
7631	ntype_1
7632	ntype_2
7633	ntype_1
7634	ntype_3
7635	ntype_2
7636	ntype_3
7637	ntype_2
7638	ntype_0
7639	ntype_2
7640	ntype_2
7641	ntype_2
7642	ntype_1
7643	ntype_1
7644	ntype_2
7645	ntype_3
7646	ntype_1
7647	ntype_2
7648	ntype_2
7649	ntype_1
7650	ntype_1
7651	ntype_0
7652	ntype_1
7653	ntype_1
7654	ntype_1
7655	ntype_3
7656	ntype_3
7657	ntype_0
7658	ntype_3
7659	ntype_2
7660	ntype_1
7661	ntype_0
7662	ntype_3
7663	ntype_2
7664	ntype_1
7665	ntype_2
7666	ntype_0
7667	ntype_0
7668	ntype_3
7669	ntype_1
7670	ntype_0
7671	ntype_1
7672	ntype_1
7673	ntype_2
7674	ntype_1
7675	ntype_1
7676	ntype_0
7677	ntype_2
7678	ntype_3
7679	ntype_2
7680	ntype_2
7681	ntype_3
7682	ntype_2
7683	ntype_1
7684	ntype_0
7685	ntype_3
7686	ntype_2
7687	ntype_3
7688	ntype_0
7689	ntype_2
7690	ntype_3
7691	ntype_1
7692	ntype_0
7693	ntype_3
7694	ntype_2
7695	ntype_1
7696	ntype_0
7697	ntype_3
7698	ntype_2
7699	ntype_0
7700	ntype_2
7701	ntype_2
7702	ntype_2
7703	ntype_1
7704	ntype_0
7705	ntype_2
7706	ntype_2
7707	ntype_1
7708	ntype_1
7709	ntype_2
7710	ntype_3
7711	ntype_3
7712	ntype_2
7713	ntype_1
7714	ntype_0
7715	ntype_0
7716	ntype_1
7717	ntype_1
7718	ntype_0
7719	ntype_2
7720	ntype_3
7721	ntype_1
7722	ntype_3
7723	ntype_2
7724	ntype_1
7725	ntype_2
7726	ntype_1
7727	ntype_1
7728	ntype_1
7729	ntype_1
7730	ntype_0
7731	ntype_2
7732	ntype_0
7733	ntype_0
7734	ntype_1
7735	ntype_3
7736	ntype_0
7737	ntype_1
7738	ntype_1
7739	ntype_2
7740	ntype_3
7741	ntype_1
7742	ntype_1
7743	ntype_2
7744	ntype_3
7745	ntype_2
7746	ntype_1
7747	ntype_3
7748	ntype_0
7749	ntype_2
7750	ntype_0
7751	ntype_1
7752	ntype_3
7753	ntype_0
7754	ntype_2
7755	ntype_3
7756	ntype_1
7757	ntype_1
7758	ntype_2
7759	ntype_1
7760	ntype_3
7761	ntype_2
7762	ntype_1
7763	ntype_2
7764	ntype_3
7765	ntype_3
7766	ntype_3
7767	ntype_3
7768	ntype_2
7769	ntype_0
7770	ntype_3
7771	ntype_0
7772	ntype_2
7773	ntype_0
7774	ntype_2
7775	ntype_0
7776	ntype_1
7777	ntype_0
7778	ntype_0
7779	ntype_2
7780	ntype_0
7781	ntype_1
7782	ntype_0
7783	ntype_3
7784	ntype_1
7785	ntype_2
7786	ntype_2
7787	ntype_2
7788	ntype_3
7789	ntype_1
7790	ntype_3
7791	ntype_0
7792	ntype_2
7793	ntype_2
7794	ntype_2
7795	ntype_2
7796	ntype_1
7797	ntype_1
7798	ntype_3
7799	ntype_1
7800	ntype_1
7801	ntype_3
7802	ntype_2
7803	ntype_1
7804	ntype_0
7805	ntype_0
7806	ntype_1
7807	ntype_1
7808	ntype_1
7809	ntype_0
7810	ntype_1
7811	ntype_1
7812	ntype_0
7813	ntype_1
7814	ntype_2
7815	ntype_0
7816	ntype_1
7817	ntype_2
7818	ntype_1
7819	ntype_2
7820	ntype_0
7821	ntype_0
7822	ntype_0
7823	ntype_1
7824	ntype_2
7825	ntype_3
7826	ntype_0
7827	ntype_0
7828	ntype_2
7829	ntype_0
7830	ntype_0
7831	ntype_2
7832	ntype_3
7833	ntype_0
7834	ntype_2
7835	ntype_1
7836	ntype_3
7837	ntype_1
7838	ntype_0
7839	ntype_3
7840	ntype_0
7841	ntype_2
7842	ntype_1
7843	ntype_1
7844	ntype_1
7845	ntype_1
7846	ntype_3
7847	ntype_3
7848	ntype_2
7849	ntype_1
7850	ntype_1
7851	ntype_0
7852	ntype_0
7853	ntype_1
7854	ntype_2
7855	ntype_2
7856	ntype_0
7857	ntype_0
7858	ntype_3
7859	ntype_1
7860	ntype_2
7861	ntype_0
7862	ntype_3
7863	ntype_3
7864	ntype_1
7865	ntype_0
7866	ntype_1
7867	ntype_1
7868	ntype_0
7869	ntype_3
7870	ntype_0
7871	ntype_2
7872	ntype_1
7873	ntype_1
7874	ntype_2
7875	ntype_3
7876	ntype_0
7877	ntype_2
7878	ntype_2
7879	ntype_0
7880	ntype_0
7881	ntype_2
7882	ntype_1
7883	ntype_1
7884	ntype_2
7885	ntype_2
7886	ntype_1
7887	ntype_3
7888	ntype_3
7889	ntype_1
7890	ntype_0
7891	ntype_1
7892	ntype_2
7893	ntype_1
7894	ntype_1
7895	ntype_3
7896	ntype_0
7897	ntype_2
7898	ntype_1
7899	ntype_2
7900	ntype_0
7901	ntype_3
7902	ntype_2
7903	ntype_0
7904	ntype_0
7905	ntype_3
7906	ntype_3
7907	ntype_2
7908	ntype_1
7909	ntype_0
7910	ntype_3
7911	ntype_3
7912	ntype_2
7913	ntype_3
7914	ntype_2
7915	ntype_3
7916	ntype_3
7917	ntype_2
7918	ntype_2
7919	ntype_1
7920	ntype_1
7921	ntype_2
7922	ntype_1
7923	ntype_3
7924	ntype_1
7925	ntype_0
7926	ntype_3
7927	ntype_0
7928	ntype_3
7929	ntype_0
7930	ntype_0
7931	ntype_1
7932	ntype_3
7933	ntype_1
7934	ntype_0
7935	ntype_0
7936	ntype_1
7937	ntype_1
7938	ntype_1
7939	ntype_3
7940	ntype_2
7941	ntype_1
7942	ntype_3
7943	ntype_2
7944	ntype_1
7945	ntype_2
7946	ntype_2
7947	ntype_1
7948	ntype_3
7949	ntype_1
7950	ntype_2
7951	ntype_0
7952	ntype_2
7953	ntype_2
7954	ntype_3
7955	ntype_2
7956	ntype_0
7957	ntype_3
7958	ntype_3
7959	ntype_0
7960	ntype_2
7961	ntype_1
7962	ntype_3
7963	ntype_2
7964	ntype_0
7965	ntype_0
7966	ntype_1
7967	ntype_0
7968	ntype_0
7969	ntype_3
7970	ntype_0
7971	ntype_0
7972	ntype_3
7973	ntype_1
7974	ntype_0
7975	ntype_2
7976	ntype_1
7977	ntype_2
7978	ntype_3
7979	ntype_2
7980	ntype_1
7981	ntype_0
7982	ntype_3
7983	ntype_1
7984	ntype_3
7985	ntype_3
7986	ntype_1
7987	ntype_0
7988	ntype_0
7989	ntype_0
7990	ntype_0
7991	ntype_1
7992	ntype_1
7993	ntype_0
7994	ntype_2
7995	ntype_2
7996	ntype_0
7997	ntype_1
7998	ntype_2
7999	ntype_2
8000	ntype_0
8001	ntype_3
8002	ntype_2
8003	ntype_0
8004	ntype_3
8005	ntype_1
8006	ntype_0
8007	ntype_0
8008	ntype_1
8009	ntype_3
8010	ntype_1
8011	ntype_0
8012	ntype_0
8013	ntype_1
8014	ntype_1
8015	ntype_3
8016	ntype_3
8017	ntype_0
8018	ntype_0
8019	ntype_0
8020	ntype_1
8021	ntype_3
8022	ntype_3
8023	ntype_2
8024	ntype_2
8025	ntype_3
8026	ntype_3
8027	ntype_2
8028	ntype_3
8029	ntype_0
8030	ntype_3
8031	ntype_1
8032	ntype_2
8033	ntype_2
8034	ntype_1
8035	ntype_3
8036	ntype_3
8037	ntype_3
8038	ntype_3
8039	ntype_0
8040	ntype_3
8041	ntype_2
8042	ntype_2
8043	ntype_2
8044	ntype_1
8045	ntype_0
8046	ntype_1
8047	ntype_2
8048	ntype_0
8049	ntype_3
8050	ntype_0
8051	ntype_3
8052	ntype_1
8053	ntype_2
8054	ntype_1
8055	ntype_1
8056	ntype_1
8057	ntype_2
8058	ntype_3
8059	ntype_3
8060	ntype_2
8061	ntype_0
8062	ntype_2
8063	ntype_3
8064	ntype_1
8065	ntype_1
8066	ntype_1
8067	ntype_1
8068	ntype_1
8069	ntype_3
8070	ntype_1
8071	ntype_2
8072	ntype_2
8073	ntype_1
8074	ntype_0
8075	ntype_0
8076	ntype_2
8077	ntype_2
8078	ntype_2
8079	ntype_3
8080	ntype_0
8081	ntype_0
8082	ntype_1
8083	ntype_2
8084	ntype_3
8085	ntype_3
8086	ntype_2
8087	ntype_0
8088	ntype_1
8089	ntype_1
8090	ntype_1
8091	ntype_1
8092	ntype_1
8093	ntype_2
8094	ntype_3
8095	ntype_3
8096	ntype_0
8097	ntype_2
8098	ntype_1
8099	ntype_1
8100	ntype_3
8101	ntype_2
8102	ntype_3
8103	ntype_0
8104	ntype_0
8105	ntype_1
8106	ntype_1
8107	ntype_0
8108	ntype_3
8109	ntype_3
8110	ntype_0
8111	ntype_0
8112	ntype_1
8113	ntype_2
8114	ntype_0
8115	ntype_1
8116	ntype_0
8117	ntype_3
8118	ntype_0
8119	ntype_3
8120	ntype_2
8121	ntype_3
8122	ntype_2
8123	ntype_2
8124	ntype_1
8125	ntype_0
8126	ntype_0
8127	ntype_1
8128	ntype_3
8129	ntype_0
8130	ntype_2
8131	ntype_0
8132	ntype_2
8133	ntype_2
8134	ntype_2
8135	ntype_2
8136	ntype_0
8137	ntype_3
8138	ntype_0
8139	ntype_3
8140	ntype_1
8141	ntype_1
8142	ntype_2
8143	ntype_1
8144	ntype_2
8145	ntype_0
8146	ntype_3
8147	ntype_0
8148	ntype_0
8149	ntype_3
8150	ntype_0
8151	ntype_0
8152	ntype_3
8153	ntype_2
8154	ntype_0
8155	ntype_1
8156	ntype_3
8157	ntype_1
8158	ntype_1
8159	ntype_1
8160	ntype_0
8161	ntype_2
8162	ntype_2
8163	ntype_0
8164	ntype_3
8165	ntype_0
8166	ntype_0
8167	ntype_1
8168	ntype_3
8169	ntype_2
8170	ntype_3
8171	ntype_2
8172	ntype_0
8173	ntype_0
8174	ntype_1
8175	ntype_2
8176	ntype_1
8177	ntype_3
8178	ntype_1
8179	ntype_1
8180	ntype_3
8181	ntype_1
8182	ntype_3
8183	ntype_1
8184	ntype_1
8185	ntype_1
8186	ntype_0
8187	ntype_3
8188	ntype_3
8189	ntype_1
8190	ntype_3
8191	ntype_3
8192	ntype_1
8193	ntype_3
8194	ntype_3
8195	ntype_2
8196	ntype_0
8197	ntype_2
8198	ntype_3
8199	ntype_2
8200	ntype_2
8201	ntype_2
8202	ntype_2
8203	ntype_1
8204	ntype_0
8205	ntype_2
8206	ntype_1
8207	ntype_3
8208	ntype_1
8209	ntype_3
8210	ntype_3
8211	ntype_2
8212	ntype_0
8213	ntype_2
8214	ntype_3
8215	ntype_1
8216	ntype_3
8217	ntype_1
8218	ntype_2
8219	ntype_2
8220	ntype_2
8221	ntype_3
8222	ntype_0
8223	ntype_2
8224	ntype_2
8225	ntype_1
8226	ntype_1
8227	ntype_3
8228	ntype_1
8229	ntype_3
8230	ntype_1
8231	ntype_0
8232	ntype_3
8233	ntype_2
8234	ntype_3
8235	ntype_3
8236	ntype_2
8237	ntype_2
8238	ntype_3
8239	ntype_3
8240	ntype_0
8241	ntype_0
8242	ntype_1
8243	ntype_1
8244	ntype_0
8245	ntype_1
8246	ntype_3
8247	ntype_2
8248	ntype_1
8249	ntype_1
8250	ntype_0
8251	ntype_1
8252	ntype_3
8253	ntype_0
8254	ntype_0
8255	ntype_3
8256	ntype_3
8257	ntype_1
8258	ntype_2
8259	ntype_0
8260	ntype_2
8261	ntype_3
8262	ntype_0
8263	ntype_0
8264	ntype_2
8265	ntype_0
8266	ntype_3
8267	ntype_1
8268	ntype_3
8269	ntype_1
8270	ntype_1
8271	ntype_0
8272	ntype_1
8273	ntype_1
8274	ntype_1
8275	ntype_0
8276	ntype_1
8277	ntype_2
8278	ntype_1
8279	ntype_1
8280	ntype_1
8281	ntype_3
8282	ntype_3
8283	ntype_3
8284	ntype_0
8285	ntype_1
8286	ntype_2
8287	ntype_1
8288	ntype_2
8289	ntype_0
8290	ntype_3
8291	ntype_3
8292	ntype_2
8293	ntype_1
8294	ntype_2
8295	ntype_3
8296	ntype_2
8297	ntype_0
8298	ntype_3
8299	ntype_3
8300	ntype_3
8301	ntype_0
8302	ntype_1
8303	ntype_1
8304	ntype_1
8305	ntype_0
8306	ntype_3
8307	ntype_1
8308	ntype_0
8309	ntype_3
8310	ntype_3
8311	ntype_0
8312	ntype_2
8313	ntype_0
8314	ntype_2
8315	ntype_2
8316	ntype_3
8317	ntype_0
8318	ntype_2
8319	ntype_0
8320	ntype_3
8321	ntype_3
8322	ntype_3
8323	ntype_1
8324	ntype_1
8325	ntype_1
8326	ntype_1
8327	ntype_2
8328	ntype_3
8329	ntype_2
8330	ntype_2
8331	ntype_1
8332	ntype_1
8333	ntype_3
8334	ntype_0
8335	ntype_1
8336	ntype_1
8337	ntype_0
8338	ntype_1
8339	ntype_2
8340	ntype_2
8341	ntype_3
8342	ntype_2
8343	ntype_3
8344	ntype_0
8345	ntype_1
8346	ntype_1
8347	ntype_2
8348	ntype_0
8349	ntype_2
8350	ntype_2
8351	ntype_3
8352	ntype_3
8353	ntype_0
8354	ntype_0
8355	ntype_2
8356	ntype_2
8357	ntype_2
8358	ntype_1
8359	ntype_0
8360	ntype_3
8361	ntype_0
8362	ntype_1
8363	ntype_2
8364	ntype_3
8365	ntype_1
8366	ntype_1
8367	ntype_2
8368	ntype_1
8369	ntype_1
8370	ntype_1
8371	ntype_2
8372	ntype_3
8373	ntype_2
8374	ntype_3
8375	ntype_2
8376	ntype_0
8377	ntype_2
8378	ntype_0
8379	ntype_0
8380	ntype_1
8381	ntype_3
8382	ntype_3
8383	ntype_1
8384	ntype_3
8385	ntype_1
8386	ntype_0
8387	ntype_0
8388	ntype_3
8389	ntype_2
8390	ntype_0
8391	ntype_1
8392	ntype_1
8393	ntype_1
8394	ntype_2
8395	ntype_2
8396	ntype_3
8397	ntype_3
8398	ntype_3
8399	ntype_3
8400	ntype_0
8401	ntype_2
8402	ntype_3
8403	ntype_0
8404	ntype_3
8405	ntype_2
8406	ntype_1
8407	ntype_0
8408	ntype_2
8409	ntype_2
8410	ntype_3
8411	ntype_0
8412	ntype_1
8413	ntype_2
8414	ntype_3
8415	ntype_2
8416	ntype_2
8417	ntype_2
8418	ntype_2
8419	ntype_3
8420	ntype_2
8421	ntype_0
8422	ntype_1
8423	ntype_3
8424	ntype_2
8425	ntype_1
8426	ntype_2
8427	ntype_1
8428	ntype_2
8429	ntype_3
8430	ntype_2
8431	ntype_0
8432	ntype_2
8433	ntype_0
8434	ntype_1
8435	ntype_2
8436	ntype_3
8437	ntype_3
8438	ntype_0
8439	ntype_1
8440	ntype_2
8441	ntype_0
8442	ntype_2
8443	ntype_3
8444	ntype_3
8445	ntype_0
8446	ntype_3
8447	ntype_0
8448	ntype_1
8449	ntype_2
8450	ntype_0
8451	ntype_1
8452	ntype_2
8453	ntype_0
8454	ntype_0
8455	ntype_1
8456	ntype_1
8457	ntype_0
8458	ntype_0
8459	ntype_0
8460	ntype_0
8461	ntype_2
8462	ntype_3
8463	ntype_1
8464	ntype_2
8465	ntype_0
8466	ntype_3
8467	ntype_1
8468	ntype_3
8469	ntype_0
8470	ntype_3
8471	ntype_3
8472	ntype_2
8473	ntype_2
8474	ntype_2
8475	ntype_0
8476	ntype_0
8477	ntype_0
8478	ntype_1
8479	ntype_1
8480	ntype_0
8481	ntype_2
8482	ntype_2
8483	ntype_1
8484	ntype_3
8485	ntype_3
8486	ntype_1
8487	ntype_1
8488	ntype_2
8489	ntype_0
8490	ntype_3
8491	ntype_3
8492	ntype_2
8493	ntype_2
8494	ntype_0
8495	ntype_2
8496	ntype_3
8497	ntype_1
8498	ntype_3
8499	ntype_0
8500	ntype_2
8501	ntype_3
8502	ntype_3
8503	ntype_1
8504	ntype_1
8505	ntype_2
8506	ntype_2
8507	ntype_1
8508	ntype_2
8509	ntype_3
8510	ntype_0
8511	ntype_2
8512	ntype_0
8513	ntype_0
8514	ntype_0
8515	ntype_0
8516	ntype_1
8517	ntype_2
8518	ntype_0
8519	ntype_1
8520	ntype_2
8521	ntype_0
8522	ntype_3
8523	ntype_1
8524	ntype_1
8525	ntype_0
8526	ntype_0
8527	ntype_0
8528	ntype_2
8529	ntype_2
8530	ntype_2
8531	ntype_0
8532	ntype_3
8533	ntype_3
8534	ntype_2
8535	ntype_0
8536	ntype_1
8537	ntype_3
8538	ntype_3
8539	ntype_2
8540	ntype_1
8541	ntype_3
8542	ntype_1
8543	ntype_1
8544	ntype_3
8545	ntype_2
8546	ntype_3
8547	ntype_3
8548	ntype_1
8549	ntype_3
8550	ntype_0
8551	ntype_2
8552	ntype_2
8553	ntype_3
8554	ntype_3
8555	ntype_3
8556	ntype_2
8557	ntype_3
8558	ntype_0
8559	ntype_1
8560	ntype_2
8561	ntype_1
8562	ntype_3
8563	ntype_0
8564	ntype_1
8565	ntype_1
8566	ntype_3
8567	ntype_3
8568	ntype_1
8569	ntype_1
8570	ntype_1
8571	ntype_3
8572	ntype_1
8573	ntype_1
8574	ntype_2
8575	ntype_1
8576	ntype_3
8577	ntype_1
8578	ntype_3
8579	ntype_3
8580	ntype_0
8581	ntype_2
8582	ntype_1
8583	ntype_2
8584	ntype_0
8585	ntype_1
8586	ntype_1
8587	ntype_3
8588	ntype_0
8589	ntype_3
8590	ntype_1
8591	ntype_0
8592	ntype_3
8593	ntype_2
8594	ntype_0
8595	ntype_0
8596	ntype_3
8597	ntype_0
8598	ntype_1
8599	ntype_3
8600	ntype_1
8601	ntype_3
8602	ntype_1
8603	ntype_3
8604	ntype_2
8605	ntype_1
8606	ntype_0
8607	ntype_1
8608	ntype_1
8609	ntype_0
8610	ntype_3
8611	ntype_3
8612	ntype_0
8613	ntype_0
8614	ntype_3
8615	ntype_1
8616	ntype_1
8617	ntype_2
8618	ntype_0
8619	ntype_3
8620	ntype_3
8621	ntype_3
8622	ntype_0
8623	ntype_0
8624	ntype_2
8625	ntype_0
8626	ntype_1
8627	ntype_3
8628	ntype_1
8629	ntype_0
8630	ntype_1
8631	ntype_0
8632	ntype_2
8633	ntype_0
8634	ntype_3
8635	ntype_3
8636	ntype_2
8637	ntype_0
8638	ntype_3
8639	ntype_3
8640	ntype_1
8641	ntype_0
8642	ntype_0
8643	ntype_2
8644	ntype_3
8645	ntype_3
8646	ntype_0
8647	ntype_3
8648	ntype_0
8649	ntype_0
8650	ntype_0
8651	ntype_2
8652	ntype_1
8653	ntype_0
8654	ntype_0
8655	ntype_3
8656	ntype_0
8657	ntype_0
8658	ntype_3
8659	ntype_0
8660	ntype_2
8661	ntype_1
8662	ntype_3
8663	ntype_2
8664	ntype_2
8665	ntype_2
8666	ntype_1
8667	ntype_3
8668	ntype_2
8669	ntype_2
8670	ntype_0
8671	ntype_3
8672	ntype_0
8673	ntype_3
8674	ntype_2
8675	ntype_3
8676	ntype_1
8677	ntype_3
8678	ntype_2
8679	ntype_2
8680	ntype_3
8681	ntype_1
8682	ntype_1
8683	ntype_3
8684	ntype_2
8685	ntype_2
8686	ntype_1
8687	ntype_3
8688	ntype_2
8689	ntype_2
8690	ntype_1
8691	ntype_0
8692	ntype_2
8693	ntype_0
8694	ntype_3
8695	ntype_0
8696	ntype_3
8697	ntype_1
8698	ntype_0
8699	ntype_1
8700	ntype_3
8701	ntype_1
8702	ntype_2
8703	ntype_1
8704	ntype_3
8705	ntype_2
8706	ntype_1
8707	ntype_1
8708	ntype_2
8709	ntype_3
8710	ntype_0
8711	ntype_2
8712	ntype_1
8713	ntype_0
8714	ntype_3
8715	ntype_3
8716	ntype_2
8717	ntype_0
8718	ntype_2
8719	ntype_1
8720	ntype_3
8721	ntype_2
8722	ntype_1
8723	ntype_3
8724	ntype_2
8725	ntype_1
8726	ntype_0
8727	ntype_0
8728	ntype_0
8729	ntype_0
8730	ntype_0
8731	ntype_0
8732	ntype_3
8733	ntype_1
8734	ntype_1
8735	ntype_3
8736	ntype_1
8737	ntype_3
8738	ntype_2
8739	ntype_3
8740	ntype_0
8741	ntype_1
8742	ntype_0
8743	ntype_2
8744	ntype_2
8745	ntype_2
8746	ntype_1
8747	ntype_2
8748	ntype_3
8749	ntype_2
8750	ntype_1
8751	ntype_1
8752	ntype_1
8753	ntype_0
8754	ntype_3
8755	ntype_0
8756	ntype_3
8757	ntype_0
8758	ntype_1
8759	ntype_1
8760	ntype_0
8761	ntype_2
8762	ntype_1
8763	ntype_2
8764	ntype_3
8765	ntype_2
8766	ntype_3
8767	ntype_0
8768	ntype_3
8769	ntype_3
8770	ntype_1
8771	ntype_1
8772	ntype_1
8773	ntype_3
8774	ntype_0
8775	ntype_2
8776	ntype_0
8777	ntype_1
8778	ntype_1
8779	ntype_2
8780	ntype_3
8781	ntype_1
8782	ntype_1
8783	ntype_1
8784	ntype_1
8785	ntype_2
8786	ntype_0
8787	ntype_1
8788	ntype_2
8789	ntype_3
8790	ntype_3
8791	ntype_1
8792	ntype_3
8793	ntype_0
8794	ntype_2
8795	ntype_0
8796	ntype_1
8797	ntype_1
8798	ntype_1
8799	ntype_1
8800	ntype_1
8801	ntype_3
8802	ntype_2
8803	ntype_0
8804	ntype_3
8805	ntype_2
8806	ntype_2
8807	ntype_2
8808	ntype_1
8809	ntype_2
8810	ntype_3
8811	ntype_2
8812	ntype_2
8813	ntype_0
8814	ntype_2
8815	ntype_1
8816	ntype_0
8817	ntype_0
8818	ntype_3
8819	ntype_0
8820	ntype_2
8821	ntype_3
8822	ntype_0
8823	ntype_1
8824	ntype_2
8825	ntype_1
8826	ntype_1
8827	ntype_3
8828	ntype_0
8829	ntype_1
8830	ntype_3
8831	ntype_1
8832	ntype_2
8833	ntype_2
8834	ntype_2
8835	ntype_1
8836	ntype_0
8837	ntype_3
8838	ntype_1
8839	ntype_0
8840	ntype_0
8841	ntype_3
8842	ntype_1
8843	ntype_3
8844	ntype_2
8845	ntype_2
8846	ntype_3
8847	ntype_3
8848	ntype_2
8849	ntype_0
8850	ntype_3
8851	ntype_0
8852	ntype_3
8853	ntype_3
8854	ntype_3
8855	ntype_0
8856	ntype_1
8857	ntype_2
8858	ntype_0
8859	ntype_3
8860	ntype_0
8861	ntype_2
8862	ntype_1
8863	ntype_1
8864	ntype_0
8865	ntype_2
8866	ntype_0
8867	ntype_0
8868	ntype_1
8869	ntype_1
8870	ntype_1
8871	ntype_3
8872	ntype_2
8873	ntype_0
8874	ntype_0
8875	ntype_2
8876	ntype_0
8877	ntype_1
8878	ntype_2
8879	ntype_2
8880	ntype_0
8881	ntype_3
8882	ntype_1
8883	ntype_3
8884	ntype_2
8885	ntype_1
8886	ntype_1
8887	ntype_1
8888	ntype_1
8889	ntype_1
8890	ntype_3
8891	ntype_0
8892	ntype_0
8893	ntype_2
8894	ntype_0
8895	ntype_3
8896	ntype_1
8897	ntype_0
8898	ntype_3
8899	ntype_3
8900	ntype_2
8901	ntype_2
8902	ntype_3
8903	ntype_2
8904	ntype_0
8905	ntype_2
8906	ntype_2
8907	ntype_2
8908	ntype_0
8909	ntype_3
8910	ntype_1
8911	ntype_0
8912	ntype_2
8913	ntype_1
8914	ntype_3
8915	ntype_3
8916	ntype_0
8917	ntype_0
8918	ntype_1
8919	ntype_0
8920	ntype_3
8921	ntype_0
8922	ntype_2
8923	ntype_0
8924	ntype_3
8925	ntype_3
8926	ntype_1
8927	ntype_1
8928	ntype_2
8929	ntype_3
8930	ntype_3
8931	ntype_0
8932	ntype_2
8933	ntype_3
8934	ntype_1
8935	ntype_1
8936	ntype_0
8937	ntype_2
8938	ntype_1
8939	ntype_2
8940	ntype_2
8941	ntype_0
8942	ntype_1
8943	ntype_1
8944	ntype_0
8945	ntype_0
8946	ntype_0
8947	ntype_1
8948	ntype_3
8949	ntype_0
8950	ntype_0
8951	ntype_1
8952	ntype_2
8953	ntype_3
8954	ntype_2
8955	ntype_0
8956	ntype_1
8957	ntype_2
8958	ntype_0
8959	ntype_0
8960	ntype_0
8961	ntype_2
8962	ntype_3
8963	ntype_2
8964	ntype_3
8965	ntype_2
8966	ntype_1
8967	ntype_2
8968	ntype_2
8969	ntype_1
8970	ntype_0
8971	ntype_2
8972	ntype_0
8973	ntype_0
8974	ntype_1
8975	ntype_1
8976	ntype_1
8977	ntype_1
8978	ntype_2
8979	ntype_1
8980	ntype_2
8981	ntype_3
8982	ntype_1
8983	ntype_3
8984	ntype_2
8985	ntype_0
8986	ntype_0
8987	ntype_0
8988	ntype_0
8989	ntype_2
8990	ntype_3
8991	ntype_0
8992	ntype_2
8993	ntype_0
8994	ntype_0
8995	ntype_3
8996	ntype_2
8997	ntype_1
8998	ntype_2
8999	ntype_2
9000	ntype_1
9001	ntype_1
9002	ntype_3
9003	ntype_3
9004	ntype_1
9005	ntype_1
9006	ntype_2
9007	ntype_1
9008	ntype_3
9009	ntype_2
9010	ntype_3
9011	ntype_2
9012	ntype_0
9013	ntype_0
9014	ntype_2
9015	ntype_0
9016	ntype_2
9017	ntype_2
9018	ntype_1
9019	ntype_3
9020	ntype_3
9021	ntype_1
9022	ntype_1
9023	ntype_3
9024	ntype_2
9025	ntype_1
9026	ntype_0
9027	ntype_0
9028	ntype_2
9029	ntype_2
9030	ntype_3
9031	ntype_3
9032	ntype_3
9033	ntype_3
9034	ntype_1
9035	ntype_1
9036	ntype_2
9037	ntype_1
9038	ntype_3
9039	ntype_0
9040	ntype_1
9041	ntype_1
9042	ntype_0
9043	ntype_3
9044	ntype_0
9045	ntype_2
9046	ntype_2
9047	ntype_3
9048	ntype_0
9049	ntype_0
9050	ntype_2
9051	ntype_1
9052	ntype_1
9053	ntype_3
9054	ntype_0
9055	ntype_0
9056	ntype_0
9057	ntype_3
9058	ntype_1
9059	ntype_2
9060	ntype_0
9061	ntype_3
9062	ntype_3
9063	ntype_1
9064	ntype_0
9065	ntype_2
9066	ntype_0
9067	ntype_2
9068	ntype_0
9069	ntype_1
9070	ntype_0
9071	ntype_0
9072	ntype_1
9073	ntype_2
9074	ntype_1
9075	ntype_3
9076	ntype_2
9077	ntype_1
9078	ntype_1
9079	ntype_1
9080	ntype_2
9081	ntype_3
9082	ntype_2
9083	ntype_3
9084	ntype_1
9085	ntype_3
9086	ntype_2
9087	ntype_3
9088	ntype_0
9089	ntype_1
9090	ntype_1
9091	ntype_1
9092	ntype_1
9093	ntype_2
9094	ntype_3
9095	ntype_2
9096	ntype_0
9097	ntype_1
9098	ntype_1
9099	ntype_2
9100	ntype_0
9101	ntype_0
9102	ntype_0
9103	ntype_3
9104	ntype_0
9105	ntype_3
9106	ntype_3
9107	ntype_2
9108	ntype_2
9109	ntype_1
9110	ntype_3
9111	ntype_1
9112	ntype_1
9113	ntype_1
9114	ntype_1
9115	ntype_0
9116	ntype_0
9117	ntype_3
9118	ntype_1
9119	ntype_2
9120	ntype_2
9121	ntype_1
9122	ntype_2
9123	ntype_3
9124	ntype_1
9125	ntype_1
9126	ntype_2
9127	ntype_0
9128	ntype_3
9129	ntype_2
9130	ntype_3
9131	ntype_1
9132	ntype_0
9133	ntype_1
9134	ntype_1
9135	ntype_2
9136	ntype_3
9137	ntype_0
9138	ntype_1
9139	ntype_0
9140	ntype_1
9141	ntype_2
9142	ntype_3
9143	ntype_3
9144	ntype_2
9145	ntype_1
9146	ntype_1
9147	ntype_3
9148	ntype_1
9149	ntype_1
9150	ntype_1
9151	ntype_2
9152	ntype_3
9153	ntype_0
9154	ntype_0
9155	ntype_0
9156	ntype_0
9157	ntype_1
9158	ntype_3
9159	ntype_1
9160	ntype_1
9161	ntype_0
9162	ntype_0
9163	ntype_3
9164	ntype_1
9165	ntype_2
9166	ntype_2
9167	ntype_0
9168	ntype_0
9169	ntype_1
9170	ntype_2
9171	ntype_1
9172	ntype_2
9173	ntype_2
9174	ntype_1
9175	ntype_0
9176	ntype_2
9177	ntype_3
9178	ntype_3
9179	ntype_2
9180	ntype_0
9181	ntype_3
9182	ntype_0
9183	ntype_2
9184	ntype_3
9185	ntype_2
9186	ntype_0
9187	ntype_1
9188	ntype_2
9189	ntype_0
9190	ntype_2
9191	ntype_2
9192	ntype_1
9193	ntype_0
9194	ntype_1
9195	ntype_3
9196	ntype_3
9197	ntype_1
9198	ntype_0
9199	ntype_2
9200	ntype_0
9201	ntype_2
9202	ntype_2
9203	ntype_0
9204	ntype_3
9205	ntype_2
9206	ntype_1
9207	ntype_1
9208	ntype_1
9209	ntype_0
9210	ntype_2
9211	ntype_0
9212	ntype_3
9213	ntype_0
9214	ntype_0
9215	ntype_2
9216	ntype_1
9217	ntype_1
9218	ntype_1
9219	ntype_1
9220	ntype_2
9221	ntype_2
9222	ntype_2
9223	ntype_1
9224	ntype_1
9225	ntype_2
9226	ntype_0
9227	ntype_3
9228	ntype_2
9229	ntype_2
9230	ntype_0
9231	ntype_0
9232	ntype_3
9233	ntype_0
9234	ntype_3
9235	ntype_2
9236	ntype_1
9237	ntype_2
9238	ntype_2
9239	ntype_2
9240	ntype_2
9241	ntype_3
9242	ntype_3
9243	ntype_1
9244	ntype_0
9245	ntype_0
9246	ntype_3
9247	ntype_2
9248	ntype_0
9249	ntype_0
9250	ntype_2
9251	ntype_0
9252	ntype_0
9253	ntype_1
9254	ntype_0
9255	ntype_2
9256	ntype_0
9257	ntype_2
9258	ntype_3
9259	ntype_1
9260	ntype_1
9261	ntype_1
9262	ntype_3
9263	ntype_0
9264	ntype_2
9265	ntype_2
9266	ntype_3
9267	ntype_3
9268	ntype_0
9269	ntype_0
9270	ntype_0
9271	ntype_1
9272	ntype_1
9273	ntype_2
9274	ntype_3
9275	ntype_0
9276	ntype_1
9277	ntype_3
9278	ntype_0
9279	ntype_0
9280	ntype_2
9281	ntype_2
9282	ntype_0
9283	ntype_3
9284	ntype_2
9285	ntype_2
9286	ntype_3
9287	ntype_0
9288	ntype_1
9289	ntype_2
9290	ntype_3
9291	ntype_2
9292	ntype_2
9293	ntype_0
9294	ntype_2
9295	ntype_2
9296	ntype_1
9297	ntype_2
9298	ntype_0
9299	ntype_2
9300	ntype_2
9301	ntype_1
9302	ntype_3
9303	ntype_1
9304	ntype_0
9305	ntype_1
9306	ntype_3
9307	ntype_1
9308	ntype_3
9309	ntype_0
9310	ntype_3
9311	ntype_0
9312	ntype_3
9313	ntype_2
9314	ntype_0
9315	ntype_1
9316	ntype_3
9317	ntype_2
9318	ntype_1
9319	ntype_0
9320	ntype_0
9321	ntype_3
9322	ntype_2
9323	ntype_3
9324	ntype_3
9325	ntype_2
9326	ntype_1
9327	ntype_2
9328	ntype_1
9329	ntype_3
9330	ntype_3
9331	ntype_0
9332	ntype_2
9333	ntype_3
9334	ntype_3
9335	ntype_0
9336	ntype_3
9337	ntype_3
9338	ntype_2
9339	ntype_2
9340	ntype_1
9341	ntype_1
9342	ntype_2
9343	ntype_3
9344	ntype_0
9345	ntype_0
9346	ntype_2
9347	ntype_0
9348	ntype_0
9349	ntype_1
9350	ntype_2
9351	ntype_1
9352	ntype_3
9353	ntype_2
9354	ntype_2
9355	ntype_1
9356	ntype_1
9357	ntype_1
9358	ntype_0
9359	ntype_0
9360	ntype_1
9361	ntype_0
9362	ntype_1
9363	ntype_3
9364	ntype_2
9365	ntype_0
9366	ntype_2
9367	ntype_1
9368	ntype_2
9369	ntype_3
9370	ntype_2
9371	ntype_1
9372	ntype_2
9373	ntype_1
9374	ntype_2
9375	ntype_0
9376	ntype_1
9377	ntype_3
9378	ntype_1
9379	ntype_2
9380	ntype_1
9381	ntype_0
9382	ntype_1
9383	ntype_0
9384	ntype_3
9385	ntype_2
9386	ntype_1
9387	ntype_3
9388	ntype_1
9389	ntype_3
9390	ntype_2
9391	ntype_3
9392	ntype_3
9393	ntype_1
9394	ntype_0
9395	ntype_3
9396	ntype_0
9397	ntype_0
9398	ntype_1
9399	ntype_3
9400	ntype_1
9401	ntype_1
9402	ntype_0
9403	ntype_3
9404	ntype_0
9405	ntype_3
9406	ntype_0
9407	ntype_0
9408	ntype_3
9409	ntype_1
9410	ntype_0
9411	ntype_3
9412	ntype_3
9413	ntype_3
9414	ntype_1
9415	ntype_0
9416	ntype_1
9417	ntype_0
9418	ntype_0
9419	ntype_0
9420	ntype_3
9421	ntype_2
9422	ntype_1
9423	ntype_3
9424	ntype_1
9425	ntype_2
9426	ntype_2
9427	ntype_1
9428	ntype_0
9429	ntype_2
9430	ntype_1
9431	ntype_1
9432	ntype_2
9433	ntype_3
9434	ntype_0
9435	ntype_1
9436	ntype_0
9437	ntype_0
9438	ntype_0
9439	ntype_3
9440	ntype_3
9441	ntype_0
9442	ntype_3
9443	ntype_1
9444	ntype_1
9445	ntype_3
9446	ntype_0
9447	ntype_3
9448	ntype_2
9449	ntype_0
9450	ntype_3
9451	ntype_1
9452	ntype_2
9453	ntype_3
9454	ntype_0
9455	ntype_3
9456	ntype_0
9457	ntype_0
9458	ntype_0
9459	ntype_1
9460	ntype_0
9461	ntype_1
9462	ntype_1
9463	ntype_1
9464	ntype_2
9465	ntype_3
9466	ntype_1
9467	ntype_1
9468	ntype_3
9469	ntype_1
9470	ntype_0
9471	ntype_2
9472	ntype_0
9473	ntype_2
9474	ntype_2
9475	ntype_0
9476	ntype_2
9477	ntype_2
9478	ntype_1
9479	ntype_2
9480	ntype_0
9481	ntype_1
9482	ntype_0
9483	ntype_2
9484	ntype_2
9485	ntype_1
9486	ntype_3
9487	ntype_3
9488	ntype_3
9489	ntype_3
9490	ntype_1
9491	ntype_2
9492	ntype_0
9493	ntype_3
9494	ntype_0
9495	ntype_3
9496	ntype_1
9497	ntype_3
9498	ntype_3
9499	ntype_0
9500	ntype_1
9501	ntype_3
9502	ntype_2
9503	ntype_1
9504	ntype_3
9505	ntype_0
9506	ntype_0
9507	ntype_2
9508	ntype_0
9509	ntype_2
9510	ntype_1
9511	ntype_1
9512	ntype_3
9513	ntype_2
9514	ntype_1
9515	ntype_2
9516	ntype_1
9517	ntype_0
9518	ntype_1
9519	ntype_1
9520	ntype_0
9521	ntype_1
9522	ntype_3
9523	ntype_0
9524	ntype_3
9525	ntype_3
9526	ntype_2
9527	ntype_3
9528	ntype_1
9529	ntype_0
9530	ntype_3
9531	ntype_1
9532	ntype_1
9533	ntype_3
9534	ntype_3
9535	ntype_3
9536	ntype_2
9537	ntype_3
9538	ntype_0
9539	ntype_0
9540	ntype_1
9541	ntype_1
9542	ntype_1
9543	ntype_2
9544	ntype_3
9545	ntype_3
9546	ntype_0
9547	ntype_1
9548	ntype_3
9549	ntype_1
9550	ntype_1
9551	ntype_3
9552	ntype_1
9553	ntype_2
9554	ntype_0
9555	ntype_3
9556	ntype_1
9557	ntype_0
9558	ntype_3
9559	ntype_2
9560	ntype_1
9561	ntype_1
9562	ntype_0
9563	ntype_0
9564	ntype_1
9565	ntype_2
9566	ntype_2
9567	ntype_3
9568	ntype_2
9569	ntype_0
9570	ntype_1
9571	ntype_2
9572	ntype_3
9573	ntype_1
9574	ntype_2
9575	ntype_2
9576	ntype_3
9577	ntype_2
9578	ntype_3
9579	ntype_0
9580	ntype_3
9581	ntype_0
9582	ntype_3
9583	ntype_1
9584	ntype_3
9585	ntype_2
9586	ntype_0
9587	ntype_1
9588	ntype_0
9589	ntype_1
9590	ntype_3
9591	ntype_1
9592	ntype_2
9593	ntype_0
9594	ntype_3
9595	ntype_0
9596	ntype_2
9597	ntype_0
9598	ntype_0
9599	ntype_0
9600	ntype_3
9601	ntype_1
9602	ntype_2
9603	ntype_2
9604	ntype_1
9605	ntype_2
9606	ntype_3
9607	ntype_3
9608	ntype_0
9609	ntype_1
9610	ntype_0
9611	ntype_0
9612	ntype_1
9613	ntype_1
9614	ntype_0
9615	ntype_3
9616	ntype_1
9617	ntype_3
9618	ntype_3
9619	ntype_1
9620	ntype_2
9621	ntype_3
9622	ntype_3
9623	ntype_1
9624	ntype_0
9625	ntype_0
9626	ntype_2
9627	ntype_2
9628	ntype_1
9629	ntype_3
9630	ntype_0
9631	ntype_3
9632	ntype_0
9633	ntype_1
9634	ntype_0
9635	ntype_3
9636	ntype_3
9637	ntype_2
9638	ntype_0
9639	ntype_2
9640	ntype_3
9641	ntype_1
9642	ntype_1
9643	ntype_2
9644	ntype_3
9645	ntype_1
9646	ntype_0
9647	ntype_2
9648	ntype_0
9649	ntype_1
9650	ntype_2
9651	ntype_3
9652	ntype_3
9653	ntype_2
9654	ntype_0
9655	ntype_1
9656	ntype_3
9657	ntype_0
9658	ntype_1
9659	ntype_1
9660	ntype_3
9661	ntype_2
9662	ntype_1
9663	ntype_3
9664	ntype_1
9665	ntype_1
9666	ntype_3
9667	ntype_1
9668	ntype_3
9669	ntype_0
9670	ntype_1
9671	ntype_2
9672	ntype_0
9673	ntype_1
9674	ntype_3
9675	ntype_2
9676	ntype_0
9677	ntype_2
9678	ntype_3
9679	ntype_3
9680	ntype_2
9681	ntype_0
9682	ntype_2
9683	ntype_3
9684	ntype_2
9685	ntype_3
9686	ntype_3
9687	ntype_1
9688	ntype_0
9689	ntype_3
9690	ntype_2
9691	ntype_3
9692	ntype_1
9693	ntype_3
9694	ntype_2
9695	ntype_3
9696	ntype_3
9697	ntype_0
9698	ntype_3
9699	ntype_3
9700	ntype_1
9701	ntype_0
9702	ntype_2
9703	ntype_2
9704	ntype_3
9705	ntype_2
9706	ntype_3
9707	ntype_2
9708	ntype_0
9709	ntype_0
9710	ntype_0
9711	ntype_3
9712	ntype_1
9713	ntype_3
9714	ntype_3
9715	ntype_2
9716	ntype_2
9717	ntype_0
9718	ntype_2
9719	ntype_0
9720	ntype_0
9721	ntype_1
9722	ntype_2
9723	ntype_2
9724	ntype_3
9725	ntype_3
9726	ntype_1
9727	ntype_0
9728	ntype_3
9729	ntype_1
9730	ntype_0
9731	ntype_2
9732	ntype_2
9733	ntype_0
9734	ntype_3
9735	ntype_1
9736	ntype_0
9737	ntype_0
9738	ntype_1
9739	ntype_1
9740	ntype_1
9741	ntype_0
9742	ntype_3
9743	ntype_1
9744	ntype_3
9745	ntype_0
9746	ntype_2
9747	ntype_3
9748	ntype_1
9749	ntype_3
9750	ntype_2
9751	ntype_1
9752	ntype_2
9753	ntype_0
9754	ntype_1
9755	ntype_2
9756	ntype_1
9757	ntype_1
9758	ntype_3
9759	ntype_0
9760	ntype_0
9761	ntype_2
9762	ntype_0
9763	ntype_2
9764	ntype_0
9765	ntype_3
9766	ntype_1
9767	ntype_2
9768	ntype_3
9769	ntype_3
9770	ntype_0
9771	ntype_2
9772	ntype_3
9773	ntype_1
9774	ntype_1
9775	ntype_3
9776	ntype_3
9777	ntype_2
9778	ntype_0
9779	ntype_2
9780	ntype_2
9781	ntype_3
9782	ntype_3
9783	ntype_1
9784	ntype_0
9785	ntype_2
9786	ntype_2
9787	ntype_2
9788	ntype_3
9789	ntype_1
9790	ntype_1
9791	ntype_0
9792	ntype_0
9793	ntype_1
9794	ntype_0
9795	ntype_0
9796	ntype_3
9797	ntype_0
9798	ntype_1
9799	ntype_0
9800	ntype_0
9801	ntype_1
9802	ntype_1
9803	ntype_2
9804	ntype_2
9805	ntype_0
9806	ntype_2
9807	ntype_0
9808	ntype_3
9809	ntype_1
9810	ntype_1
9811	ntype_3
9812	ntype_1
9813	ntype_2
9814	ntype_3
9815	ntype_0
9816	ntype_2
9817	ntype_0
9818	ntype_3
9819	ntype_1
9820	ntype_1
9821	ntype_3
9822	ntype_0
9823	ntype_0
9824	ntype_3
9825	ntype_2
9826	ntype_3
9827	ntype_2
9828	ntype_0
9829	ntype_0
9830	ntype_3
9831	ntype_3
9832	ntype_2
9833	ntype_2
9834	ntype_1
9835	ntype_1
9836	ntype_0
9837	ntype_1
9838	ntype_0
9839	ntype_0
9840	ntype_3
9841	ntype_2
9842	ntype_2
9843	ntype_2
9844	ntype_2
9845	ntype_1
9846	ntype_2
9847	ntype_1
9848	ntype_3
9849	ntype_1
9850	ntype_3
9851	ntype_3
9852	ntype_1
9853	ntype_1
9854	ntype_0
9855	ntype_3
9856	ntype_3
9857	ntype_3
9858	ntype_3
9859	ntype_2
9860	ntype_0
9861	ntype_1
9862	ntype_1
9863	ntype_3
9864	ntype_2
9865	ntype_2
9866	ntype_1
9867	ntype_2
9868	ntype_2
9869	ntype_2
9870	ntype_2
9871	ntype_0
9872	ntype_2
9873	ntype_2
9874	ntype_3
9875	ntype_0
9876	ntype_0
9877	ntype_0
9878	ntype_0
9879	ntype_1
9880	ntype_0
9881	ntype_2
9882	ntype_0
9883	ntype_0
9884	ntype_3
9885	ntype_1
9886	ntype_0
9887	ntype_3
9888	ntype_0
9889	ntype_0
9890	ntype_1
9891	ntype_2
9892	ntype_1
9893	ntype_0
9894	ntype_2
9895	ntype_2
9896	ntype_1
9897	ntype_3
9898	ntype_3
9899	ntype_2
9900	ntype_3
9901	ntype_3
9902	ntype_1
9903	ntype_0
9904	ntype_0
9905	ntype_2
9906	ntype_2
9907	ntype_0
9908	ntype_0
9909	ntype_0
9910	ntype_2
9911	ntype_2
9912	ntype_1
9913	ntype_2
9914	ntype_3
9915	ntype_0
9916	ntype_2
9917	ntype_0
9918	ntype_2
9919	ntype_1
9920	ntype_3
9921	ntype_3
9922	ntype_3
9923	ntype_2
9924	ntype_2
9925	ntype_1
9926	ntype_3
9927	ntype_2
9928	ntype_2
9929	ntype_0
9930	ntype_1
9931	ntype_2
9932	ntype_0
9933	ntype_2
9934	ntype_3
9935	ntype_0
9936	ntype_1
9937	ntype_2
9938	ntype_1
9939	ntype_2
9940	ntype_1
9941	ntype_0
9942	ntype_0
9943	ntype_3
9944	ntype_0
9945	ntype_1
9946	ntype_2
9947	ntype_3
9948	ntype_2
9949	ntype_1
9950	ntype_3
9951	ntype_2
9952	ntype_2
9953	ntype_2
9954	ntype_1
9955	ntype_2
9956	ntype_1
9957	ntype_2
9958	ntype_2
9959	ntype_2
9960	ntype_0
9961	ntype_1
9962	ntype_3
9963	ntype_3
9964	ntype_2
9965	ntype_1
9966	ntype_0
9967	ntype_0
9968	ntype_1
9969	ntype_2
9970	ntype_0
9971	ntype_3
9972	ntype_1
9973	ntype_0
9974	ntype_2
9975	ntype_2
9976	ntype_2
9977	ntype_0
9978	ntype_3
9979	ntype_1
9980	ntype_3
9981	ntype_3
9982	ntype_0
9983	ntype_3
9984	ntype_2
9985	ntype_0
9986	ntype_2
9987	ntype_3
9988	ntype_1
9989	ntype_3
9990	ntype_0
9991	ntype_3
9992	ntype_3
9993	ntype_1
9994	ntype_2
9995	ntype_0
9996	ntype_2
9997	ntype_1
9998	ntype_2
9999	ntype_2
10000	ntype_3
10001	ntype_2
10002	ntype_0
10003	ntype_3
10004	ntype_3
10005	ntype_3
10006	ntype_3
10007	ntype_3
10008	ntype_2
10009	ntype_2
10010	ntype_1
10011	ntype_0
10012	ntype_1
10013	ntype_0
10014	ntype_2
10015	ntype_3
10016	ntype_1
10017	ntype_1
10018	ntype_2
10019	ntype_0
10020	ntype_1
10021	ntype_3
10022	ntype_2
10023	ntype_0
10024	ntype_2
10025	ntype_2
10026	ntype_1
