NodeID	NodeType
0	ntype_0
1	ntype_3
2	ntype_0
3	ntype_2
4	ntype_3
5	ntype_3
6	ntype_2
7	ntype_1
8	ntype_1
9	ntype_2
10	ntype_0
11	ntype_2
12	ntype_2
13	ntype_3
14	ntype_1
15	ntype_2
16	ntype_2
17	ntype_3
18	ntype_2
19	ntype_1
20	ntype_1
21	ntype_2
22	ntype_3
23	ntype_0
24	ntype_2
25	ntype_2
26	ntype_0
27	ntype_0
28	ntype_0
29	ntype_1
30	ntype_2
31	ntype_1
32	ntype_3
33	ntype_1
34	ntype_1
35	ntype_2
36	ntype_1
37	ntype_0
38	ntype_1
39	ntype_0
40	ntype_0
41	ntype_1
42	ntype_2
43	ntype_0
44	ntype_3
45	ntype_1
46	ntype_3
47	ntype_3
48	ntype_3
49	ntype_1
50	ntype_3
51	ntype_0
52	ntype_0
53	ntype_1
54	ntype_2
55	ntype_2
56	ntype_0
57	ntype_3
58	ntype_0
59	ntype_0
60	ntype_2
61	ntype_0
62	ntype_2
63	ntype_3
64	ntype_2
65	ntype_1
66	ntype_0
67	ntype_3
68	ntype_2
69	ntype_2
70	ntype_0
71	ntype_0
72	ntype_3
73	ntype_1
74	ntype_2
75	ntype_1
76	ntype_3
77	ntype_1
78	ntype_0
79	ntype_2
80	ntype_3
81	ntype_1
82	ntype_3
83	ntype_3
84	ntype_2
85	ntype_3
86	ntype_3
87	ntype_0
88	ntype_0
89	ntype_0
90	ntype_0
91	ntype_0
92	ntype_1
93	ntype_1
94	ntype_1
95	ntype_3
96	ntype_1
97	ntype_3
98	ntype_2
99	ntype_1
100	ntype_3
101	ntype_3
102	ntype_3
103	ntype_2
104	ntype_1
105	ntype_1
106	ntype_1
107	ntype_0
108	ntype_0
109	ntype_2
110	ntype_0
111	ntype_2
112	ntype_0
113	ntype_0
114	ntype_2
115	ntype_1
116	ntype_2
117	ntype_2
118	ntype_1
119	ntype_2
120	ntype_1
121	ntype_3
122	ntype_0
123	ntype_2
124	ntype_2
125	ntype_2
126	ntype_2
127	ntype_2
128	ntype_3
129	ntype_0
130	ntype_0
131	ntype_3
132	ntype_2
133	ntype_0
134	ntype_0
135	ntype_3
136	ntype_2
137	ntype_0
138	ntype_0
139	ntype_1
140	ntype_3
141	ntype_2
142	ntype_2
143	ntype_1
144	ntype_0
145	ntype_2
146	ntype_2
147	ntype_3
148	ntype_0
149	ntype_2
150	ntype_1
151	ntype_2
152	ntype_2
153	ntype_1
154	ntype_0
155	ntype_0
156	ntype_3
157	ntype_2
158	ntype_3
159	ntype_3
160	ntype_1
161	ntype_1
162	ntype_3
163	ntype_1
164	ntype_2
165	ntype_3
166	ntype_2
167	ntype_0
168	ntype_3
169	ntype_3
170	ntype_3
171	ntype_2
172	ntype_1
173	ntype_1
174	ntype_0
175	ntype_1
176	ntype_0
177	ntype_1
178	ntype_2
179	ntype_0
180	ntype_3
181	ntype_3
182	ntype_3
183	ntype_0
184	ntype_2
185	ntype_2
186	ntype_2
187	ntype_3
188	ntype_3
189	ntype_0
190	ntype_3
191	ntype_0
192	ntype_3
193	ntype_0
194	ntype_0
195	ntype_3
196	ntype_3
197	ntype_2
198	ntype_2
199	ntype_0
200	ntype_0
201	ntype_1
202	ntype_2
203	ntype_1
204	ntype_2
205	ntype_2
206	ntype_1
207	ntype_2
208	ntype_2
209	ntype_3
210	ntype_0
211	ntype_3
212	ntype_3
213	ntype_2
214	ntype_2
215	ntype_1
216	ntype_1
217	ntype_3
218	ntype_2
219	ntype_1
220	ntype_0
221	ntype_3
222	ntype_1
223	ntype_1
224	ntype_3
225	ntype_2
226	ntype_3
227	ntype_3
228	ntype_2
229	ntype_3
230	ntype_3
231	ntype_1
232	ntype_1
233	ntype_0
234	ntype_1
235	ntype_2
236	ntype_0
237	ntype_0
238	ntype_1
239	ntype_3
240	ntype_2
241	ntype_0
242	ntype_3
243	ntype_3
244	ntype_3
245	ntype_1
246	ntype_2
247	ntype_2
248	ntype_1
249	ntype_2
250	ntype_0
251	ntype_3
252	ntype_3
253	ntype_1
254	ntype_2
255	ntype_0
256	ntype_3
257	ntype_1
258	ntype_0
259	ntype_3
260	ntype_3
261	ntype_2
262	ntype_3
263	ntype_3
264	ntype_2
265	ntype_2
266	ntype_3
267	ntype_2
268	ntype_3
269	ntype_3
270	ntype_0
271	ntype_3
272	ntype_2
273	ntype_1
274	ntype_0
275	ntype_3
276	ntype_2
277	ntype_2
278	ntype_1
279	ntype_3
280	ntype_1
281	ntype_3
282	ntype_1
283	ntype_1
284	ntype_0
285	ntype_1
286	ntype_0
287	ntype_2
288	ntype_2
289	ntype_3
290	ntype_2
291	ntype_1
292	ntype_3
293	ntype_3
294	ntype_2
295	ntype_1
296	ntype_1
297	ntype_1
298	ntype_0
299	ntype_3
300	ntype_1
301	ntype_3
302	ntype_3
303	ntype_0
304	ntype_1
305	ntype_1
306	ntype_0
307	ntype_1
308	ntype_3
309	ntype_1
310	ntype_2
311	ntype_0
312	ntype_0
313	ntype_1
314	ntype_0
315	ntype_0
316	ntype_1
317	ntype_2
318	ntype_3
319	ntype_0
320	ntype_1
321	ntype_3
322	ntype_1
323	ntype_2
324	ntype_2
325	ntype_2
326	ntype_2
327	ntype_2
328	ntype_0
329	ntype_0
330	ntype_0
331	ntype_2
332	ntype_1
333	ntype_1
334	ntype_1
335	ntype_1
336	ntype_1
337	ntype_0
338	ntype_2
339	ntype_2
340	ntype_3
341	ntype_1
342	ntype_2
343	ntype_2
344	ntype_1
345	ntype_0
346	ntype_1
347	ntype_0
348	ntype_1
349	ntype_0
350	ntype_2
351	ntype_1
352	ntype_0
353	ntype_2
354	ntype_2
355	ntype_1
356	ntype_3
357	ntype_1
358	ntype_3
359	ntype_1
360	ntype_3
361	ntype_0
362	ntype_2
363	ntype_0
364	ntype_0
365	ntype_0
366	ntype_3
367	ntype_3
368	ntype_2
369	ntype_3
370	ntype_1
371	ntype_3
372	ntype_3
373	ntype_1
374	ntype_3
375	ntype_0
376	ntype_2
377	ntype_3
378	ntype_3
379	ntype_2
380	ntype_1
381	ntype_3
382	ntype_1
383	ntype_2
384	ntype_1
385	ntype_2
386	ntype_1
387	ntype_1
388	ntype_0
389	ntype_1
390	ntype_3
391	ntype_1
392	ntype_3
393	ntype_2
394	ntype_3
395	ntype_1
396	ntype_1
397	ntype_3
398	ntype_0
399	ntype_0
400	ntype_1
401	ntype_1
402	ntype_3
403	ntype_0
404	ntype_2
405	ntype_0
406	ntype_0
407	ntype_3
408	ntype_1
409	ntype_0
410	ntype_1
411	ntype_2
412	ntype_2
413	ntype_1
414	ntype_2
415	ntype_1
416	ntype_3
417	ntype_1
418	ntype_2
419	ntype_1
420	ntype_3
421	ntype_0
422	ntype_1
423	ntype_1
424	ntype_1
425	ntype_1
426	ntype_3
427	ntype_3
428	ntype_0
429	ntype_2
430	ntype_3
431	ntype_2
432	ntype_2
433	ntype_2
434	ntype_0
435	ntype_3
436	ntype_0
437	ntype_3
438	ntype_1
439	ntype_3
440	ntype_0
441	ntype_0
442	ntype_1
443	ntype_2
444	ntype_0
445	ntype_1
446	ntype_2
447	ntype_2
448	ntype_0
449	ntype_3
450	ntype_2
451	ntype_3
452	ntype_1
453	ntype_1
454	ntype_2
455	ntype_2
456	ntype_1
457	ntype_3
458	ntype_1
459	ntype_0
460	ntype_1
461	ntype_0
462	ntype_3
463	ntype_3
464	ntype_1
465	ntype_3
466	ntype_1
467	ntype_3
468	ntype_0
469	ntype_2
470	ntype_3
471	ntype_0
472	ntype_1
473	ntype_3
474	ntype_1
475	ntype_0
476	ntype_3
477	ntype_3
478	ntype_0
479	ntype_3
480	ntype_1
481	ntype_0
482	ntype_2
483	ntype_3
484	ntype_2
485	ntype_3
486	ntype_3
487	ntype_2
488	ntype_1
489	ntype_1
490	ntype_1
491	ntype_2
492	ntype_1
493	ntype_3
494	ntype_0
495	ntype_3
496	ntype_1
497	ntype_0
498	ntype_0
499	ntype_3
500	ntype_3
501	ntype_3
502	ntype_0
503	ntype_2
504	ntype_3
505	ntype_1
506	ntype_2
507	ntype_1
508	ntype_2
509	ntype_0
510	ntype_3
511	ntype_1
512	ntype_0
513	ntype_0
514	ntype_1
515	ntype_2
516	ntype_3
517	ntype_2
518	ntype_3
519	ntype_1
520	ntype_3
521	ntype_3
522	ntype_3
523	ntype_1
524	ntype_2
525	ntype_1
526	ntype_0
527	ntype_1
528	ntype_2
529	ntype_2
530	ntype_2
531	ntype_0
532	ntype_1
533	ntype_0
534	ntype_3
535	ntype_1
536	ntype_1
537	ntype_2
538	ntype_3
539	ntype_0
540	ntype_2
541	ntype_3
542	ntype_0
543	ntype_0
544	ntype_3
545	ntype_2
546	ntype_0
547	ntype_0
548	ntype_2
549	ntype_0
550	ntype_1
551	ntype_1
552	ntype_2
553	ntype_2
554	ntype_0
555	ntype_2
556	ntype_0
557	ntype_2
558	ntype_1
559	ntype_3
560	ntype_3
561	ntype_0
562	ntype_2
563	ntype_1
564	ntype_0
565	ntype_2
566	ntype_3
567	ntype_1
568	ntype_1
569	ntype_0
570	ntype_3
571	ntype_3
572	ntype_0
573	ntype_1
574	ntype_3
575	ntype_2
576	ntype_2
577	ntype_1
578	ntype_3
579	ntype_1
580	ntype_1
581	ntype_2
582	ntype_1
583	ntype_2
584	ntype_0
585	ntype_2
586	ntype_3
587	ntype_2
588	ntype_2
589	ntype_0
590	ntype_1
591	ntype_1
592	ntype_3
593	ntype_0
594	ntype_2
595	ntype_0
596	ntype_2
597	ntype_2
598	ntype_2
599	ntype_1
600	ntype_3
601	ntype_0
602	ntype_3
603	ntype_3
604	ntype_1
605	ntype_0
606	ntype_2
607	ntype_1
608	ntype_2
609	ntype_1
610	ntype_0
611	ntype_0
612	ntype_1
613	ntype_3
614	ntype_3
615	ntype_0
616	ntype_0
617	ntype_0
618	ntype_3
619	ntype_3
620	ntype_3
621	ntype_1
622	ntype_2
623	ntype_3
624	ntype_2
625	ntype_2
626	ntype_0
627	ntype_2
628	ntype_0
629	ntype_2
630	ntype_3
631	ntype_3
632	ntype_3
633	ntype_1
634	ntype_3
635	ntype_2
636	ntype_2
637	ntype_2
638	ntype_3
639	ntype_0
640	ntype_2
641	ntype_2
642	ntype_2
643	ntype_3
644	ntype_1
645	ntype_2
646	ntype_0
647	ntype_1
648	ntype_1
649	ntype_2
650	ntype_2
651	ntype_3
652	ntype_1
653	ntype_1
654	ntype_3
655	ntype_3
656	ntype_2
657	ntype_1
658	ntype_1
659	ntype_1
660	ntype_0
661	ntype_0
662	ntype_0
663	ntype_2
664	ntype_0
665	ntype_0
666	ntype_1
667	ntype_1
668	ntype_3
669	ntype_3
670	ntype_1
671	ntype_2
672	ntype_0
673	ntype_1
674	ntype_3
675	ntype_0
676	ntype_0
677	ntype_3
678	ntype_1
679	ntype_2
680	ntype_1
681	ntype_0
682	ntype_2
683	ntype_2
684	ntype_2
685	ntype_2
686	ntype_2
687	ntype_0
688	ntype_0
689	ntype_0
690	ntype_2
691	ntype_1
692	ntype_0
693	ntype_3
694	ntype_1
695	ntype_2
696	ntype_3
697	ntype_0
698	ntype_3
699	ntype_3
700	ntype_3
701	ntype_1
702	ntype_3
703	ntype_1
704	ntype_1
705	ntype_2
706	ntype_3
707	ntype_0
708	ntype_0
709	ntype_0
710	ntype_1
711	ntype_1
712	ntype_0
713	ntype_3
714	ntype_2
715	ntype_0
716	ntype_2
717	ntype_3
718	ntype_3
719	ntype_3
720	ntype_2
721	ntype_0
722	ntype_0
723	ntype_0
724	ntype_1
725	ntype_1
726	ntype_0
727	ntype_2
728	ntype_0
729	ntype_1
730	ntype_1
731	ntype_3
732	ntype_0
733	ntype_3
734	ntype_3
735	ntype_2
736	ntype_3
737	ntype_1
738	ntype_0
739	ntype_0
740	ntype_1
741	ntype_1
742	ntype_3
743	ntype_1
744	ntype_2
745	ntype_0
746	ntype_0
747	ntype_2
748	ntype_2
749	ntype_0
750	ntype_2
751	ntype_0
752	ntype_1
753	ntype_2
754	ntype_2
755	ntype_3
756	ntype_2
757	ntype_3
758	ntype_0
759	ntype_2
760	ntype_2
761	ntype_3
762	ntype_3
763	ntype_1
764	ntype_1
765	ntype_0
766	ntype_3
767	ntype_3
768	ntype_1
769	ntype_3
770	ntype_1
771	ntype_1
772	ntype_2
773	ntype_2
774	ntype_2
775	ntype_3
776	ntype_1
777	ntype_3
778	ntype_1
779	ntype_3
780	ntype_2
781	ntype_0
782	ntype_3
783	ntype_2
784	ntype_0
785	ntype_0
786	ntype_0
787	ntype_2
788	ntype_3
789	ntype_2
790	ntype_2
791	ntype_1
792	ntype_1
793	ntype_1
794	ntype_0
795	ntype_0
796	ntype_2
797	ntype_2
798	ntype_1
799	ntype_3
800	ntype_2
801	ntype_0
802	ntype_3
803	ntype_3
804	ntype_0
805	ntype_2
806	ntype_3
807	ntype_1
808	ntype_1
809	ntype_1
810	ntype_3
811	ntype_2
812	ntype_1
813	ntype_1
814	ntype_1
815	ntype_2
816	ntype_0
817	ntype_1
818	ntype_1
819	ntype_0
820	ntype_2
821	ntype_3
822	ntype_3
823	ntype_3
824	ntype_1
825	ntype_1
826	ntype_3
827	ntype_2
828	ntype_2
829	ntype_0
830	ntype_2
831	ntype_2
832	ntype_3
833	ntype_2
834	ntype_1
835	ntype_1
836	ntype_1
837	ntype_1
838	ntype_0
839	ntype_1
840	ntype_3
841	ntype_3
842	ntype_2
843	ntype_1
844	ntype_1
845	ntype_0
846	ntype_0
847	ntype_3
848	ntype_3
849	ntype_1
850	ntype_3
851	ntype_1
852	ntype_3
853	ntype_0
854	ntype_2
855	ntype_2
856	ntype_2
857	ntype_1
858	ntype_3
859	ntype_1
860	ntype_1
861	ntype_0
862	ntype_2
863	ntype_2
864	ntype_2
865	ntype_1
866	ntype_0
867	ntype_3
868	ntype_2
869	ntype_3
870	ntype_2
871	ntype_2
872	ntype_3
873	ntype_1
874	ntype_1
875	ntype_1
876	ntype_1
877	ntype_2
878	ntype_0
879	ntype_2
880	ntype_3
881	ntype_2
882	ntype_3
883	ntype_3
884	ntype_3
885	ntype_0
886	ntype_3
887	ntype_1
888	ntype_1
889	ntype_3
890	ntype_0
891	ntype_2
892	ntype_1
893	ntype_2
894	ntype_3
895	ntype_2
896	ntype_0
897	ntype_3
898	ntype_1
899	ntype_3
900	ntype_1
901	ntype_3
902	ntype_3
903	ntype_0
904	ntype_2
905	ntype_0
906	ntype_1
907	ntype_1
908	ntype_3
909	ntype_2
910	ntype_3
911	ntype_3
912	ntype_3
913	ntype_1
914	ntype_2
915	ntype_0
916	ntype_0
917	ntype_1
918	ntype_2
919	ntype_0
920	ntype_1
921	ntype_3
922	ntype_1
923	ntype_0
924	ntype_0
925	ntype_0
926	ntype_0
927	ntype_2
928	ntype_3
929	ntype_2
930	ntype_3
931	ntype_2
932	ntype_1
933	ntype_2
934	ntype_1
935	ntype_2
936	ntype_0
937	ntype_2
938	ntype_1
939	ntype_3
940	ntype_1
941	ntype_1
942	ntype_2
943	ntype_0
944	ntype_1
945	ntype_0
946	ntype_3
947	ntype_0
948	ntype_2
949	ntype_0
950	ntype_1
951	ntype_2
952	ntype_2
953	ntype_2
954	ntype_3
955	ntype_1
956	ntype_3
957	ntype_1
958	ntype_3
959	ntype_1
960	ntype_1
961	ntype_2
962	ntype_2
963	ntype_3
964	ntype_2
965	ntype_3
966	ntype_1
967	ntype_3
968	ntype_2
969	ntype_3
970	ntype_2
971	ntype_3
972	ntype_3
973	ntype_3
974	ntype_3
975	ntype_1
976	ntype_0
977	ntype_2
978	ntype_2
979	ntype_0
980	ntype_2
981	ntype_3
982	ntype_1
983	ntype_0
984	ntype_0
985	ntype_0
986	ntype_3
987	ntype_2
988	ntype_3
989	ntype_3
990	ntype_1
991	ntype_0
992	ntype_3
993	ntype_2
994	ntype_0
995	ntype_1
996	ntype_3
997	ntype_2
998	ntype_3
999	ntype_1
1000	ntype_1
1001	ntype_1
1002	ntype_2
1003	ntype_0
1004	ntype_0
1005	ntype_3
1006	ntype_0
1007	ntype_0
1008	ntype_2
1009	ntype_0
1010	ntype_1
1011	ntype_2
1012	ntype_1
1013	ntype_3
1014	ntype_1
1015	ntype_0
1016	ntype_1
1017	ntype_2
1018	ntype_2
1019	ntype_2
1020	ntype_2
1021	ntype_3
1022	ntype_1
1023	ntype_3
1024	ntype_2
1025	ntype_2
1026	ntype_3
1027	ntype_2
1028	ntype_3
1029	ntype_0
1030	ntype_2
1031	ntype_3
1032	ntype_1
1033	ntype_3
1034	ntype_1
1035	ntype_2
1036	ntype_0
1037	ntype_1
1038	ntype_0
1039	ntype_0
1040	ntype_1
1041	ntype_3
1042	ntype_3
1043	ntype_0
1044	ntype_3
1045	ntype_0
1046	ntype_2
1047	ntype_3
1048	ntype_2
1049	ntype_0
1050	ntype_3
1051	ntype_3
1052	ntype_3
1053	ntype_0
1054	ntype_2
1055	ntype_1
1056	ntype_0
1057	ntype_3
1058	ntype_3
1059	ntype_2
1060	ntype_1
1061	ntype_2
1062	ntype_2
1063	ntype_3
1064	ntype_1
1065	ntype_3
1066	ntype_2
1067	ntype_3
1068	ntype_2
1069	ntype_0
1070	ntype_0
1071	ntype_0
1072	ntype_1
1073	ntype_1
1074	ntype_2
1075	ntype_1
1076	ntype_2
1077	ntype_0
1078	ntype_2
1079	ntype_3
1080	ntype_2
1081	ntype_3
1082	ntype_1
1083	ntype_2
1084	ntype_2
1085	ntype_0
1086	ntype_0
1087	ntype_0
1088	ntype_1
1089	ntype_0
1090	ntype_0
1091	ntype_0
1092	ntype_2
1093	ntype_0
1094	ntype_1
1095	ntype_3
1096	ntype_1
1097	ntype_1
1098	ntype_0
1099	ntype_2
1100	ntype_1
1101	ntype_3
1102	ntype_2
1103	ntype_0
1104	ntype_0
1105	ntype_0
1106	ntype_0
1107	ntype_2
1108	ntype_0
1109	ntype_0
1110	ntype_1
1111	ntype_1
1112	ntype_1
1113	ntype_2
1114	ntype_0
1115	ntype_0
1116	ntype_1
1117	ntype_2
1118	ntype_0
1119	ntype_2
1120	ntype_1
1121	ntype_3
1122	ntype_0
1123	ntype_0
1124	ntype_2
1125	ntype_0
1126	ntype_1
1127	ntype_3
1128	ntype_1
1129	ntype_3
1130	ntype_2
1131	ntype_3
1132	ntype_3
1133	ntype_2
1134	ntype_0
1135	ntype_2
1136	ntype_3
1137	ntype_3
1138	ntype_2
1139	ntype_1
1140	ntype_0
1141	ntype_0
1142	ntype_0
1143	ntype_0
1144	ntype_2
1145	ntype_2
1146	ntype_2
1147	ntype_2
1148	ntype_3
1149	ntype_2
1150	ntype_1
1151	ntype_3
1152	ntype_2
1153	ntype_1
1154	ntype_3
1155	ntype_1
1156	ntype_2
1157	ntype_3
1158	ntype_1
1159	ntype_0
1160	ntype_0
1161	ntype_3
1162	ntype_2
1163	ntype_2
1164	ntype_1
1165	ntype_0
1166	ntype_2
1167	ntype_3
1168	ntype_0
1169	ntype_3
1170	ntype_2
1171	ntype_1
1172	ntype_0
1173	ntype_2
1174	ntype_3
1175	ntype_3
1176	ntype_2
1177	ntype_1
1178	ntype_3
1179	ntype_1
1180	ntype_3
1181	ntype_2
1182	ntype_3
1183	ntype_0
1184	ntype_1
1185	ntype_1
1186	ntype_1
1187	ntype_0
1188	ntype_2
1189	ntype_1
1190	ntype_1
1191	ntype_1
1192	ntype_2
1193	ntype_2
1194	ntype_2
1195	ntype_1
1196	ntype_2
1197	ntype_0
1198	ntype_3
1199	ntype_0
1200	ntype_2
1201	ntype_3
1202	ntype_2
1203	ntype_3
1204	ntype_0
1205	ntype_2
1206	ntype_3
1207	ntype_1
1208	ntype_1
1209	ntype_3
1210	ntype_2
1211	ntype_3
1212	ntype_0
1213	ntype_1
1214	ntype_2
1215	ntype_1
1216	ntype_2
1217	ntype_1
1218	ntype_1
1219	ntype_2
1220	ntype_1
1221	ntype_3
1222	ntype_0
1223	ntype_0
1224	ntype_1
1225	ntype_0
1226	ntype_3
1227	ntype_0
1228	ntype_2
1229	ntype_0
1230	ntype_2
1231	ntype_0
1232	ntype_2
1233	ntype_2
1234	ntype_2
1235	ntype_0
1236	ntype_3
1237	ntype_2
1238	ntype_0
1239	ntype_2
1240	ntype_2
1241	ntype_2
1242	ntype_0
1243	ntype_3
1244	ntype_1
1245	ntype_2
1246	ntype_0
1247	ntype_2
1248	ntype_1
1249	ntype_3
1250	ntype_2
1251	ntype_1
1252	ntype_3
1253	ntype_3
1254	ntype_3
1255	ntype_1
1256	ntype_2
1257	ntype_3
1258	ntype_2
1259	ntype_3
1260	ntype_1
1261	ntype_1
1262	ntype_3
1263	ntype_3
1264	ntype_2
1265	ntype_0
1266	ntype_0
1267	ntype_1
1268	ntype_3
1269	ntype_3
1270	ntype_3
1271	ntype_0
1272	ntype_3
1273	ntype_1
1274	ntype_0
1275	ntype_1
1276	ntype_3
1277	ntype_0
1278	ntype_3
1279	ntype_0
1280	ntype_2
1281	ntype_2
1282	ntype_0
1283	ntype_0
1284	ntype_0
1285	ntype_2
1286	ntype_0
1287	ntype_1
1288	ntype_1
1289	ntype_0
1290	ntype_0
1291	ntype_0
1292	ntype_3
1293	ntype_0
1294	ntype_2
1295	ntype_1
1296	ntype_3
1297	ntype_1
1298	ntype_1
1299	ntype_0
1300	ntype_3
1301	ntype_0
1302	ntype_2
1303	ntype_3
1304	ntype_2
1305	ntype_0
1306	ntype_3
1307	ntype_1
1308	ntype_3
1309	ntype_0
1310	ntype_1
1311	ntype_3
1312	ntype_0
1313	ntype_2
1314	ntype_0
1315	ntype_3
1316	ntype_2
1317	ntype_3
1318	ntype_3
1319	ntype_2
1320	ntype_1
1321	ntype_2
1322	ntype_2
1323	ntype_2
1324	ntype_1
1325	ntype_1
1326	ntype_1
1327	ntype_0
1328	ntype_3
1329	ntype_1
1330	ntype_1
1331	ntype_3
1332	ntype_2
1333	ntype_3
1334	ntype_2
1335	ntype_3
1336	ntype_3
1337	ntype_1
1338	ntype_2
1339	ntype_3
1340	ntype_0
1341	ntype_3
1342	ntype_2
1343	ntype_1
1344	ntype_0
1345	ntype_0
1346	ntype_3
1347	ntype_2
1348	ntype_1
1349	ntype_0
1350	ntype_1
1351	ntype_0
1352	ntype_2
1353	ntype_2
1354	ntype_3
1355	ntype_1
1356	ntype_2
1357	ntype_2
1358	ntype_1
1359	ntype_2
1360	ntype_1
1361	ntype_2
1362	ntype_0
1363	ntype_0
1364	ntype_3
1365	ntype_3
1366	ntype_2
1367	ntype_1
1368	ntype_1
1369	ntype_2
1370	ntype_1
1371	ntype_3
1372	ntype_2
1373	ntype_1
1374	ntype_1
1375	ntype_1
1376	ntype_2
1377	ntype_0
1378	ntype_1
1379	ntype_1
1380	ntype_1
1381	ntype_2
1382	ntype_3
1383	ntype_0
1384	ntype_3
1385	ntype_3
1386	ntype_2
1387	ntype_1
1388	ntype_3
1389	ntype_2
1390	ntype_2
1391	ntype_3
1392	ntype_2
1393	ntype_3
1394	ntype_0
1395	ntype_3
1396	ntype_2
1397	ntype_0
1398	ntype_1
1399	ntype_2
1400	ntype_0
1401	ntype_3
1402	ntype_0
1403	ntype_3
1404	ntype_0
1405	ntype_3
1406	ntype_1
1407	ntype_2
1408	ntype_0
1409	ntype_3
1410	ntype_2
1411	ntype_2
1412	ntype_0
1413	ntype_1
1414	ntype_3
1415	ntype_2
1416	ntype_1
1417	ntype_0
1418	ntype_3
1419	ntype_3
1420	ntype_1
1421	ntype_1
1422	ntype_3
1423	ntype_2
1424	ntype_3
1425	ntype_1
1426	ntype_0
1427	ntype_3
1428	ntype_0
1429	ntype_0
1430	ntype_3
1431	ntype_0
1432	ntype_0
1433	ntype_0
1434	ntype_0
1435	ntype_0
1436	ntype_1
1437	ntype_1
1438	ntype_0
1439	ntype_3
1440	ntype_0
1441	ntype_0
1442	ntype_1
1443	ntype_1
1444	ntype_0
1445	ntype_3
1446	ntype_1
1447	ntype_0
1448	ntype_1
1449	ntype_3
1450	ntype_0
1451	ntype_2
1452	ntype_3
1453	ntype_1
1454	ntype_1
1455	ntype_2
1456	ntype_3
1457	ntype_2
1458	ntype_0
1459	ntype_2
1460	ntype_0
1461	ntype_0
1462	ntype_3
1463	ntype_0
1464	ntype_2
1465	ntype_0
1466	ntype_1
1467	ntype_1
1468	ntype_1
1469	ntype_0
1470	ntype_0
1471	ntype_1
1472	ntype_2
1473	ntype_0
1474	ntype_2
1475	ntype_3
1476	ntype_2
1477	ntype_2
1478	ntype_3
1479	ntype_3
1480	ntype_0
1481	ntype_2
1482	ntype_2
1483	ntype_0
1484	ntype_2
1485	ntype_3
1486	ntype_3
1487	ntype_1
1488	ntype_0
1489	ntype_1
1490	ntype_3
1491	ntype_1
1492	ntype_1
1493	ntype_1
1494	ntype_2
1495	ntype_2
1496	ntype_1
1497	ntype_1
1498	ntype_2
1499	ntype_1
1500	ntype_1
1501	ntype_0
1502	ntype_2
1503	ntype_1
1504	ntype_1
1505	ntype_0
1506	ntype_2
1507	ntype_0
1508	ntype_1
1509	ntype_1
1510	ntype_1
1511	ntype_0
1512	ntype_0
1513	ntype_1
1514	ntype_1
1515	ntype_2
1516	ntype_1
1517	ntype_0
1518	ntype_1
1519	ntype_2
1520	ntype_3
1521	ntype_3
1522	ntype_3
1523	ntype_2
1524	ntype_1
1525	ntype_2
1526	ntype_1
1527	ntype_3
1528	ntype_0
1529	ntype_1
1530	ntype_1
1531	ntype_3
1532	ntype_2
1533	ntype_1
1534	ntype_1
1535	ntype_2
1536	ntype_3
1537	ntype_3
1538	ntype_0
1539	ntype_3
1540	ntype_2
1541	ntype_3
1542	ntype_0
1543	ntype_1
1544	ntype_1
1545	ntype_1
1546	ntype_3
1547	ntype_2
1548	ntype_3
1549	ntype_0
1550	ntype_2
1551	ntype_2
1552	ntype_0
1553	ntype_0
1554	ntype_0
1555	ntype_0
1556	ntype_3
1557	ntype_2
1558	ntype_0
1559	ntype_2
1560	ntype_0
1561	ntype_0
1562	ntype_1
1563	ntype_1
1564	ntype_2
1565	ntype_2
1566	ntype_0
1567	ntype_2
1568	ntype_0
1569	ntype_3
1570	ntype_1
1571	ntype_2
1572	ntype_0
1573	ntype_3
1574	ntype_0
1575	ntype_0
1576	ntype_2
1577	ntype_3
1578	ntype_2
1579	ntype_0
1580	ntype_2
1581	ntype_2
1582	ntype_1
1583	ntype_1
1584	ntype_0
1585	ntype_3
1586	ntype_2
1587	ntype_1
1588	ntype_1
1589	ntype_1
1590	ntype_2
1591	ntype_0
1592	ntype_0
1593	ntype_2
1594	ntype_2
1595	ntype_2
1596	ntype_1
1597	ntype_3
1598	ntype_1
1599	ntype_3
1600	ntype_3
1601	ntype_0
1602	ntype_3
1603	ntype_2
1604	ntype_3
1605	ntype_3
1606	ntype_0
1607	ntype_3
1608	ntype_1
1609	ntype_3
1610	ntype_2
1611	ntype_3
1612	ntype_2
1613	ntype_0
1614	ntype_0
1615	ntype_3
1616	ntype_2
1617	ntype_0
1618	ntype_1
1619	ntype_1
1620	ntype_2
1621	ntype_0
1622	ntype_0
1623	ntype_0
1624	ntype_3
1625	ntype_3
1626	ntype_1
1627	ntype_1
1628	ntype_1
1629	ntype_1
1630	ntype_1
1631	ntype_1
1632	ntype_3
1633	ntype_3
1634	ntype_1
1635	ntype_1
1636	ntype_3
1637	ntype_0
1638	ntype_0
1639	ntype_2
1640	ntype_1
1641	ntype_0
1642	ntype_3
1643	ntype_1
1644	ntype_0
1645	ntype_0
1646	ntype_1
1647	ntype_0
1648	ntype_0
1649	ntype_1
1650	ntype_1
1651	ntype_1
1652	ntype_1
1653	ntype_3
1654	ntype_0
1655	ntype_0
1656	ntype_3
1657	ntype_2
1658	ntype_0
1659	ntype_3
1660	ntype_1
1661	ntype_1
1662	ntype_1
1663	ntype_2
1664	ntype_2
1665	ntype_0
1666	ntype_3
1667	ntype_2
1668	ntype_3
1669	ntype_0
1670	ntype_2
1671	ntype_1
1672	ntype_1
1673	ntype_3
1674	ntype_3
1675	ntype_2
1676	ntype_1
1677	ntype_2
1678	ntype_2
1679	ntype_1
1680	ntype_2
1681	ntype_0
1682	ntype_1
1683	ntype_3
1684	ntype_0
1685	ntype_0
1686	ntype_0
1687	ntype_0
1688	ntype_3
1689	ntype_0
1690	ntype_2
1691	ntype_2
1692	ntype_2
1693	ntype_2
1694	ntype_0
1695	ntype_2
1696	ntype_3
1697	ntype_2
1698	ntype_2
1699	ntype_1
1700	ntype_1
1701	ntype_1
1702	ntype_3
1703	ntype_0
1704	ntype_2
1705	ntype_0
1706	ntype_0
1707	ntype_3
1708	ntype_0
1709	ntype_2
1710	ntype_3
1711	ntype_0
1712	ntype_2
1713	ntype_1
1714	ntype_2
1715	ntype_3
1716	ntype_1
1717	ntype_3
1718	ntype_3
1719	ntype_1
1720	ntype_2
1721	ntype_0
1722	ntype_0
1723	ntype_3
1724	ntype_0
1725	ntype_2
1726	ntype_0
1727	ntype_3
1728	ntype_3
1729	ntype_0
1730	ntype_3
1731	ntype_3
1732	ntype_1
1733	ntype_2
1734	ntype_2
1735	ntype_1
1736	ntype_3
1737	ntype_3
1738	ntype_0
1739	ntype_3
1740	ntype_1
1741	ntype_1
1742	ntype_3
1743	ntype_1
1744	ntype_1
1745	ntype_0
1746	ntype_3
1747	ntype_0
1748	ntype_3
1749	ntype_0
1750	ntype_2
1751	ntype_2
1752	ntype_0
1753	ntype_2
1754	ntype_3
1755	ntype_3
1756	ntype_0
1757	ntype_1
1758	ntype_3
1759	ntype_0
1760	ntype_1
1761	ntype_2
1762	ntype_3
1763	ntype_0
1764	ntype_3
1765	ntype_3
1766	ntype_2
1767	ntype_2
1768	ntype_1
1769	ntype_2
1770	ntype_1
1771	ntype_2
1772	ntype_2
1773	ntype_2
1774	ntype_2
1775	ntype_0
1776	ntype_2
1777	ntype_1
1778	ntype_3
1779	ntype_2
1780	ntype_2
1781	ntype_3
1782	ntype_2
1783	ntype_2
1784	ntype_0
1785	ntype_0
1786	ntype_2
1787	ntype_1
1788	ntype_3
1789	ntype_2
1790	ntype_1
1791	ntype_0
1792	ntype_0
1793	ntype_3
1794	ntype_2
1795	ntype_2
1796	ntype_2
1797	ntype_0
1798	ntype_0
1799	ntype_1
1800	ntype_2
1801	ntype_3
1802	ntype_0
1803	ntype_2
1804	ntype_3
1805	ntype_2
1806	ntype_1
1807	ntype_3
1808	ntype_0
1809	ntype_0
1810	ntype_3
1811	ntype_2
1812	ntype_0
1813	ntype_3
1814	ntype_0
1815	ntype_2
1816	ntype_3
1817	ntype_1
1818	ntype_1
1819	ntype_0
1820	ntype_0
1821	ntype_0
1822	ntype_1
1823	ntype_0
1824	ntype_3
1825	ntype_0
1826	ntype_0
1827	ntype_0
1828	ntype_0
1829	ntype_2
1830	ntype_2
1831	ntype_1
1832	ntype_3
1833	ntype_0
1834	ntype_0
1835	ntype_2
1836	ntype_3
1837	ntype_0
1838	ntype_0
1839	ntype_0
1840	ntype_3
1841	ntype_1
1842	ntype_2
1843	ntype_1
1844	ntype_3
1845	ntype_1
1846	ntype_2
1847	ntype_1
1848	ntype_0
1849	ntype_1
1850	ntype_0
1851	ntype_0
1852	ntype_1
1853	ntype_1
1854	ntype_0
1855	ntype_1
1856	ntype_2
1857	ntype_1
1858	ntype_0
1859	ntype_1
1860	ntype_3
1861	ntype_3
1862	ntype_2
1863	ntype_1
1864	ntype_3
1865	ntype_2
1866	ntype_2
1867	ntype_3
1868	ntype_1
1869	ntype_2
1870	ntype_1
1871	ntype_0
1872	ntype_3
1873	ntype_3
1874	ntype_0
1875	ntype_3
1876	ntype_1
1877	ntype_3
1878	ntype_1
1879	ntype_0
1880	ntype_1
1881	ntype_3
1882	ntype_0
1883	ntype_3
1884	ntype_0
1885	ntype_2
1886	ntype_1
1887	ntype_2
1888	ntype_0
1889	ntype_2
1890	ntype_0
1891	ntype_2
1892	ntype_1
1893	ntype_3
1894	ntype_1
1895	ntype_2
1896	ntype_0
1897	ntype_1
1898	ntype_1
1899	ntype_0
1900	ntype_2
1901	ntype_2
1902	ntype_1
1903	ntype_2
1904	ntype_2
1905	ntype_1
1906	ntype_0
1907	ntype_0
1908	ntype_0
1909	ntype_1
1910	ntype_2
1911	ntype_3
1912	ntype_1
1913	ntype_3
1914	ntype_3
1915	ntype_2
1916	ntype_2
1917	ntype_3
1918	ntype_1
1919	ntype_2
1920	ntype_1
1921	ntype_1
1922	ntype_0
1923	ntype_2
1924	ntype_3
1925	ntype_0
1926	ntype_3
1927	ntype_3
1928	ntype_2
1929	ntype_0
1930	ntype_3
1931	ntype_1
1932	ntype_1
1933	ntype_3
1934	ntype_1
1935	ntype_2
1936	ntype_1
1937	ntype_3
1938	ntype_3
1939	ntype_3
1940	ntype_3
1941	ntype_0
1942	ntype_3
1943	ntype_1
1944	ntype_2
1945	ntype_2
1946	ntype_0
1947	ntype_1
1948	ntype_3
1949	ntype_3
1950	ntype_3
1951	ntype_1
1952	ntype_0
1953	ntype_3
1954	ntype_2
1955	ntype_0
1956	ntype_1
1957	ntype_3
1958	ntype_2
1959	ntype_1
1960	ntype_1
1961	ntype_0
1962	ntype_1
1963	ntype_2
1964	ntype_3
1965	ntype_3
1966	ntype_0
1967	ntype_0
1968	ntype_2
1969	ntype_1
1970	ntype_3
1971	ntype_0
1972	ntype_3
1973	ntype_1
1974	ntype_0
1975	ntype_2
1976	ntype_1
1977	ntype_3
1978	ntype_1
1979	ntype_3
1980	ntype_3
1981	ntype_0
1982	ntype_2
1983	ntype_1
1984	ntype_0
1985	ntype_1
1986	ntype_0
1987	ntype_2
1988	ntype_0
1989	ntype_0
1990	ntype_0
1991	ntype_1
1992	ntype_3
1993	ntype_3
1994	ntype_2
1995	ntype_3
1996	ntype_2
1997	ntype_1
1998	ntype_3
1999	ntype_0
2000	ntype_2
2001	ntype_0
2002	ntype_0
2003	ntype_1
2004	ntype_0
2005	ntype_3
2006	ntype_3
2007	ntype_3
2008	ntype_2
2009	ntype_2
2010	ntype_2
2011	ntype_3
2012	ntype_3
2013	ntype_1
2014	ntype_3
2015	ntype_1
2016	ntype_0
2017	ntype_0
2018	ntype_1
2019	ntype_3
2020	ntype_0
2021	ntype_3
2022	ntype_1
2023	ntype_3
2024	ntype_2
2025	ntype_2
2026	ntype_1
2027	ntype_1
2028	ntype_3
2029	ntype_3
2030	ntype_3
2031	ntype_2
2032	ntype_3
2033	ntype_3
2034	ntype_3
2035	ntype_2
2036	ntype_3
2037	ntype_0
2038	ntype_3
2039	ntype_0
2040	ntype_0
2041	ntype_3
2042	ntype_1
2043	ntype_0
2044	ntype_2
2045	ntype_1
2046	ntype_2
2047	ntype_0
2048	ntype_1
2049	ntype_3
2050	ntype_0
2051	ntype_0
2052	ntype_1
2053	ntype_3
2054	ntype_3
2055	ntype_0
2056	ntype_1
2057	ntype_2
2058	ntype_0
2059	ntype_2
2060	ntype_1
2061	ntype_0
2062	ntype_2
2063	ntype_0
2064	ntype_2
2065	ntype_3
2066	ntype_0
2067	ntype_1
2068	ntype_0
2069	ntype_1
2070	ntype_1
2071	ntype_0
2072	ntype_0
2073	ntype_1
2074	ntype_0
2075	ntype_1
2076	ntype_3
2077	ntype_1
2078	ntype_1
2079	ntype_1
2080	ntype_1
2081	ntype_1
2082	ntype_3
2083	ntype_2
2084	ntype_0
2085	ntype_3
2086	ntype_1
2087	ntype_0
2088	ntype_2
2089	ntype_1
2090	ntype_0
2091	ntype_3
2092	ntype_0
2093	ntype_2
2094	ntype_1
2095	ntype_0
2096	ntype_0
2097	ntype_2
2098	ntype_2
2099	ntype_3
2100	ntype_2
2101	ntype_2
2102	ntype_1
2103	ntype_1
2104	ntype_1
2105	ntype_2
2106	ntype_0
2107	ntype_3
2108	ntype_3
2109	ntype_3
2110	ntype_1
2111	ntype_0
2112	ntype_0
2113	ntype_3
2114	ntype_3
2115	ntype_1
2116	ntype_0
2117	ntype_3
2118	ntype_2
2119	ntype_3
2120	ntype_2
2121	ntype_1
2122	ntype_0
2123	ntype_1
2124	ntype_3
2125	ntype_0
2126	ntype_0
2127	ntype_0
2128	ntype_2
2129	ntype_0
2130	ntype_0
2131	ntype_2
2132	ntype_2
2133	ntype_2
2134	ntype_2
2135	ntype_1
2136	ntype_0
2137	ntype_1
2138	ntype_2
2139	ntype_0
2140	ntype_1
2141	ntype_0
2142	ntype_1
2143	ntype_3
2144	ntype_2
2145	ntype_2
2146	ntype_2
2147	ntype_3
2148	ntype_2
2149	ntype_3
2150	ntype_2
2151	ntype_1
2152	ntype_2
2153	ntype_1
2154	ntype_0
2155	ntype_3
2156	ntype_2
2157	ntype_3
2158	ntype_1
2159	ntype_3
2160	ntype_3
2161	ntype_0
2162	ntype_0
2163	ntype_2
2164	ntype_1
2165	ntype_2
2166	ntype_1
2167	ntype_1
2168	ntype_0
2169	ntype_0
2170	ntype_1
2171	ntype_2
2172	ntype_3
2173	ntype_1
2174	ntype_1
2175	ntype_3
2176	ntype_2
2177	ntype_2
2178	ntype_0
2179	ntype_2
2180	ntype_0
2181	ntype_0
2182	ntype_1
2183	ntype_1
2184	ntype_1
2185	ntype_2
2186	ntype_1
2187	ntype_0
2188	ntype_1
2189	ntype_0
2190	ntype_3
2191	ntype_1
2192	ntype_2
2193	ntype_1
2194	ntype_3
2195	ntype_1
2196	ntype_1
2197	ntype_2
2198	ntype_3
2199	ntype_1
2200	ntype_0
2201	ntype_1
2202	ntype_1
2203	ntype_2
2204	ntype_2
2205	ntype_0
2206	ntype_0
2207	ntype_2
2208	ntype_2
2209	ntype_3
2210	ntype_1
2211	ntype_1
2212	ntype_1
2213	ntype_2
2214	ntype_1
2215	ntype_1
2216	ntype_0
2217	ntype_1
2218	ntype_1
2219	ntype_2
2220	ntype_0
2221	ntype_0
2222	ntype_0
2223	ntype_0
2224	ntype_0
2225	ntype_2
2226	ntype_2
2227	ntype_2
2228	ntype_2
2229	ntype_3
2230	ntype_3
2231	ntype_3
2232	ntype_2
2233	ntype_3
2234	ntype_3
2235	ntype_0
2236	ntype_0
2237	ntype_3
2238	ntype_3
2239	ntype_3
2240	ntype_2
2241	ntype_2
2242	ntype_3
2243	ntype_0
2244	ntype_1
2245	ntype_1
2246	ntype_1
2247	ntype_3
2248	ntype_0
2249	ntype_3
2250	ntype_3
2251	ntype_2
2252	ntype_2
2253	ntype_3
2254	ntype_1
2255	ntype_0
2256	ntype_1
2257	ntype_3
2258	ntype_2
2259	ntype_2
2260	ntype_2
2261	ntype_0
2262	ntype_1
2263	ntype_2
2264	ntype_0
2265	ntype_3
2266	ntype_1
2267	ntype_2
2268	ntype_3
2269	ntype_3
2270	ntype_0
2271	ntype_2
2272	ntype_2
2273	ntype_0
2274	ntype_3
2275	ntype_2
2276	ntype_3
2277	ntype_1
2278	ntype_1
2279	ntype_1
2280	ntype_1
2281	ntype_0
2282	ntype_1
2283	ntype_2
2284	ntype_0
2285	ntype_0
2286	ntype_0
2287	ntype_2
2288	ntype_1
2289	ntype_1
2290	ntype_1
2291	ntype_0
2292	ntype_0
2293	ntype_1
2294	ntype_3
2295	ntype_1
2296	ntype_3
2297	ntype_2
2298	ntype_0
2299	ntype_2
2300	ntype_3
2301	ntype_3
2302	ntype_0
2303	ntype_0
2304	ntype_1
2305	ntype_2
2306	ntype_1
2307	ntype_2
2308	ntype_0
2309	ntype_2
2310	ntype_3
2311	ntype_3
2312	ntype_2
2313	ntype_0
2314	ntype_1
2315	ntype_1
2316	ntype_0
2317	ntype_0
2318	ntype_0
2319	ntype_1
2320	ntype_3
2321	ntype_3
2322	ntype_0
2323	ntype_1
2324	ntype_2
2325	ntype_3
2326	ntype_3
2327	ntype_2
2328	ntype_3
2329	ntype_2
2330	ntype_0
2331	ntype_3
2332	ntype_3
2333	ntype_2
2334	ntype_0
2335	ntype_2
2336	ntype_0
2337	ntype_1
2338	ntype_0
2339	ntype_0
2340	ntype_0
2341	ntype_1
2342	ntype_2
2343	ntype_2
2344	ntype_2
2345	ntype_3
2346	ntype_0
2347	ntype_2
2348	ntype_2
2349	ntype_3
2350	ntype_1
2351	ntype_0
2352	ntype_0
2353	ntype_0
2354	ntype_0
2355	ntype_1
2356	ntype_3
2357	ntype_0
2358	ntype_1
2359	ntype_1
2360	ntype_3
2361	ntype_3
2362	ntype_2
2363	ntype_0
2364	ntype_0
2365	ntype_2
2366	ntype_2
2367	ntype_2
2368	ntype_1
2369	ntype_1
2370	ntype_3
2371	ntype_3
2372	ntype_3
2373	ntype_3
2374	ntype_0
2375	ntype_2
2376	ntype_2
2377	ntype_3
2378	ntype_2
2379	ntype_3
2380	ntype_0
2381	ntype_2
2382	ntype_0
2383	ntype_3
2384	ntype_2
2385	ntype_2
2386	ntype_0
2387	ntype_1
2388	ntype_0
2389	ntype_3
2390	ntype_1
2391	ntype_1
2392	ntype_0
2393	ntype_3
2394	ntype_3
2395	ntype_1
2396	ntype_3
2397	ntype_0
2398	ntype_1
2399	ntype_3
2400	ntype_2
2401	ntype_3
2402	ntype_3
2403	ntype_2
2404	ntype_3
2405	ntype_1
2406	ntype_3
2407	ntype_0
2408	ntype_1
2409	ntype_0
2410	ntype_2
2411	ntype_0
2412	ntype_0
2413	ntype_2
2414	ntype_3
2415	ntype_0
2416	ntype_0
2417	ntype_1
2418	ntype_2
2419	ntype_1
2420	ntype_0
2421	ntype_0
2422	ntype_1
2423	ntype_0
2424	ntype_2
2425	ntype_3
2426	ntype_2
2427	ntype_1
2428	ntype_1
2429	ntype_1
2430	ntype_1
2431	ntype_2
2432	ntype_0
2433	ntype_1
2434	ntype_3
2435	ntype_3
2436	ntype_0
2437	ntype_3
2438	ntype_1
2439	ntype_0
2440	ntype_2
2441	ntype_0
2442	ntype_2
2443	ntype_1
2444	ntype_0
2445	ntype_0
2446	ntype_0
2447	ntype_0
2448	ntype_1
2449	ntype_3
2450	ntype_1
2451	ntype_0
2452	ntype_0
2453	ntype_1
2454	ntype_1
2455	ntype_3
2456	ntype_1
2457	ntype_0
2458	ntype_2
2459	ntype_0
2460	ntype_1
2461	ntype_2
2462	ntype_1
2463	ntype_1
2464	ntype_0
2465	ntype_2
2466	ntype_0
2467	ntype_3
2468	ntype_2
2469	ntype_0
2470	ntype_1
2471	ntype_1
2472	ntype_2
2473	ntype_1
2474	ntype_2
2475	ntype_2
2476	ntype_3
2477	ntype_2
2478	ntype_2
2479	ntype_3
2480	ntype_1
2481	ntype_2
2482	ntype_3
2483	ntype_3
2484	ntype_3
2485	ntype_3
2486	ntype_3
2487	ntype_3
2488	ntype_3
2489	ntype_2
2490	ntype_0
2491	ntype_1
2492	ntype_1
2493	ntype_1
2494	ntype_0
2495	ntype_1
2496	ntype_3
2497	ntype_1
2498	ntype_3
2499	ntype_1
2500	ntype_1
2501	ntype_0
2502	ntype_3
2503	ntype_3
2504	ntype_0
2505	ntype_2
2506	ntype_1
2507	ntype_0
2508	ntype_3
2509	ntype_1
2510	ntype_3
2511	ntype_3
2512	ntype_1
2513	ntype_2
2514	ntype_3
2515	ntype_3
2516	ntype_3
2517	ntype_1
2518	ntype_3
2519	ntype_2
2520	ntype_2
2521	ntype_3
2522	ntype_0
2523	ntype_2
2524	ntype_0
2525	ntype_3
2526	ntype_3
2527	ntype_0
2528	ntype_3
2529	ntype_2
2530	ntype_1
2531	ntype_1
2532	ntype_2
2533	ntype_0
2534	ntype_3
2535	ntype_1
2536	ntype_1
2537	ntype_1
2538	ntype_1
2539	ntype_1
2540	ntype_0
2541	ntype_2
2542	ntype_2
2543	ntype_0
2544	ntype_0
2545	ntype_3
2546	ntype_3
2547	ntype_3
2548	ntype_1
2549	ntype_2
2550	ntype_2
2551	ntype_1
2552	ntype_0
2553	ntype_3
2554	ntype_2
2555	ntype_2
2556	ntype_0
2557	ntype_0
2558	ntype_1
2559	ntype_1
2560	ntype_0
2561	ntype_2
2562	ntype_0
2563	ntype_1
2564	ntype_2
2565	ntype_0
2566	ntype_0
2567	ntype_3
2568	ntype_2
2569	ntype_0
2570	ntype_3
2571	ntype_1
2572	ntype_0
2573	ntype_0
2574	ntype_2
2575	ntype_3
2576	ntype_1
2577	ntype_1
2578	ntype_1
2579	ntype_1
2580	ntype_0
2581	ntype_0
2582	ntype_2
2583	ntype_1
2584	ntype_3
2585	ntype_2
2586	ntype_0
2587	ntype_3
2588	ntype_0
2589	ntype_3
2590	ntype_3
2591	ntype_3
2592	ntype_3
2593	ntype_0
2594	ntype_2
2595	ntype_2
2596	ntype_3
2597	ntype_3
2598	ntype_2
2599	ntype_3
2600	ntype_0
2601	ntype_3
2602	ntype_0
2603	ntype_3
2604	ntype_0
2605	ntype_2
2606	ntype_0
2607	ntype_0
2608	ntype_1
2609	ntype_3
2610	ntype_0
2611	ntype_0
2612	ntype_1
2613	ntype_0
2614	ntype_3
2615	ntype_0
2616	ntype_1
2617	ntype_3
2618	ntype_3
2619	ntype_0
2620	ntype_3
2621	ntype_0
2622	ntype_2
2623	ntype_0
2624	ntype_3
2625	ntype_3
2626	ntype_2
2627	ntype_3
2628	ntype_0
2629	ntype_2
2630	ntype_0
2631	ntype_0
2632	ntype_0
2633	ntype_0
2634	ntype_0
2635	ntype_1
2636	ntype_2
2637	ntype_0
2638	ntype_2
2639	ntype_2
2640	ntype_3
2641	ntype_3
2642	ntype_2
2643	ntype_1
2644	ntype_0
2645	ntype_2
2646	ntype_2
2647	ntype_2
2648	ntype_3
2649	ntype_3
2650	ntype_0
2651	ntype_1
2652	ntype_0
2653	ntype_2
2654	ntype_2
2655	ntype_2
2656	ntype_3
2657	ntype_1
2658	ntype_1
2659	ntype_3
2660	ntype_3
2661	ntype_1
2662	ntype_3
2663	ntype_0
2664	ntype_2
2665	ntype_0
2666	ntype_3
2667	ntype_0
2668	ntype_2
2669	ntype_2
2670	ntype_3
2671	ntype_0
2672	ntype_3
2673	ntype_1
2674	ntype_2
2675	ntype_3
2676	ntype_2
2677	ntype_3
2678	ntype_1
2679	ntype_1
2680	ntype_1
2681	ntype_3
2682	ntype_1
2683	ntype_1
2684	ntype_2
2685	ntype_3
2686	ntype_2
2687	ntype_3
2688	ntype_1
2689	ntype_3
2690	ntype_2
2691	ntype_3
2692	ntype_1
2693	ntype_3
2694	ntype_0
2695	ntype_3
2696	ntype_2
2697	ntype_3
2698	ntype_3
2699	ntype_2
2700	ntype_2
2701	ntype_2
2702	ntype_0
2703	ntype_3
2704	ntype_2
2705	ntype_1
2706	ntype_0
2707	ntype_0
2708	ntype_3
2709	ntype_0
2710	ntype_1
2711	ntype_0
2712	ntype_3
2713	ntype_0
2714	ntype_0
2715	ntype_2
2716	ntype_3
2717	ntype_0
2718	ntype_0
2719	ntype_1
2720	ntype_1
2721	ntype_0
2722	ntype_3
2723	ntype_0
2724	ntype_0
2725	ntype_1
2726	ntype_0
2727	ntype_3
2728	ntype_3
2729	ntype_1
2730	ntype_1
2731	ntype_0
2732	ntype_2
2733	ntype_0
2734	ntype_2
2735	ntype_0
2736	ntype_0
2737	ntype_0
2738	ntype_1
2739	ntype_3
2740	ntype_0
2741	ntype_1
2742	ntype_0
2743	ntype_0
2744	ntype_1
2745	ntype_0
2746	ntype_1
2747	ntype_1
2748	ntype_2
2749	ntype_1
2750	ntype_1
2751	ntype_0
2752	ntype_2
2753	ntype_1
2754	ntype_1
2755	ntype_1
2756	ntype_2
2757	ntype_1
2758	ntype_0
2759	ntype_3
2760	ntype_0
2761	ntype_2
2762	ntype_0
2763	ntype_2
2764	ntype_3
2765	ntype_2
2766	ntype_0
2767	ntype_2
2768	ntype_1
2769	ntype_0
2770	ntype_3
2771	ntype_2
2772	ntype_3
2773	ntype_0
2774	ntype_0
2775	ntype_1
2776	ntype_3
2777	ntype_3
2778	ntype_2
2779	ntype_0
2780	ntype_0
2781	ntype_1
2782	ntype_0
2783	ntype_3
2784	ntype_1
2785	ntype_1
2786	ntype_1
2787	ntype_1
2788	ntype_1
2789	ntype_0
2790	ntype_3
2791	ntype_3
2792	ntype_1
2793	ntype_2
2794	ntype_2
2795	ntype_1
2796	ntype_2
2797	ntype_1
2798	ntype_0
2799	ntype_0
2800	ntype_0
2801	ntype_2
2802	ntype_2
2803	ntype_0
2804	ntype_3
2805	ntype_3
2806	ntype_1
2807	ntype_2
2808	ntype_2
2809	ntype_3
2810	ntype_0
2811	ntype_1
2812	ntype_3
2813	ntype_3
2814	ntype_3
2815	ntype_3
2816	ntype_2
2817	ntype_3
2818	ntype_1
2819	ntype_1
2820	ntype_2
2821	ntype_3
2822	ntype_1
2823	ntype_3
2824	ntype_1
2825	ntype_1
2826	ntype_0
2827	ntype_1
2828	ntype_1
2829	ntype_0
2830	ntype_2
2831	ntype_0
2832	ntype_3
2833	ntype_1
2834	ntype_2
2835	ntype_0
2836	ntype_1
2837	ntype_1
2838	ntype_2
2839	ntype_3
2840	ntype_3
2841	ntype_2
2842	ntype_2
2843	ntype_1
2844	ntype_3
2845	ntype_1
2846	ntype_2
2847	ntype_0
2848	ntype_1
2849	ntype_3
2850	ntype_1
2851	ntype_3
2852	ntype_3
2853	ntype_2
2854	ntype_1
2855	ntype_1
2856	ntype_3
2857	ntype_3
2858	ntype_0
2859	ntype_3
2860	ntype_0
2861	ntype_2
2862	ntype_1
2863	ntype_1
2864	ntype_1
2865	ntype_1
2866	ntype_2
2867	ntype_1
2868	ntype_2
2869	ntype_1
2870	ntype_3
2871	ntype_1
2872	ntype_3
2873	ntype_1
2874	ntype_3
2875	ntype_3
2876	ntype_0
2877	ntype_3
2878	ntype_0
2879	ntype_2
2880	ntype_1
2881	ntype_1
2882	ntype_0
2883	ntype_3
2884	ntype_1
2885	ntype_1
2886	ntype_3
2887	ntype_0
2888	ntype_0
2889	ntype_2
2890	ntype_1
2891	ntype_3
2892	ntype_0
2893	ntype_3
2894	ntype_2
2895	ntype_1
2896	ntype_1
2897	ntype_1
2898	ntype_2
2899	ntype_0
2900	ntype_3
2901	ntype_2
2902	ntype_0
2903	ntype_1
2904	ntype_0
2905	ntype_2
2906	ntype_3
2907	ntype_1
2908	ntype_2
2909	ntype_2
2910	ntype_3
2911	ntype_0
2912	ntype_0
2913	ntype_2
2914	ntype_2
2915	ntype_2
2916	ntype_2
2917	ntype_3
2918	ntype_1
2919	ntype_0
2920	ntype_0
2921	ntype_1
2922	ntype_2
2923	ntype_3
2924	ntype_2
2925	ntype_0
2926	ntype_0
2927	ntype_3
2928	ntype_0
2929	ntype_3
2930	ntype_0
2931	ntype_3
2932	ntype_1
2933	ntype_2
2934	ntype_3
2935	ntype_0
2936	ntype_0
2937	ntype_0
2938	ntype_0
2939	ntype_0
2940	ntype_3
2941	ntype_0
2942	ntype_2
2943	ntype_2
2944	ntype_3
2945	ntype_0
2946	ntype_2
2947	ntype_0
2948	ntype_1
2949	ntype_0
2950	ntype_0
2951	ntype_2
2952	ntype_0
2953	ntype_2
2954	ntype_3
2955	ntype_1
2956	ntype_1
2957	ntype_1
2958	ntype_1
2959	ntype_3
2960	ntype_3
2961	ntype_3
2962	ntype_1
2963	ntype_1
2964	ntype_3
2965	ntype_3
2966	ntype_3
2967	ntype_1
2968	ntype_1
2969	ntype_0
2970	ntype_2
2971	ntype_0
2972	ntype_2
2973	ntype_1
2974	ntype_2
2975	ntype_1
2976	ntype_0
2977	ntype_2
2978	ntype_1
2979	ntype_3
2980	ntype_3
2981	ntype_3
2982	ntype_1
2983	ntype_0
2984	ntype_1
2985	ntype_0
2986	ntype_0
2987	ntype_0
2988	ntype_2
2989	ntype_3
2990	ntype_3
2991	ntype_1
2992	ntype_3
2993	ntype_3
2994	ntype_3
2995	ntype_3
2996	ntype_1
2997	ntype_0
2998	ntype_3
2999	ntype_0
3000	ntype_2
3001	ntype_0
3002	ntype_3
3003	ntype_0
3004	ntype_3
3005	ntype_3
3006	ntype_1
3007	ntype_1
3008	ntype_2
3009	ntype_2
3010	ntype_3
3011	ntype_3
3012	ntype_2
3013	ntype_2
3014	ntype_3
3015	ntype_3
3016	ntype_2
3017	ntype_0
3018	ntype_3
3019	ntype_3
3020	ntype_3
3021	ntype_1
3022	ntype_2
3023	ntype_2
3024	ntype_2
3025	ntype_2
3026	ntype_0
3027	ntype_1
3028	ntype_0
3029	ntype_2
3030	ntype_0
3031	ntype_2
3032	ntype_2
3033	ntype_0
3034	ntype_1
3035	ntype_0
3036	ntype_1
3037	ntype_3
3038	ntype_1
3039	ntype_1
3040	ntype_1
3041	ntype_1
3042	ntype_0
3043	ntype_1
3044	ntype_3
3045	ntype_3
3046	ntype_2
3047	ntype_3
3048	ntype_3
3049	ntype_3
3050	ntype_1
3051	ntype_0
3052	ntype_0
3053	ntype_3
3054	ntype_3
3055	ntype_1
3056	ntype_3
3057	ntype_2
3058	ntype_3
3059	ntype_3
3060	ntype_2
3061	ntype_2
3062	ntype_1
3063	ntype_0
3064	ntype_0
3065	ntype_0
3066	ntype_0
3067	ntype_3
3068	ntype_3
3069	ntype_0
3070	ntype_3
3071	ntype_1
3072	ntype_1
3073	ntype_3
3074	ntype_1
3075	ntype_2
3076	ntype_1
3077	ntype_0
3078	ntype_2
3079	ntype_1
3080	ntype_1
3081	ntype_0
3082	ntype_2
3083	ntype_0
3084	ntype_2
3085	ntype_3
3086	ntype_0
3087	ntype_0
3088	ntype_1
3089	ntype_0
3090	ntype_3
3091	ntype_0
3092	ntype_2
3093	ntype_0
3094	ntype_0
3095	ntype_2
3096	ntype_1
3097	ntype_1
3098	ntype_2
3099	ntype_3
3100	ntype_1
3101	ntype_1
3102	ntype_2
3103	ntype_0
3104	ntype_1
3105	ntype_3
3106	ntype_2
3107	ntype_1
3108	ntype_1
3109	ntype_2
3110	ntype_3
3111	ntype_0
3112	ntype_1
3113	ntype_2
3114	ntype_0
3115	ntype_1
3116	ntype_3
3117	ntype_1
3118	ntype_1
3119	ntype_3
3120	ntype_0
3121	ntype_1
3122	ntype_3
3123	ntype_1
3124	ntype_1
3125	ntype_0
3126	ntype_0
3127	ntype_1
3128	ntype_2
3129	ntype_1
3130	ntype_0
3131	ntype_3
3132	ntype_2
3133	ntype_2
3134	ntype_2
3135	ntype_1
3136	ntype_2
3137	ntype_1
3138	ntype_3
3139	ntype_2
3140	ntype_3
3141	ntype_3
3142	ntype_3
3143	ntype_0
3144	ntype_0
3145	ntype_1
3146	ntype_0
3147	ntype_1
3148	ntype_3
3149	ntype_2
3150	ntype_3
3151	ntype_2
3152	ntype_3
3153	ntype_3
3154	ntype_1
3155	ntype_2
3156	ntype_3
3157	ntype_0
3158	ntype_2
3159	ntype_1
3160	ntype_2
3161	ntype_3
3162	ntype_0
3163	ntype_0
3164	ntype_1
3165	ntype_1
3166	ntype_1
3167	ntype_1
3168	ntype_0
3169	ntype_1
3170	ntype_2
3171	ntype_2
3172	ntype_1
3173	ntype_3
3174	ntype_1
3175	ntype_1
3176	ntype_0
3177	ntype_2
3178	ntype_0
3179	ntype_3
3180	ntype_0
3181	ntype_3
3182	ntype_0
3183	ntype_3
3184	ntype_2
3185	ntype_0
3186	ntype_2
3187	ntype_2
3188	ntype_2
3189	ntype_0
3190	ntype_0
3191	ntype_1
3192	ntype_3
3193	ntype_2
3194	ntype_1
3195	ntype_3
3196	ntype_2
3197	ntype_0
3198	ntype_1
3199	ntype_3
3200	ntype_2
3201	ntype_2
3202	ntype_1
3203	ntype_3
3204	ntype_0
3205	ntype_2
3206	ntype_2
3207	ntype_1
3208	ntype_3
3209	ntype_0
3210	ntype_3
3211	ntype_0
3212	ntype_3
3213	ntype_0
3214	ntype_1
3215	ntype_0
3216	ntype_2
3217	ntype_1
3218	ntype_2
3219	ntype_2
3220	ntype_0
3221	ntype_1
3222	ntype_0
3223	ntype_3
3224	ntype_2
3225	ntype_2
3226	ntype_0
3227	ntype_0
3228	ntype_1
3229	ntype_2
3230	ntype_3
3231	ntype_3
3232	ntype_3
3233	ntype_0
3234	ntype_3
3235	ntype_0
3236	ntype_1
3237	ntype_1
3238	ntype_2
3239	ntype_2
3240	ntype_2
3241	ntype_3
3242	ntype_2
3243	ntype_0
3244	ntype_0
3245	ntype_1
3246	ntype_0
3247	ntype_3
3248	ntype_0
3249	ntype_1
3250	ntype_2
3251	ntype_0
3252	ntype_2
3253	ntype_2
3254	ntype_2
3255	ntype_2
3256	ntype_2
3257	ntype_2
3258	ntype_3
3259	ntype_2
3260	ntype_1
3261	ntype_3
3262	ntype_0
3263	ntype_3
3264	ntype_2
3265	ntype_2
3266	ntype_2
3267	ntype_3
3268	ntype_0
3269	ntype_3
3270	ntype_0
3271	ntype_2
3272	ntype_1
3273	ntype_3
3274	ntype_0
3275	ntype_3
3276	ntype_2
3277	ntype_3
3278	ntype_2
3279	ntype_0
3280	ntype_0
3281	ntype_1
3282	ntype_0
3283	ntype_0
3284	ntype_0
3285	ntype_1
3286	ntype_1
3287	ntype_2
3288	ntype_3
3289	ntype_3
3290	ntype_1
3291	ntype_3
3292	ntype_1
3293	ntype_2
3294	ntype_0
3295	ntype_3
3296	ntype_3
3297	ntype_3
3298	ntype_2
3299	ntype_2
3300	ntype_3
3301	ntype_1
3302	ntype_1
3303	ntype_1
3304	ntype_1
3305	ntype_0
3306	ntype_1
3307	ntype_2
3308	ntype_0
3309	ntype_3
3310	ntype_1
3311	ntype_3
3312	ntype_1
3313	ntype_2
3314	ntype_3
3315	ntype_2
3316	ntype_0
3317	ntype_2
3318	ntype_0
3319	ntype_1
3320	ntype_1
3321	ntype_1
3322	ntype_1
3323	ntype_2
3324	ntype_1
3325	ntype_1
3326	ntype_1
3327	ntype_2
3328	ntype_2
3329	ntype_0
3330	ntype_2
3331	ntype_1
3332	ntype_0
3333	ntype_3
3334	ntype_1
3335	ntype_0
3336	ntype_3
3337	ntype_0
3338	ntype_0
3339	ntype_1
3340	ntype_2
3341	ntype_1
3342	ntype_2
3343	ntype_2
3344	ntype_0
3345	ntype_3
3346	ntype_2
3347	ntype_1
3348	ntype_2
3349	ntype_0
3350	ntype_3
3351	ntype_3
3352	ntype_1
3353	ntype_0
3354	ntype_0
3355	ntype_0
3356	ntype_3
3357	ntype_3
3358	ntype_1
3359	ntype_2
3360	ntype_1
3361	ntype_1
3362	ntype_1
3363	ntype_1
3364	ntype_2
3365	ntype_0
3366	ntype_2
3367	ntype_0
3368	ntype_3
3369	ntype_2
3370	ntype_2
3371	ntype_3
3372	ntype_1
3373	ntype_3
3374	ntype_2
3375	ntype_1
3376	ntype_0
3377	ntype_2
3378	ntype_2
3379	ntype_2
3380	ntype_3
3381	ntype_3
3382	ntype_2
3383	ntype_0
3384	ntype_1
3385	ntype_1
3386	ntype_0
3387	ntype_1
3388	ntype_1
3389	ntype_1
3390	ntype_0
3391	ntype_0
3392	ntype_2
3393	ntype_0
3394	ntype_2
3395	ntype_3
3396	ntype_3
3397	ntype_3
3398	ntype_2
3399	ntype_3
3400	ntype_0
3401	ntype_0
3402	ntype_0
3403	ntype_1
3404	ntype_1
3405	ntype_2
3406	ntype_2
3407	ntype_2
3408	ntype_0
3409	ntype_3
3410	ntype_1
3411	ntype_0
3412	ntype_0
3413	ntype_2
3414	ntype_0
3415	ntype_0
3416	ntype_0
3417	ntype_1
3418	ntype_0
3419	ntype_3
3420	ntype_2
3421	ntype_0
3422	ntype_0
3423	ntype_1
3424	ntype_0
3425	ntype_3
3426	ntype_0
3427	ntype_2
3428	ntype_3
3429	ntype_2
3430	ntype_0
3431	ntype_2
3432	ntype_3
3433	ntype_3
3434	ntype_1
3435	ntype_0
3436	ntype_1
3437	ntype_3
3438	ntype_1
3439	ntype_3
3440	ntype_2
3441	ntype_3
3442	ntype_3
3443	ntype_0
3444	ntype_0
3445	ntype_0
3446	ntype_3
3447	ntype_0
3448	ntype_1
3449	ntype_3
3450	ntype_1
3451	ntype_0
3452	ntype_0
3453	ntype_3
3454	ntype_2
3455	ntype_2
3456	ntype_1
3457	ntype_1
3458	ntype_2
3459	ntype_0
3460	ntype_2
3461	ntype_1
3462	ntype_3
3463	ntype_2
3464	ntype_2
3465	ntype_3
3466	ntype_0
3467	ntype_3
3468	ntype_2
3469	ntype_3
3470	ntype_0
3471	ntype_0
3472	ntype_0
3473	ntype_0
3474	ntype_2
3475	ntype_3
3476	ntype_0
3477	ntype_2
3478	ntype_2
3479	ntype_3
3480	ntype_0
3481	ntype_3
3482	ntype_1
3483	ntype_1
3484	ntype_1
3485	ntype_0
3486	ntype_0
3487	ntype_3
3488	ntype_0
3489	ntype_0
3490	ntype_2
3491	ntype_3
3492	ntype_3
3493	ntype_2
3494	ntype_3
3495	ntype_0
3496	ntype_2
3497	ntype_0
3498	ntype_2
3499	ntype_3
3500	ntype_2
3501	ntype_0
3502	ntype_2
3503	ntype_1
3504	ntype_1
3505	ntype_2
3506	ntype_3
3507	ntype_3
3508	ntype_0
3509	ntype_0
3510	ntype_1
3511	ntype_0
3512	ntype_0
3513	ntype_0
3514	ntype_3
3515	ntype_1
3516	ntype_0
3517	ntype_0
3518	ntype_1
3519	ntype_1
3520	ntype_0
3521	ntype_0
3522	ntype_1
3523	ntype_0
3524	ntype_0
3525	ntype_2
3526	ntype_1
3527	ntype_0
3528	ntype_0
3529	ntype_0
3530	ntype_0
3531	ntype_3
3532	ntype_2
3533	ntype_3
3534	ntype_1
3535	ntype_1
3536	ntype_2
3537	ntype_2
3538	ntype_1
3539	ntype_1
3540	ntype_3
3541	ntype_0
3542	ntype_2
3543	ntype_3
3544	ntype_2
3545	ntype_0
3546	ntype_2
3547	ntype_3
3548	ntype_3
3549	ntype_2
3550	ntype_2
3551	ntype_1
3552	ntype_2
3553	ntype_3
3554	ntype_2
3555	ntype_0
3556	ntype_2
3557	ntype_2
3558	ntype_2
3559	ntype_2
3560	ntype_1
3561	ntype_1
3562	ntype_0
3563	ntype_3
3564	ntype_0
3565	ntype_0
3566	ntype_1
3567	ntype_3
3568	ntype_0
3569	ntype_2
3570	ntype_3
3571	ntype_2
3572	ntype_3
3573	ntype_0
3574	ntype_1
3575	ntype_0
3576	ntype_1
3577	ntype_2
3578	ntype_2
3579	ntype_2
3580	ntype_3
3581	ntype_0
3582	ntype_0
3583	ntype_3
3584	ntype_2
3585	ntype_3
3586	ntype_1
3587	ntype_2
3588	ntype_1
3589	ntype_0
3590	ntype_1
3591	ntype_0
3592	ntype_2
3593	ntype_0
3594	ntype_3
3595	ntype_0
3596	ntype_3
3597	ntype_1
3598	ntype_2
3599	ntype_1
3600	ntype_2
3601	ntype_2
3602	ntype_1
3603	ntype_1
3604	ntype_2
3605	ntype_0
3606	ntype_1
3607	ntype_3
3608	ntype_2
3609	ntype_0
3610	ntype_0
3611	ntype_0
3612	ntype_3
3613	ntype_1
3614	ntype_1
3615	ntype_0
3616	ntype_1
3617	ntype_1
3618	ntype_2
3619	ntype_3
3620	ntype_3
3621	ntype_2
3622	ntype_2
3623	ntype_2
3624	ntype_1
3625	ntype_1
3626	ntype_2
3627	ntype_2
3628	ntype_1
3629	ntype_0
3630	ntype_2
3631	ntype_2
3632	ntype_3
3633	ntype_2
3634	ntype_1
3635	ntype_0
3636	ntype_1
3637	ntype_0
3638	ntype_2
3639	ntype_2
3640	ntype_1
3641	ntype_3
3642	ntype_1
3643	ntype_3
3644	ntype_3
3645	ntype_2
3646	ntype_0
3647	ntype_0
3648	ntype_0
3649	ntype_2
3650	ntype_1
3651	ntype_0
3652	ntype_0
3653	ntype_2
3654	ntype_2
3655	ntype_0
3656	ntype_2
3657	ntype_0
3658	ntype_2
3659	ntype_2
3660	ntype_0
3661	ntype_0
3662	ntype_2
3663	ntype_3
3664	ntype_2
3665	ntype_2
3666	ntype_1
3667	ntype_3
3668	ntype_2
3669	ntype_0
3670	ntype_1
3671	ntype_2
3672	ntype_1
3673	ntype_3
3674	ntype_1
3675	ntype_1
3676	ntype_3
3677	ntype_0
3678	ntype_2
3679	ntype_2
3680	ntype_3
3681	ntype_2
3682	ntype_1
3683	ntype_2
3684	ntype_3
3685	ntype_0
3686	ntype_3
3687	ntype_3
3688	ntype_1
3689	ntype_2
3690	ntype_2
3691	ntype_0
3692	ntype_2
3693	ntype_1
3694	ntype_3
3695	ntype_2
3696	ntype_3
3697	ntype_0
3698	ntype_1
3699	ntype_2
3700	ntype_0
3701	ntype_2
3702	ntype_1
3703	ntype_3
3704	ntype_0
3705	ntype_0
3706	ntype_2
3707	ntype_2
3708	ntype_1
3709	ntype_2
3710	ntype_0
3711	ntype_0
3712	ntype_2
3713	ntype_2
3714	ntype_0
3715	ntype_1
3716	ntype_1
3717	ntype_1
3718	ntype_3
3719	ntype_0
3720	ntype_1
3721	ntype_0
3722	ntype_3
3723	ntype_1
3724	ntype_1
3725	ntype_0
3726	ntype_1
3727	ntype_2
3728	ntype_0
3729	ntype_0
3730	ntype_1
3731	ntype_3
3732	ntype_0
3733	ntype_1
3734	ntype_0
3735	ntype_2
3736	ntype_0
3737	ntype_3
3738	ntype_3
3739	ntype_3
3740	ntype_0
3741	ntype_1
3742	ntype_3
3743	ntype_0
3744	ntype_1
3745	ntype_1
3746	ntype_2
3747	ntype_1
3748	ntype_3
3749	ntype_3
3750	ntype_1
3751	ntype_2
3752	ntype_3
3753	ntype_2
3754	ntype_1
3755	ntype_2
3756	ntype_0
3757	ntype_3
3758	ntype_2
3759	ntype_0
3760	ntype_2
3761	ntype_0
3762	ntype_0
3763	ntype_2
3764	ntype_0
3765	ntype_3
3766	ntype_1
3767	ntype_0
3768	ntype_0
3769	ntype_2
3770	ntype_0
3771	ntype_2
3772	ntype_0
3773	ntype_2
3774	ntype_1
3775	ntype_3
3776	ntype_3
3777	ntype_3
3778	ntype_3
3779	ntype_0
3780	ntype_3
3781	ntype_3
3782	ntype_1
3783	ntype_1
3784	ntype_2
3785	ntype_1
3786	ntype_2
3787	ntype_2
3788	ntype_1
3789	ntype_2
3790	ntype_1
3791	ntype_0
3792	ntype_3
3793	ntype_1
3794	ntype_3
3795	ntype_1
3796	ntype_1
3797	ntype_1
3798	ntype_0
3799	ntype_2
3800	ntype_3
3801	ntype_0
3802	ntype_3
3803	ntype_3
3804	ntype_1
3805	ntype_3
3806	ntype_1
3807	ntype_3
3808	ntype_2
3809	ntype_0
3810	ntype_1
3811	ntype_1
3812	ntype_0
3813	ntype_2
3814	ntype_0
3815	ntype_0
3816	ntype_2
3817	ntype_0
3818	ntype_0
3819	ntype_1
3820	ntype_1
3821	ntype_2
3822	ntype_1
3823	ntype_3
3824	ntype_0
3825	ntype_3
3826	ntype_3
3827	ntype_3
3828	ntype_2
3829	ntype_1
3830	ntype_2
3831	ntype_2
3832	ntype_2
3833	ntype_1
3834	ntype_3
3835	ntype_3
3836	ntype_3
3837	ntype_2
3838	ntype_3
3839	ntype_0
3840	ntype_0
3841	ntype_0
3842	ntype_2
3843	ntype_1
3844	ntype_3
3845	ntype_0
3846	ntype_1
3847	ntype_3
3848	ntype_2
3849	ntype_0
3850	ntype_3
3851	ntype_1
3852	ntype_0
3853	ntype_2
3854	ntype_3
3855	ntype_0
3856	ntype_3
3857	ntype_1
3858	ntype_0
3859	ntype_0
3860	ntype_0
3861	ntype_0
3862	ntype_2
3863	ntype_1
3864	ntype_2
3865	ntype_2
3866	ntype_0
3867	ntype_0
3868	ntype_1
3869	ntype_0
3870	ntype_2
3871	ntype_0
3872	ntype_1
3873	ntype_3
3874	ntype_1
3875	ntype_0
3876	ntype_1
3877	ntype_2
3878	ntype_2
3879	ntype_0
3880	ntype_2
3881	ntype_3
3882	ntype_2
3883	ntype_3
3884	ntype_0
3885	ntype_1
3886	ntype_1
3887	ntype_2
3888	ntype_3
3889	ntype_1
3890	ntype_3
3891	ntype_0
3892	ntype_3
3893	ntype_1
3894	ntype_3
3895	ntype_2
3896	ntype_0
3897	ntype_1
3898	ntype_2
3899	ntype_3
3900	ntype_2
3901	ntype_3
3902	ntype_0
3903	ntype_3
3904	ntype_3
3905	ntype_2
3906	ntype_2
3907	ntype_0
3908	ntype_3
3909	ntype_0
3910	ntype_1
3911	ntype_2
3912	ntype_1
3913	ntype_2
3914	ntype_2
3915	ntype_3
3916	ntype_3
3917	ntype_1
3918	ntype_1
3919	ntype_3
3920	ntype_3
3921	ntype_2
3922	ntype_2
3923	ntype_0
3924	ntype_3
3925	ntype_3
3926	ntype_0
3927	ntype_0
3928	ntype_0
3929	ntype_0
3930	ntype_2
3931	ntype_2
3932	ntype_3
3933	ntype_3
3934	ntype_2
3935	ntype_2
3936	ntype_3
3937	ntype_3
3938	ntype_2
3939	ntype_3
3940	ntype_1
3941	ntype_1
3942	ntype_2
3943	ntype_0
3944	ntype_1
3945	ntype_2
3946	ntype_1
3947	ntype_3
3948	ntype_0
3949	ntype_3
3950	ntype_0
3951	ntype_1
3952	ntype_2
3953	ntype_1
3954	ntype_0
3955	ntype_0
3956	ntype_2
3957	ntype_2
3958	ntype_1
3959	ntype_2
3960	ntype_0
3961	ntype_3
3962	ntype_1
3963	ntype_0
3964	ntype_1
3965	ntype_0
3966	ntype_1
3967	ntype_1
3968	ntype_1
3969	ntype_0
3970	ntype_3
3971	ntype_0
3972	ntype_3
3973	ntype_1
3974	ntype_0
3975	ntype_1
3976	ntype_2
3977	ntype_0
3978	ntype_1
3979	ntype_1
3980	ntype_0
3981	ntype_3
3982	ntype_2
3983	ntype_0
3984	ntype_1
3985	ntype_0
3986	ntype_2
3987	ntype_2
3988	ntype_3
3989	ntype_2
3990	ntype_3
3991	ntype_3
3992	ntype_1
3993	ntype_1
3994	ntype_0
3995	ntype_0
3996	ntype_0
3997	ntype_0
3998	ntype_0
3999	ntype_1
4000	ntype_2
4001	ntype_1
4002	ntype_3
4003	ntype_3
4004	ntype_2
4005	ntype_2
4006	ntype_1
4007	ntype_2
4008	ntype_3
4009	ntype_3
4010	ntype_1
4011	ntype_1
4012	ntype_0
4013	ntype_0
4014	ntype_3
4015	ntype_2
4016	ntype_3
4017	ntype_0
4018	ntype_1
4019	ntype_3
4020	ntype_0
4021	ntype_0
4022	ntype_3
4023	ntype_1
4024	ntype_2
4025	ntype_0
4026	ntype_3
4027	ntype_3
4028	ntype_2
4029	ntype_3
4030	ntype_2
4031	ntype_0
4032	ntype_2
4033	ntype_0
4034	ntype_3
4035	ntype_2
4036	ntype_3
4037	ntype_0
4038	ntype_0
4039	ntype_3
4040	ntype_3
4041	ntype_3
4042	ntype_3
4043	ntype_1
4044	ntype_1
4045	ntype_2
4046	ntype_0
4047	ntype_3
4048	ntype_2
4049	ntype_2
4050	ntype_2
4051	ntype_2
4052	ntype_1
4053	ntype_1
4054	ntype_2
4055	ntype_0
4056	ntype_2
4057	ntype_0
4058	ntype_2
4059	ntype_0
4060	ntype_3
4061	ntype_0
4062	ntype_2
4063	ntype_0
4064	ntype_3
4065	ntype_2
4066	ntype_1
4067	ntype_0
4068	ntype_1
4069	ntype_1
4070	ntype_3
4071	ntype_1
4072	ntype_2
4073	ntype_2
4074	ntype_0
4075	ntype_0
4076	ntype_1
4077	ntype_0
4078	ntype_0
4079	ntype_3
4080	ntype_2
4081	ntype_2
4082	ntype_2
4083	ntype_2
4084	ntype_3
4085	ntype_2
4086	ntype_1
4087	ntype_0
4088	ntype_1
4089	ntype_1
4090	ntype_0
4091	ntype_3
4092	ntype_3
4093	ntype_2
4094	ntype_0
4095	ntype_3
4096	ntype_2
4097	ntype_2
4098	ntype_0
4099	ntype_0
4100	ntype_2
4101	ntype_3
4102	ntype_1
4103	ntype_2
4104	ntype_2
4105	ntype_3
4106	ntype_2
4107	ntype_2
4108	ntype_0
4109	ntype_0
4110	ntype_1
4111	ntype_2
4112	ntype_3
4113	ntype_3
4114	ntype_2
4115	ntype_2
4116	ntype_3
4117	ntype_1
4118	ntype_2
4119	ntype_1
4120	ntype_0
4121	ntype_3
4122	ntype_1
4123	ntype_0
4124	ntype_2
4125	ntype_0
4126	ntype_3
4127	ntype_1
4128	ntype_3
4129	ntype_2
4130	ntype_3
4131	ntype_1
4132	ntype_3
4133	ntype_3
4134	ntype_0
4135	ntype_0
4136	ntype_1
4137	ntype_1
4138	ntype_3
4139	ntype_1
4140	ntype_1
4141	ntype_3
4142	ntype_1
4143	ntype_0
4144	ntype_2
4145	ntype_2
4146	ntype_1
4147	ntype_2
4148	ntype_3
4149	ntype_3
4150	ntype_1
4151	ntype_2
4152	ntype_0
4153	ntype_2
4154	ntype_2
4155	ntype_2
4156	ntype_0
4157	ntype_2
4158	ntype_0
4159	ntype_0
4160	ntype_0
4161	ntype_0
4162	ntype_0
4163	ntype_0
4164	ntype_2
4165	ntype_1
4166	ntype_2
4167	ntype_2
4168	ntype_1
4169	ntype_2
4170	ntype_0
4171	ntype_0
4172	ntype_2
4173	ntype_0
4174	ntype_2
4175	ntype_1
4176	ntype_1
4177	ntype_1
4178	ntype_3
4179	ntype_3
4180	ntype_1
4181	ntype_3
4182	ntype_1
4183	ntype_2
4184	ntype_2
4185	ntype_0
4186	ntype_2
4187	ntype_1
4188	ntype_3
4189	ntype_3
4190	ntype_0
4191	ntype_0
4192	ntype_1
4193	ntype_0
4194	ntype_3
4195	ntype_0
4196	ntype_0
4197	ntype_3
4198	ntype_1
4199	ntype_3
4200	ntype_2
4201	ntype_0
4202	ntype_2
4203	ntype_3
4204	ntype_3
4205	ntype_3
4206	ntype_0
4207	ntype_1
4208	ntype_0
4209	ntype_1
4210	ntype_2
4211	ntype_3
4212	ntype_3
4213	ntype_0
4214	ntype_3
4215	ntype_3
4216	ntype_0
4217	ntype_0
4218	ntype_2
4219	ntype_2
4220	ntype_3
4221	ntype_1
4222	ntype_0
4223	ntype_0
4224	ntype_2
4225	ntype_0
4226	ntype_1
4227	ntype_3
4228	ntype_3
4229	ntype_0
4230	ntype_2
4231	ntype_3
4232	ntype_0
4233	ntype_3
4234	ntype_1
4235	ntype_0
4236	ntype_0
4237	ntype_2
4238	ntype_1
4239	ntype_0
4240	ntype_1
4241	ntype_3
4242	ntype_0
4243	ntype_1
4244	ntype_0
4245	ntype_2
4246	ntype_2
4247	ntype_1
4248	ntype_3
4249	ntype_1
4250	ntype_0
4251	ntype_0
4252	ntype_1
4253	ntype_1
4254	ntype_2
4255	ntype_0
4256	ntype_3
4257	ntype_3
4258	ntype_3
4259	ntype_0
4260	ntype_2
4261	ntype_2
4262	ntype_3
4263	ntype_1
4264	ntype_1
4265	ntype_0
4266	ntype_1
4267	ntype_1
4268	ntype_2
4269	ntype_1
4270	ntype_0
4271	ntype_1
4272	ntype_0
4273	ntype_2
4274	ntype_2
4275	ntype_1
4276	ntype_0
4277	ntype_0
4278	ntype_1
4279	ntype_3
4280	ntype_3
4281	ntype_0
4282	ntype_1
4283	ntype_2
4284	ntype_1
4285	ntype_0
4286	ntype_3
4287	ntype_2
4288	ntype_1
4289	ntype_3
4290	ntype_1
4291	ntype_2
4292	ntype_0
4293	ntype_2
4294	ntype_1
4295	ntype_2
4296	ntype_1
4297	ntype_3
4298	ntype_0
4299	ntype_1
4300	ntype_2
4301	ntype_3
4302	ntype_0
4303	ntype_1
4304	ntype_0
4305	ntype_2
4306	ntype_2
4307	ntype_1
4308	ntype_3
4309	ntype_0
4310	ntype_3
4311	ntype_3
4312	ntype_3
4313	ntype_3
4314	ntype_2
4315	ntype_3
4316	ntype_0
4317	ntype_0
4318	ntype_1
4319	ntype_0
4320	ntype_2
4321	ntype_0
4322	ntype_0
4323	ntype_0
4324	ntype_2
4325	ntype_1
4326	ntype_1
4327	ntype_1
4328	ntype_3
4329	ntype_0
4330	ntype_2
4331	ntype_2
4332	ntype_1
4333	ntype_0
4334	ntype_1
4335	ntype_3
4336	ntype_3
4337	ntype_2
4338	ntype_1
4339	ntype_0
4340	ntype_1
4341	ntype_0
4342	ntype_2
4343	ntype_2
4344	ntype_0
4345	ntype_0
4346	ntype_2
4347	ntype_1
4348	ntype_1
4349	ntype_3
4350	ntype_3
4351	ntype_3
4352	ntype_0
4353	ntype_3
4354	ntype_1
4355	ntype_0
4356	ntype_1
4357	ntype_0
4358	ntype_0
4359	ntype_2
4360	ntype_3
4361	ntype_2
4362	ntype_3
4363	ntype_2
4364	ntype_0
4365	ntype_0
4366	ntype_0
4367	ntype_2
4368	ntype_1
4369	ntype_0
4370	ntype_0
4371	ntype_3
4372	ntype_1
4373	ntype_1
4374	ntype_3
4375	ntype_2
4376	ntype_1
4377	ntype_2
4378	ntype_0
4379	ntype_0
4380	ntype_3
4381	ntype_1
4382	ntype_1
4383	ntype_0
4384	ntype_2
4385	ntype_3
4386	ntype_1
4387	ntype_2
4388	ntype_1
4389	ntype_3
4390	ntype_0
4391	ntype_1
4392	ntype_3
4393	ntype_0
4394	ntype_2
4395	ntype_1
4396	ntype_3
4397	ntype_1
4398	ntype_1
4399	ntype_0
4400	ntype_1
4401	ntype_3
4402	ntype_0
4403	ntype_1
4404	ntype_3
4405	ntype_0
4406	ntype_0
4407	ntype_2
4408	ntype_2
4409	ntype_3
4410	ntype_2
4411	ntype_2
4412	ntype_2
4413	ntype_0
4414	ntype_1
4415	ntype_1
4416	ntype_2
4417	ntype_1
4418	ntype_2
4419	ntype_1
4420	ntype_1
4421	ntype_1
4422	ntype_0
4423	ntype_0
4424	ntype_1
4425	ntype_0
4426	ntype_3
4427	ntype_1
4428	ntype_2
4429	ntype_1
4430	ntype_1
4431	ntype_3
4432	ntype_1
4433	ntype_3
4434	ntype_3
4435	ntype_0
4436	ntype_0
4437	ntype_0
4438	ntype_1
4439	ntype_0
4440	ntype_1
4441	ntype_0
4442	ntype_3
4443	ntype_0
4444	ntype_2
4445	ntype_1
4446	ntype_1
4447	ntype_1
4448	ntype_2
4449	ntype_2
4450	ntype_1
4451	ntype_2
4452	ntype_2
4453	ntype_2
4454	ntype_0
4455	ntype_3
4456	ntype_1
4457	ntype_1
4458	ntype_1
4459	ntype_1
4460	ntype_2
4461	ntype_1
4462	ntype_3
4463	ntype_1
4464	ntype_3
4465	ntype_2
4466	ntype_2
4467	ntype_3
4468	ntype_3
4469	ntype_2
4470	ntype_0
4471	ntype_1
4472	ntype_1
4473	ntype_2
4474	ntype_0
4475	ntype_1
4476	ntype_2
4477	ntype_1
4478	ntype_1
4479	ntype_0
4480	ntype_3
4481	ntype_2
4482	ntype_1
4483	ntype_2
4484	ntype_2
4485	ntype_0
4486	ntype_0
4487	ntype_3
4488	ntype_2
4489	ntype_0
4490	ntype_0
4491	ntype_0
4492	ntype_1
4493	ntype_2
4494	ntype_3
4495	ntype_3
4496	ntype_2
4497	ntype_1
4498	ntype_1
4499	ntype_2
4500	ntype_0
4501	ntype_3
4502	ntype_0
4503	ntype_0
4504	ntype_2
4505	ntype_3
4506	ntype_2
4507	ntype_3
4508	ntype_1
4509	ntype_0
4510	ntype_2
4511	ntype_1
4512	ntype_3
4513	ntype_3
4514	ntype_0
4515	ntype_3
4516	ntype_1
4517	ntype_3
4518	ntype_2
4519	ntype_3
4520	ntype_0
4521	ntype_3
4522	ntype_2
4523	ntype_1
4524	ntype_0
4525	ntype_3
4526	ntype_2
4527	ntype_2
4528	ntype_1
4529	ntype_1
4530	ntype_3
4531	ntype_0
4532	ntype_1
4533	ntype_2
4534	ntype_1
4535	ntype_1
4536	ntype_2
4537	ntype_0
4538	ntype_1
4539	ntype_1
4540	ntype_1
4541	ntype_0
4542	ntype_1
4543	ntype_3
4544	ntype_1
4545	ntype_1
4546	ntype_3
4547	ntype_0
4548	ntype_0
4549	ntype_0
4550	ntype_3
4551	ntype_3
4552	ntype_1
4553	ntype_0
4554	ntype_3
4555	ntype_1
4556	ntype_2
4557	ntype_2
4558	ntype_0
4559	ntype_3
4560	ntype_0
4561	ntype_2
4562	ntype_3
4563	ntype_1
4564	ntype_0
4565	ntype_0
4566	ntype_2
4567	ntype_0
4568	ntype_1
4569	ntype_0
4570	ntype_3
4571	ntype_3
4572	ntype_3
4573	ntype_0
4574	ntype_1
4575	ntype_2
4576	ntype_2
4577	ntype_0
4578	ntype_0
4579	ntype_1
4580	ntype_2
4581	ntype_2
4582	ntype_1
4583	ntype_2
4584	ntype_2
4585	ntype_0
4586	ntype_3
4587	ntype_3
4588	ntype_2
4589	ntype_0
4590	ntype_1
4591	ntype_0
4592	ntype_2
4593	ntype_2
4594	ntype_3
4595	ntype_1
4596	ntype_3
4597	ntype_0
4598	ntype_3
4599	ntype_0
4600	ntype_0
4601	ntype_1
4602	ntype_0
4603	ntype_0
4604	ntype_2
4605	ntype_1
4606	ntype_1
4607	ntype_1
4608	ntype_2
4609	ntype_3
4610	ntype_1
4611	ntype_0
4612	ntype_1
4613	ntype_2
4614	ntype_3
4615	ntype_0
4616	ntype_2
4617	ntype_0
4618	ntype_0
4619	ntype_2
4620	ntype_2
4621	ntype_1
4622	ntype_0
4623	ntype_2
4624	ntype_1
4625	ntype_1
4626	ntype_3
4627	ntype_3
4628	ntype_0
4629	ntype_1
4630	ntype_2
4631	ntype_1
4632	ntype_3
4633	ntype_1
4634	ntype_1
4635	ntype_0
4636	ntype_3
4637	ntype_3
4638	ntype_3
4639	ntype_1
4640	ntype_2
4641	ntype_2
4642	ntype_2
4643	ntype_1
4644	ntype_0
4645	ntype_2
4646	ntype_3
4647	ntype_1
4648	ntype_1
4649	ntype_1
4650	ntype_3
4651	ntype_2
4652	ntype_1
4653	ntype_2
4654	ntype_0
4655	ntype_0
4656	ntype_0
4657	ntype_2
4658	ntype_3
4659	ntype_0
4660	ntype_3
4661	ntype_0
4662	ntype_2
4663	ntype_2
4664	ntype_2
4665	ntype_2
4666	ntype_0
4667	ntype_0
4668	ntype_1
4669	ntype_1
4670	ntype_1
4671	ntype_0
4672	ntype_1
4673	ntype_3
4674	ntype_3
4675	ntype_3
4676	ntype_0
4677	ntype_1
4678	ntype_0
4679	ntype_3
4680	ntype_1
4681	ntype_0
4682	ntype_3
4683	ntype_2
4684	ntype_2
4685	ntype_2
4686	ntype_2
4687	ntype_2
4688	ntype_2
4689	ntype_2
4690	ntype_1
4691	ntype_1
4692	ntype_3
4693	ntype_2
4694	ntype_0
4695	ntype_3
4696	ntype_3
4697	ntype_0
4698	ntype_3
4699	ntype_2
4700	ntype_3
4701	ntype_3
4702	ntype_2
4703	ntype_1
4704	ntype_2
4705	ntype_3
4706	ntype_2
4707	ntype_0
4708	ntype_1
4709	ntype_1
4710	ntype_3
4711	ntype_0
4712	ntype_0
4713	ntype_1
4714	ntype_1
4715	ntype_0
4716	ntype_3
4717	ntype_0
4718	ntype_2
4719	ntype_1
4720	ntype_0
4721	ntype_0
4722	ntype_0
4723	ntype_1
4724	ntype_1
4725	ntype_1
4726	ntype_0
4727	ntype_2
4728	ntype_0
4729	ntype_3
4730	ntype_2
4731	ntype_3
4732	ntype_2
4733	ntype_0
4734	ntype_2
4735	ntype_0
4736	ntype_0
4737	ntype_3
4738	ntype_3
4739	ntype_0
4740	ntype_0
4741	ntype_3
4742	ntype_2
4743	ntype_2
4744	ntype_2
4745	ntype_2
4746	ntype_1
4747	ntype_1
4748	ntype_3
4749	ntype_1
4750	ntype_2
4751	ntype_1
4752	ntype_1
4753	ntype_3
4754	ntype_2
4755	ntype_0
4756	ntype_1
4757	ntype_3
4758	ntype_2
4759	ntype_1
4760	ntype_0
4761	ntype_3
4762	ntype_2
4763	ntype_3
4764	ntype_2
4765	ntype_2
4766	ntype_2
4767	ntype_0
4768	ntype_1
4769	ntype_3
4770	ntype_0
4771	ntype_2
4772	ntype_0
4773	ntype_2
4774	ntype_3
4775	ntype_2
4776	ntype_0
4777	ntype_0
4778	ntype_0
4779	ntype_1
4780	ntype_1
4781	ntype_1
4782	ntype_2
4783	ntype_2
4784	ntype_0
4785	ntype_2
4786	ntype_3
4787	ntype_2
4788	ntype_1
4789	ntype_1
4790	ntype_1
4791	ntype_3
4792	ntype_3
4793	ntype_1
4794	ntype_2
4795	ntype_3
4796	ntype_2
4797	ntype_2
4798	ntype_2
4799	ntype_0
4800	ntype_2
4801	ntype_0
4802	ntype_1
4803	ntype_1
4804	ntype_0
4805	ntype_2
4806	ntype_1
4807	ntype_2
4808	ntype_1
4809	ntype_3
4810	ntype_1
4811	ntype_3
4812	ntype_3
4813	ntype_1
4814	ntype_3
4815	ntype_3
4816	ntype_1
4817	ntype_3
4818	ntype_1
4819	ntype_1
4820	ntype_3
4821	ntype_1
4822	ntype_2
4823	ntype_3
4824	ntype_1
4825	ntype_2
4826	ntype_0
4827	ntype_0
4828	ntype_2
4829	ntype_0
4830	ntype_0
4831	ntype_3
4832	ntype_2
4833	ntype_3
4834	ntype_2
4835	ntype_2
4836	ntype_3
4837	ntype_0
4838	ntype_0
4839	ntype_1
4840	ntype_2
4841	ntype_2
4842	ntype_2
4843	ntype_3
4844	ntype_2
4845	ntype_3
4846	ntype_2
4847	ntype_1
4848	ntype_1
4849	ntype_2
4850	ntype_2
4851	ntype_0
4852	ntype_0
4853	ntype_0
4854	ntype_2
4855	ntype_1
4856	ntype_1
4857	ntype_3
4858	ntype_0
4859	ntype_1
4860	ntype_3
4861	ntype_2
4862	ntype_2
4863	ntype_3
4864	ntype_1
4865	ntype_2
4866	ntype_0
4867	ntype_2
4868	ntype_3
4869	ntype_1
4870	ntype_0
4871	ntype_1
4872	ntype_2
4873	ntype_3
4874	ntype_1
4875	ntype_2
4876	ntype_2
4877	ntype_0
4878	ntype_2
4879	ntype_3
4880	ntype_3
4881	ntype_3
4882	ntype_2
4883	ntype_1
4884	ntype_2
4885	ntype_1
4886	ntype_1
4887	ntype_2
4888	ntype_3
4889	ntype_3
4890	ntype_3
4891	ntype_0
4892	ntype_0
4893	ntype_3
4894	ntype_2
4895	ntype_3
4896	ntype_2
4897	ntype_0
4898	ntype_2
4899	ntype_1
4900	ntype_0
4901	ntype_2
4902	ntype_3
4903	ntype_3
4904	ntype_0
4905	ntype_1
4906	ntype_0
4907	ntype_1
4908	ntype_2
4909	ntype_0
4910	ntype_0
4911	ntype_0
4912	ntype_2
4913	ntype_3
4914	ntype_0
4915	ntype_2
4916	ntype_0
4917	ntype_3
4918	ntype_2
4919	ntype_1
4920	ntype_3
4921	ntype_0
4922	ntype_2
4923	ntype_2
4924	ntype_0
4925	ntype_2
4926	ntype_2
4927	ntype_2
4928	ntype_2
4929	ntype_0
4930	ntype_0
4931	ntype_2
4932	ntype_0
4933	ntype_3
4934	ntype_2
4935	ntype_0
4936	ntype_2
4937	ntype_3
4938	ntype_1
4939	ntype_3
4940	ntype_2
4941	ntype_3
4942	ntype_3
4943	ntype_1
4944	ntype_1
4945	ntype_3
4946	ntype_2
4947	ntype_2
4948	ntype_1
4949	ntype_0
4950	ntype_0
4951	ntype_0
4952	ntype_0
4953	ntype_2
4954	ntype_2
4955	ntype_1
4956	ntype_1
4957	ntype_0
4958	ntype_2
4959	ntype_2
4960	ntype_1
4961	ntype_1
4962	ntype_3
4963	ntype_2
4964	ntype_3
4965	ntype_3
4966	ntype_0
4967	ntype_1
4968	ntype_0
4969	ntype_1
4970	ntype_0
4971	ntype_0
4972	ntype_2
4973	ntype_1
4974	ntype_2
4975	ntype_1
4976	ntype_2
4977	ntype_2
4978	ntype_3
4979	ntype_0
4980	ntype_2
4981	ntype_1
4982	ntype_3
4983	ntype_1
4984	ntype_2
4985	ntype_0
4986	ntype_2
4987	ntype_3
4988	ntype_0
4989	ntype_0
4990	ntype_3
4991	ntype_3
4992	ntype_2
4993	ntype_0
4994	ntype_3
4995	ntype_1
4996	ntype_1
4997	ntype_2
4998	ntype_2
4999	ntype_1
5000	ntype_2
5001	ntype_2
5002	ntype_2
5003	ntype_0
5004	ntype_3
5005	ntype_0
5006	ntype_0
5007	ntype_3
5008	ntype_0
5009	ntype_1
5010	ntype_3
5011	ntype_1
5012	ntype_3
5013	ntype_1
5014	ntype_1
5015	ntype_0
5016	ntype_2
5017	ntype_3
5018	ntype_3
5019	ntype_1
5020	ntype_2
5021	ntype_3
5022	ntype_1
5023	ntype_2
5024	ntype_2
5025	ntype_3
5026	ntype_0
5027	ntype_1
5028	ntype_0
5029	ntype_0
5030	ntype_0
5031	ntype_2
5032	ntype_1
5033	ntype_1
5034	ntype_2
5035	ntype_0
5036	ntype_2
5037	ntype_0
5038	ntype_1
5039	ntype_1
5040	ntype_1
5041	ntype_1
5042	ntype_2
5043	ntype_1
5044	ntype_0
5045	ntype_2
5046	ntype_1
5047	ntype_3
5048	ntype_0
5049	ntype_3
5050	ntype_2
5051	ntype_2
5052	ntype_3
5053	ntype_1
5054	ntype_0
5055	ntype_3
5056	ntype_2
5057	ntype_2
5058	ntype_1
5059	ntype_3
5060	ntype_3
5061	ntype_2
5062	ntype_1
5063	ntype_1
5064	ntype_2
5065	ntype_1
5066	ntype_2
5067	ntype_0
5068	ntype_2
5069	ntype_2
5070	ntype_2
5071	ntype_3
5072	ntype_0
5073	ntype_0
5074	ntype_2
5075	ntype_3
5076	ntype_2
5077	ntype_1
5078	ntype_0
5079	ntype_1
5080	ntype_2
5081	ntype_3
5082	ntype_1
5083	ntype_0
5084	ntype_1
5085	ntype_1
5086	ntype_3
5087	ntype_1
5088	ntype_1
5089	ntype_1
5090	ntype_0
5091	ntype_3
5092	ntype_0
5093	ntype_3
5094	ntype_2
5095	ntype_1
5096	ntype_3
5097	ntype_1
5098	ntype_0
5099	ntype_0
5100	ntype_1
5101	ntype_3
5102	ntype_3
5103	ntype_3
5104	ntype_2
5105	ntype_0
5106	ntype_3
5107	ntype_2
5108	ntype_3
5109	ntype_3
5110	ntype_2
5111	ntype_2
5112	ntype_1
5113	ntype_0
5114	ntype_0
5115	ntype_2
5116	ntype_0
5117	ntype_1
5118	ntype_1
5119	ntype_1
5120	ntype_0
5121	ntype_2
5122	ntype_2
5123	ntype_0
5124	ntype_3
5125	ntype_0
5126	ntype_0
5127	ntype_3
5128	ntype_1
5129	ntype_2
5130	ntype_2
5131	ntype_2
5132	ntype_2
5133	ntype_2
5134	ntype_2
5135	ntype_1
5136	ntype_2
5137	ntype_3
5138	ntype_1
5139	ntype_0
5140	ntype_2
5141	ntype_0
5142	ntype_1
5143	ntype_1
5144	ntype_3
5145	ntype_3
5146	ntype_2
5147	ntype_0
5148	ntype_2
5149	ntype_0
5150	ntype_2
5151	ntype_3
5152	ntype_3
5153	ntype_3
5154	ntype_2
5155	ntype_0
5156	ntype_1
5157	ntype_0
5158	ntype_1
5159	ntype_2
5160	ntype_2
5161	ntype_1
5162	ntype_0
5163	ntype_1
5164	ntype_1
5165	ntype_2
5166	ntype_0
5167	ntype_2
5168	ntype_0
5169	ntype_1
5170	ntype_2
5171	ntype_2
5172	ntype_3
5173	ntype_2
5174	ntype_0
5175	ntype_2
5176	ntype_3
5177	ntype_2
5178	ntype_1
5179	ntype_2
5180	ntype_3
5181	ntype_2
5182	ntype_0
5183	ntype_1
5184	ntype_3
5185	ntype_2
5186	ntype_0
5187	ntype_0
5188	ntype_0
5189	ntype_3
5190	ntype_2
5191	ntype_0
5192	ntype_3
5193	ntype_0
5194	ntype_3
5195	ntype_3
5196	ntype_0
5197	ntype_3
5198	ntype_1
5199	ntype_3
5200	ntype_1
5201	ntype_2
5202	ntype_0
5203	ntype_1
5204	ntype_2
5205	ntype_1
5206	ntype_2
5207	ntype_1
5208	ntype_1
5209	ntype_2
5210	ntype_2
5211	ntype_3
5212	ntype_0
5213	ntype_3
5214	ntype_3
5215	ntype_3
5216	ntype_1
5217	ntype_1
5218	ntype_0
5219	ntype_0
5220	ntype_0
5221	ntype_3
5222	ntype_2
5223	ntype_2
5224	ntype_3
5225	ntype_3
5226	ntype_3
5227	ntype_2
5228	ntype_3
5229	ntype_3
5230	ntype_0
5231	ntype_0
5232	ntype_3
5233	ntype_0
5234	ntype_1
5235	ntype_2
5236	ntype_0
5237	ntype_0
5238	ntype_1
5239	ntype_2
5240	ntype_2
5241	ntype_3
5242	ntype_3
5243	ntype_1
5244	ntype_1
5245	ntype_3
5246	ntype_1
5247	ntype_2
5248	ntype_2
5249	ntype_1
5250	ntype_1
5251	ntype_0
5252	ntype_2
5253	ntype_0
5254	ntype_0
5255	ntype_3
5256	ntype_2
5257	ntype_1
5258	ntype_3
5259	ntype_0
5260	ntype_0
5261	ntype_2
5262	ntype_1
5263	ntype_2
5264	ntype_0
5265	ntype_3
5266	ntype_2
5267	ntype_3
5268	ntype_0
5269	ntype_2
5270	ntype_3
5271	ntype_2
5272	ntype_1
5273	ntype_1
5274	ntype_1
5275	ntype_1
5276	ntype_1
5277	ntype_3
5278	ntype_2
5279	ntype_2
5280	ntype_0
5281	ntype_1
5282	ntype_1
5283	ntype_1
5284	ntype_3
5285	ntype_2
5286	ntype_3
5287	ntype_2
5288	ntype_2
5289	ntype_2
5290	ntype_0
5291	ntype_0
5292	ntype_1
5293	ntype_1
5294	ntype_1
5295	ntype_3
5296	ntype_3
5297	ntype_3
5298	ntype_2
5299	ntype_3
5300	ntype_3
5301	ntype_1
5302	ntype_3
5303	ntype_2
5304	ntype_0
5305	ntype_3
5306	ntype_3
5307	ntype_0
5308	ntype_3
5309	ntype_1
5310	ntype_0
5311	ntype_1
5312	ntype_1
5313	ntype_2
5314	ntype_0
5315	ntype_2
5316	ntype_1
5317	ntype_0
5318	ntype_2
5319	ntype_0
5320	ntype_2
5321	ntype_1
5322	ntype_3
5323	ntype_2
5324	ntype_1
5325	ntype_0
5326	ntype_0
5327	ntype_0
5328	ntype_1
5329	ntype_2
5330	ntype_0
5331	ntype_2
5332	ntype_3
5333	ntype_3
5334	ntype_2
5335	ntype_2
5336	ntype_2
5337	ntype_0
5338	ntype_2
5339	ntype_2
5340	ntype_2
5341	ntype_0
5342	ntype_2
5343	ntype_0
5344	ntype_3
5345	ntype_0
5346	ntype_2
5347	ntype_1
5348	ntype_1
5349	ntype_3
5350	ntype_0
5351	ntype_1
5352	ntype_2
5353	ntype_2
5354	ntype_3
5355	ntype_0
5356	ntype_3
5357	ntype_2
5358	ntype_1
5359	ntype_2
5360	ntype_3
5361	ntype_2
5362	ntype_3
5363	ntype_1
5364	ntype_1
5365	ntype_0
5366	ntype_2
5367	ntype_1
5368	ntype_0
5369	ntype_0
5370	ntype_1
5371	ntype_0
5372	ntype_0
5373	ntype_3
5374	ntype_3
5375	ntype_1
5376	ntype_2
5377	ntype_0
5378	ntype_3
5379	ntype_1
5380	ntype_0
5381	ntype_2
5382	ntype_2
5383	ntype_1
5384	ntype_1
5385	ntype_2
5386	ntype_1
5387	ntype_2
5388	ntype_0
5389	ntype_3
5390	ntype_0
5391	ntype_2
5392	ntype_1
5393	ntype_3
5394	ntype_2
5395	ntype_1
5396	ntype_2
5397	ntype_2
5398	ntype_3
5399	ntype_3
5400	ntype_0
5401	ntype_2
5402	ntype_0
5403	ntype_2
5404	ntype_2
5405	ntype_0
5406	ntype_0
5407	ntype_1
5408	ntype_1
5409	ntype_1
5410	ntype_2
5411	ntype_2
5412	ntype_3
5413	ntype_2
5414	ntype_2
5415	ntype_3
5416	ntype_3
5417	ntype_3
5418	ntype_3
5419	ntype_3
5420	ntype_1
5421	ntype_0
5422	ntype_2
5423	ntype_3
5424	ntype_3
5425	ntype_3
5426	ntype_3
5427	ntype_0
5428	ntype_2
5429	ntype_0
5430	ntype_2
5431	ntype_1
5432	ntype_3
5433	ntype_0
5434	ntype_1
5435	ntype_1
5436	ntype_0
5437	ntype_2
5438	ntype_3
5439	ntype_2
5440	ntype_0
5441	ntype_1
5442	ntype_2
5443	ntype_1
5444	ntype_0
5445	ntype_2
5446	ntype_1
5447	ntype_1
5448	ntype_0
5449	ntype_2
5450	ntype_2
5451	ntype_3
5452	ntype_0
5453	ntype_3
5454	ntype_0
5455	ntype_3
5456	ntype_3
5457	ntype_1
5458	ntype_1
5459	ntype_2
5460	ntype_0
5461	ntype_3
5462	ntype_2
5463	ntype_1
5464	ntype_3
5465	ntype_3
5466	ntype_2
5467	ntype_3
5468	ntype_1
5469	ntype_0
5470	ntype_2
5471	ntype_3
5472	ntype_0
5473	ntype_2
5474	ntype_2
5475	ntype_2
5476	ntype_1
5477	ntype_1
5478	ntype_1
5479	ntype_3
5480	ntype_2
5481	ntype_3
5482	ntype_0
5483	ntype_3
5484	ntype_3
5485	ntype_3
5486	ntype_1
5487	ntype_1
5488	ntype_1
5489	ntype_0
5490	ntype_2
5491	ntype_0
5492	ntype_1
5493	ntype_0
5494	ntype_3
5495	ntype_3
5496	ntype_0
5497	ntype_2
5498	ntype_0
5499	ntype_3
5500	ntype_0
5501	ntype_3
5502	ntype_1
5503	ntype_3
5504	ntype_0
5505	ntype_1
5506	ntype_3
5507	ntype_3
5508	ntype_0
5509	ntype_3
5510	ntype_2
5511	ntype_3
5512	ntype_1
5513	ntype_0
5514	ntype_1
5515	ntype_2
5516	ntype_1
5517	ntype_2
5518	ntype_3
5519	ntype_2
5520	ntype_2
5521	ntype_2
5522	ntype_2
5523	ntype_3
5524	ntype_0
5525	ntype_2
5526	ntype_0
5527	ntype_1
5528	ntype_3
5529	ntype_0
5530	ntype_2
5531	ntype_1
5532	ntype_1
5533	ntype_0
5534	ntype_0
5535	ntype_0
5536	ntype_0
5537	ntype_2
5538	ntype_0
5539	ntype_2
5540	ntype_3
5541	ntype_0
5542	ntype_1
5543	ntype_0
5544	ntype_0
5545	ntype_0
5546	ntype_0
5547	ntype_0
5548	ntype_2
5549	ntype_2
5550	ntype_3
5551	ntype_0
5552	ntype_0
5553	ntype_1
5554	ntype_2
5555	ntype_0
5556	ntype_2
5557	ntype_2
5558	ntype_3
5559	ntype_0
5560	ntype_0
5561	ntype_3
5562	ntype_2
5563	ntype_3
5564	ntype_0
5565	ntype_3
5566	ntype_1
5567	ntype_3
5568	ntype_2
5569	ntype_0
5570	ntype_3
5571	ntype_2
5572	ntype_3
5573	ntype_2
5574	ntype_2
5575	ntype_3
5576	ntype_2
5577	ntype_2
5578	ntype_0
5579	ntype_1
5580	ntype_2
5581	ntype_2
5582	ntype_1
5583	ntype_2
5584	ntype_0
5585	ntype_1
5586	ntype_0
5587	ntype_0
5588	ntype_3
5589	ntype_0
5590	ntype_3
5591	ntype_3
5592	ntype_1
5593	ntype_0
5594	ntype_1
5595	ntype_1
5596	ntype_1
5597	ntype_2
5598	ntype_1
5599	ntype_1
5600	ntype_1
5601	ntype_2
5602	ntype_0
5603	ntype_1
5604	ntype_3
5605	ntype_3
5606	ntype_2
5607	ntype_3
5608	ntype_0
5609	ntype_3
5610	ntype_1
5611	ntype_3
5612	ntype_1
5613	ntype_2
5614	ntype_3
5615	ntype_3
5616	ntype_2
5617	ntype_1
5618	ntype_0
5619	ntype_0
5620	ntype_3
5621	ntype_0
5622	ntype_3
5623	ntype_1
5624	ntype_1
5625	ntype_3
5626	ntype_0
5627	ntype_1
5628	ntype_3
5629	ntype_1
5630	ntype_3
5631	ntype_3
5632	ntype_1
5633	ntype_0
5634	ntype_3
5635	ntype_3
5636	ntype_2
5637	ntype_3
5638	ntype_0
5639	ntype_1
5640	ntype_0
5641	ntype_2
5642	ntype_1
5643	ntype_3
5644	ntype_3
5645	ntype_2
5646	ntype_1
5647	ntype_2
5648	ntype_1
5649	ntype_1
5650	ntype_1
5651	ntype_3
5652	ntype_2
5653	ntype_2
5654	ntype_3
5655	ntype_1
5656	ntype_2
5657	ntype_1
5658	ntype_3
5659	ntype_2
5660	ntype_0
5661	ntype_0
5662	ntype_3
5663	ntype_3
5664	ntype_0
5665	ntype_2
5666	ntype_1
5667	ntype_2
5668	ntype_3
5669	ntype_0
5670	ntype_1
5671	ntype_1
5672	ntype_3
5673	ntype_0
5674	ntype_3
5675	ntype_2
5676	ntype_0
5677	ntype_3
5678	ntype_2
5679	ntype_0
5680	ntype_2
5681	ntype_3
5682	ntype_3
5683	ntype_2
5684	ntype_1
5685	ntype_2
5686	ntype_0
5687	ntype_0
5688	ntype_2
5689	ntype_0
5690	ntype_3
5691	ntype_2
5692	ntype_3
5693	ntype_1
5694	ntype_0
5695	ntype_2
5696	ntype_1
5697	ntype_0
5698	ntype_0
5699	ntype_0
5700	ntype_1
5701	ntype_0
5702	ntype_1
5703	ntype_0
5704	ntype_0
5705	ntype_1
5706	ntype_0
5707	ntype_3
5708	ntype_2
5709	ntype_3
5710	ntype_0
5711	ntype_3
5712	ntype_1
5713	ntype_2
5714	ntype_2
5715	ntype_0
5716	ntype_2
5717	ntype_2
5718	ntype_1
5719	ntype_2
5720	ntype_1
5721	ntype_2
5722	ntype_0
5723	ntype_2
5724	ntype_1
5725	ntype_3
5726	ntype_3
5727	ntype_3
5728	ntype_1
5729	ntype_0
5730	ntype_0
5731	ntype_0
5732	ntype_0
5733	ntype_2
5734	ntype_2
5735	ntype_0
5736	ntype_0
5737	ntype_1
5738	ntype_2
5739	ntype_0
5740	ntype_2
5741	ntype_1
5742	ntype_2
5743	ntype_1
5744	ntype_0
5745	ntype_2
5746	ntype_3
5747	ntype_0
5748	ntype_2
5749	ntype_2
5750	ntype_1
5751	ntype_3
5752	ntype_2
5753	ntype_2
5754	ntype_1
5755	ntype_0
5756	ntype_2
5757	ntype_0
5758	ntype_0
5759	ntype_0
5760	ntype_0
5761	ntype_3
5762	ntype_1
5763	ntype_0
5764	ntype_1
5765	ntype_0
5766	ntype_3
5767	ntype_3
5768	ntype_0
5769	ntype_3
5770	ntype_3
5771	ntype_0
5772	ntype_2
5773	ntype_0
5774	ntype_0
5775	ntype_1
5776	ntype_3
5777	ntype_3
5778	ntype_2
5779	ntype_2
5780	ntype_1
5781	ntype_2
5782	ntype_3
5783	ntype_3
5784	ntype_1
5785	ntype_3
5786	ntype_1
5787	ntype_1
5788	ntype_2
5789	ntype_1
5790	ntype_1
5791	ntype_3
5792	ntype_1
5793	ntype_3
5794	ntype_2
5795	ntype_2
5796	ntype_2
5797	ntype_0
5798	ntype_2
5799	ntype_0
5800	ntype_1
5801	ntype_3
5802	ntype_1
5803	ntype_3
5804	ntype_0
5805	ntype_0
5806	ntype_1
5807	ntype_2
5808	ntype_1
5809	ntype_1
5810	ntype_2
5811	ntype_3
5812	ntype_3
5813	ntype_3
5814	ntype_0
5815	ntype_2
5816	ntype_0
5817	ntype_2
5818	ntype_3
5819	ntype_1
5820	ntype_0
5821	ntype_2
5822	ntype_0
5823	ntype_0
5824	ntype_2
5825	ntype_1
5826	ntype_1
5827	ntype_2
5828	ntype_1
5829	ntype_1
5830	ntype_1
5831	ntype_0
5832	ntype_2
5833	ntype_2
5834	ntype_1
5835	ntype_2
5836	ntype_1
5837	ntype_0
5838	ntype_3
5839	ntype_0
5840	ntype_2
5841	ntype_1
5842	ntype_0
5843	ntype_0
5844	ntype_1
5845	ntype_3
5846	ntype_1
5847	ntype_2
5848	ntype_2
5849	ntype_1
5850	ntype_0
5851	ntype_3
5852	ntype_2
5853	ntype_0
5854	ntype_1
5855	ntype_1
5856	ntype_2
5857	ntype_2
5858	ntype_3
5859	ntype_3
5860	ntype_3
5861	ntype_1
5862	ntype_2
5863	ntype_2
5864	ntype_3
5865	ntype_0
5866	ntype_3
5867	ntype_0
5868	ntype_0
5869	ntype_2
5870	ntype_0
5871	ntype_1
5872	ntype_2
5873	ntype_1
5874	ntype_0
5875	ntype_1
5876	ntype_2
5877	ntype_3
5878	ntype_0
5879	ntype_3
5880	ntype_0
5881	ntype_0
5882	ntype_1
5883	ntype_0
5884	ntype_3
5885	ntype_2
5886	ntype_1
5887	ntype_3
5888	ntype_2
5889	ntype_1
5890	ntype_2
5891	ntype_2
5892	ntype_2
5893	ntype_1
5894	ntype_3
5895	ntype_2
5896	ntype_1
5897	ntype_2
5898	ntype_3
5899	ntype_1
5900	ntype_3
5901	ntype_1
5902	ntype_1
5903	ntype_2
5904	ntype_2
5905	ntype_0
5906	ntype_2
5907	ntype_2
5908	ntype_0
5909	ntype_3
5910	ntype_1
5911	ntype_1
5912	ntype_2
5913	ntype_3
5914	ntype_0
5915	ntype_0
5916	ntype_2
5917	ntype_3
5918	ntype_2
5919	ntype_3
5920	ntype_3
5921	ntype_0
5922	ntype_0
5923	ntype_2
5924	ntype_1
5925	ntype_2
5926	ntype_3
5927	ntype_1
5928	ntype_2
5929	ntype_2
5930	ntype_1
5931	ntype_0
5932	ntype_0
5933	ntype_1
5934	ntype_0
5935	ntype_1
5936	ntype_1
5937	ntype_2
5938	ntype_2
5939	ntype_3
5940	ntype_2
5941	ntype_3
5942	ntype_3
5943	ntype_2
5944	ntype_0
5945	ntype_1
5946	ntype_2
5947	ntype_3
5948	ntype_3
5949	ntype_2
5950	ntype_1
5951	ntype_0
5952	ntype_2
5953	ntype_1
5954	ntype_1
5955	ntype_1
5956	ntype_1
5957	ntype_2
5958	ntype_1
5959	ntype_0
5960	ntype_2
5961	ntype_3
5962	ntype_1
5963	ntype_1
5964	ntype_0
5965	ntype_3
5966	ntype_0
5967	ntype_3
5968	ntype_3
5969	ntype_2
5970	ntype_3
5971	ntype_1
5972	ntype_1
5973	ntype_1
5974	ntype_3
5975	ntype_1
5976	ntype_2
5977	ntype_3
5978	ntype_3
5979	ntype_3
5980	ntype_3
5981	ntype_0
5982	ntype_2
5983	ntype_2
5984	ntype_2
5985	ntype_2
5986	ntype_3
5987	ntype_1
5988	ntype_3
5989	ntype_0
5990	ntype_1
5991	ntype_2
5992	ntype_1
5993	ntype_3
5994	ntype_0
5995	ntype_0
5996	ntype_1
5997	ntype_3
5998	ntype_1
5999	ntype_0
6000	ntype_1
6001	ntype_3
6002	ntype_2
6003	ntype_3
6004	ntype_3
6005	ntype_2
6006	ntype_1
6007	ntype_1
6008	ntype_0
6009	ntype_2
6010	ntype_0
6011	ntype_0
6012	ntype_2
6013	ntype_2
6014	ntype_0
6015	ntype_3
6016	ntype_0
6017	ntype_1
6018	ntype_1
6019	ntype_1
6020	ntype_2
6021	ntype_3
6022	ntype_2
6023	ntype_1
6024	ntype_0
6025	ntype_3
6026	ntype_2
6027	ntype_0
6028	ntype_3
6029	ntype_1
6030	ntype_3
6031	ntype_0
6032	ntype_1
6033	ntype_3
6034	ntype_2
6035	ntype_3
6036	ntype_3
6037	ntype_2
6038	ntype_2
6039	ntype_3
6040	ntype_1
6041	ntype_3
6042	ntype_2
6043	ntype_1
6044	ntype_0
6045	ntype_3
6046	ntype_0
6047	ntype_2
6048	ntype_0
6049	ntype_3
6050	ntype_3
6051	ntype_3
6052	ntype_1
6053	ntype_1
6054	ntype_0
6055	ntype_0
6056	ntype_1
6057	ntype_2
6058	ntype_3
6059	ntype_0
6060	ntype_0
6061	ntype_0
6062	ntype_2
6063	ntype_0
6064	ntype_0
6065	ntype_2
6066	ntype_1
6067	ntype_0
6068	ntype_1
6069	ntype_1
6070	ntype_0
6071	ntype_1
6072	ntype_3
6073	ntype_0
6074	ntype_1
6075	ntype_0
6076	ntype_0
6077	ntype_1
6078	ntype_0
6079	ntype_0
6080	ntype_3
6081	ntype_3
6082	ntype_1
6083	ntype_2
6084	ntype_2
6085	ntype_0
6086	ntype_0
6087	ntype_1
6088	ntype_1
6089	ntype_1
6090	ntype_2
6091	ntype_0
6092	ntype_3
6093	ntype_1
6094	ntype_3
6095	ntype_1
6096	ntype_1
6097	ntype_1
6098	ntype_3
6099	ntype_3
6100	ntype_2
6101	ntype_2
6102	ntype_1
6103	ntype_3
6104	ntype_3
6105	ntype_2
6106	ntype_1
6107	ntype_2
6108	ntype_1
6109	ntype_0
6110	ntype_0
6111	ntype_2
6112	ntype_3
6113	ntype_3
6114	ntype_0
6115	ntype_1
6116	ntype_0
6117	ntype_2
6118	ntype_3
6119	ntype_2
6120	ntype_2
6121	ntype_3
6122	ntype_0
6123	ntype_0
6124	ntype_0
6125	ntype_1
6126	ntype_3
6127	ntype_1
6128	ntype_2
6129	ntype_1
6130	ntype_1
6131	ntype_0
6132	ntype_3
6133	ntype_2
6134	ntype_3
6135	ntype_0
6136	ntype_0
6137	ntype_0
6138	ntype_2
6139	ntype_0
6140	ntype_2
6141	ntype_3
6142	ntype_3
6143	ntype_3
6144	ntype_0
6145	ntype_1
6146	ntype_1
6147	ntype_3
6148	ntype_2
6149	ntype_2
6150	ntype_3
6151	ntype_1
6152	ntype_2
6153	ntype_1
6154	ntype_2
6155	ntype_1
6156	ntype_1
6157	ntype_2
6158	ntype_0
6159	ntype_3
6160	ntype_3
6161	ntype_2
6162	ntype_0
6163	ntype_3
6164	ntype_2
6165	ntype_0
6166	ntype_3
6167	ntype_1
6168	ntype_1
6169	ntype_1
6170	ntype_1
6171	ntype_3
6172	ntype_3
6173	ntype_3
6174	ntype_3
6175	ntype_2
6176	ntype_0
6177	ntype_2
6178	ntype_3
6179	ntype_0
6180	ntype_0
6181	ntype_0
6182	ntype_3
6183	ntype_1
6184	ntype_3
6185	ntype_3
6186	ntype_1
6187	ntype_0
6188	ntype_1
6189	ntype_3
6190	ntype_0
6191	ntype_1
6192	ntype_3
6193	ntype_0
6194	ntype_3
6195	ntype_2
6196	ntype_2
6197	ntype_1
6198	ntype_0
6199	ntype_3
6200	ntype_3
6201	ntype_2
6202	ntype_0
6203	ntype_1
6204	ntype_1
6205	ntype_1
6206	ntype_1
6207	ntype_0
6208	ntype_1
6209	ntype_0
6210	ntype_1
6211	ntype_3
6212	ntype_2
6213	ntype_1
6214	ntype_0
6215	ntype_2
6216	ntype_0
6217	ntype_1
6218	ntype_0
6219	ntype_0
6220	ntype_1
6221	ntype_2
6222	ntype_3
6223	ntype_1
6224	ntype_1
6225	ntype_3
6226	ntype_1
6227	ntype_1
6228	ntype_1
6229	ntype_2
6230	ntype_3
6231	ntype_2
6232	ntype_1
6233	ntype_3
6234	ntype_0
6235	ntype_2
6236	ntype_3
6237	ntype_3
6238	ntype_0
6239	ntype_1
6240	ntype_3
6241	ntype_3
6242	ntype_1
6243	ntype_0
6244	ntype_2
6245	ntype_1
6246	ntype_0
6247	ntype_0
6248	ntype_2
6249	ntype_2
6250	ntype_3
6251	ntype_2
6252	ntype_0
6253	ntype_0
6254	ntype_2
6255	ntype_3
6256	ntype_3
6257	ntype_1
6258	ntype_0
6259	ntype_3
6260	ntype_0
6261	ntype_3
6262	ntype_1
6263	ntype_2
6264	ntype_2
6265	ntype_1
6266	ntype_3
6267	ntype_3
6268	ntype_0
6269	ntype_2
6270	ntype_1
6271	ntype_2
6272	ntype_3
6273	ntype_2
6274	ntype_0
6275	ntype_3
6276	ntype_3
6277	ntype_3
6278	ntype_3
6279	ntype_2
6280	ntype_3
6281	ntype_3
6282	ntype_0
6283	ntype_2
6284	ntype_0
6285	ntype_0
6286	ntype_3
6287	ntype_1
6288	ntype_1
6289	ntype_3
6290	ntype_3
6291	ntype_3
6292	ntype_0
6293	ntype_2
6294	ntype_3
6295	ntype_2
6296	ntype_3
6297	ntype_0
6298	ntype_2
6299	ntype_3
6300	ntype_1
6301	ntype_1
6302	ntype_0
6303	ntype_0
6304	ntype_3
6305	ntype_3
6306	ntype_0
6307	ntype_0
6308	ntype_1
6309	ntype_1
6310	ntype_1
6311	ntype_2
6312	ntype_0
6313	ntype_1
6314	ntype_2
6315	ntype_0
6316	ntype_3
6317	ntype_3
6318	ntype_2
6319	ntype_0
6320	ntype_3
6321	ntype_3
6322	ntype_0
6323	ntype_0
6324	ntype_2
6325	ntype_1
6326	ntype_3
6327	ntype_0
6328	ntype_2
6329	ntype_0
6330	ntype_2
6331	ntype_3
6332	ntype_2
6333	ntype_3
6334	ntype_1
6335	ntype_1
6336	ntype_2
6337	ntype_3
6338	ntype_3
6339	ntype_1
6340	ntype_1
6341	ntype_0
6342	ntype_3
6343	ntype_3
6344	ntype_0
6345	ntype_2
6346	ntype_1
6347	ntype_1
6348	ntype_2
6349	ntype_2
6350	ntype_2
6351	ntype_3
6352	ntype_1
6353	ntype_0
6354	ntype_2
6355	ntype_2
6356	ntype_0
6357	ntype_2
6358	ntype_0
6359	ntype_1
6360	ntype_2
6361	ntype_3
6362	ntype_3
6363	ntype_3
6364	ntype_2
6365	ntype_0
6366	ntype_0
6367	ntype_3
6368	ntype_2
6369	ntype_1
6370	ntype_2
6371	ntype_0
6372	ntype_0
6373	ntype_2
6374	ntype_0
6375	ntype_2
6376	ntype_0
6377	ntype_3
6378	ntype_2
6379	ntype_1
6380	ntype_1
6381	ntype_3
6382	ntype_1
6383	ntype_1
6384	ntype_3
6385	ntype_2
6386	ntype_2
6387	ntype_0
6388	ntype_1
6389	ntype_1
6390	ntype_3
6391	ntype_3
6392	ntype_1
6393	ntype_0
6394	ntype_0
6395	ntype_0
6396	ntype_1
6397	ntype_2
6398	ntype_3
6399	ntype_3
6400	ntype_3
6401	ntype_1
6402	ntype_2
6403	ntype_3
6404	ntype_2
6405	ntype_3
6406	ntype_2
6407	ntype_1
6408	ntype_0
6409	ntype_2
6410	ntype_1
6411	ntype_3
6412	ntype_0
6413	ntype_1
6414	ntype_1
6415	ntype_0
6416	ntype_2
6417	ntype_1
6418	ntype_2
6419	ntype_1
6420	ntype_0
6421	ntype_3
6422	ntype_1
6423	ntype_3
6424	ntype_1
6425	ntype_1
6426	ntype_2
6427	ntype_3
6428	ntype_1
6429	ntype_2
6430	ntype_0
6431	ntype_3
6432	ntype_3
6433	ntype_1
6434	ntype_3
6435	ntype_3
6436	ntype_2
6437	ntype_3
6438	ntype_2
6439	ntype_3
6440	ntype_2
6441	ntype_2
6442	ntype_0
6443	ntype_0
6444	ntype_0
6445	ntype_2
6446	ntype_0
6447	ntype_0
6448	ntype_0
6449	ntype_1
6450	ntype_0
6451	ntype_3
6452	ntype_2
6453	ntype_3
6454	ntype_3
6455	ntype_3
6456	ntype_3
6457	ntype_0
6458	ntype_1
6459	ntype_1
6460	ntype_1
6461	ntype_1
6462	ntype_1
6463	ntype_1
6464	ntype_3
6465	ntype_1
6466	ntype_1
6467	ntype_2
6468	ntype_2
6469	ntype_1
6470	ntype_1
6471	ntype_2
6472	ntype_3
6473	ntype_1
6474	ntype_1
6475	ntype_2
6476	ntype_0
6477	ntype_2
6478	ntype_0
6479	ntype_2
6480	ntype_2
6481	ntype_0
6482	ntype_1
6483	ntype_2
6484	ntype_2
6485	ntype_0
6486	ntype_0
6487	ntype_2
6488	ntype_3
6489	ntype_1
6490	ntype_0
6491	ntype_2
6492	ntype_3
6493	ntype_0
6494	ntype_0
6495	ntype_2
6496	ntype_1
6497	ntype_1
6498	ntype_0
6499	ntype_1
6500	ntype_1
6501	ntype_0
6502	ntype_0
6503	ntype_2
6504	ntype_0
6505	ntype_1
6506	ntype_1
6507	ntype_2
6508	ntype_0
6509	ntype_2
6510	ntype_1
6511	ntype_1
6512	ntype_0
6513	ntype_1
6514	ntype_1
6515	ntype_2
6516	ntype_3
6517	ntype_2
6518	ntype_1
6519	ntype_1
6520	ntype_2
6521	ntype_0
6522	ntype_3
6523	ntype_2
6524	ntype_3
6525	ntype_2
6526	ntype_0
6527	ntype_1
6528	ntype_3
6529	ntype_0
6530	ntype_2
6531	ntype_2
6532	ntype_3
6533	ntype_2
6534	ntype_3
6535	ntype_0
6536	ntype_3
6537	ntype_2
6538	ntype_3
6539	ntype_1
6540	ntype_1
6541	ntype_2
6542	ntype_3
6543	ntype_0
6544	ntype_3
6545	ntype_0
6546	ntype_0
6547	ntype_0
6548	ntype_1
6549	ntype_3
6550	ntype_0
6551	ntype_0
6552	ntype_0
6553	ntype_1
6554	ntype_0
6555	ntype_2
6556	ntype_1
6557	ntype_0
6558	ntype_3
6559	ntype_3
6560	ntype_1
6561	ntype_3
6562	ntype_2
6563	ntype_2
6564	ntype_3
6565	ntype_3
6566	ntype_0
6567	ntype_1
6568	ntype_2
6569	ntype_0
6570	ntype_1
6571	ntype_3
6572	ntype_1
6573	ntype_1
6574	ntype_3
6575	ntype_1
6576	ntype_3
6577	ntype_0
6578	ntype_0
6579	ntype_0
6580	ntype_2
6581	ntype_2
6582	ntype_3
6583	ntype_1
6584	ntype_2
6585	ntype_1
6586	ntype_1
6587	ntype_1
6588	ntype_1
6589	ntype_2
6590	ntype_2
6591	ntype_3
6592	ntype_2
6593	ntype_0
6594	ntype_1
6595	ntype_1
6596	ntype_3
6597	ntype_0
6598	ntype_2
6599	ntype_2
6600	ntype_2
6601	ntype_0
6602	ntype_1
6603	ntype_0
6604	ntype_1
6605	ntype_2
6606	ntype_2
6607	ntype_2
6608	ntype_0
6609	ntype_2
6610	ntype_3
6611	ntype_3
6612	ntype_3
6613	ntype_2
6614	ntype_3
6615	ntype_1
6616	ntype_1
6617	ntype_0
6618	ntype_0
6619	ntype_2
6620	ntype_1
6621	ntype_0
6622	ntype_2
6623	ntype_1
6624	ntype_2
6625	ntype_2
6626	ntype_0
6627	ntype_1
6628	ntype_0
6629	ntype_1
6630	ntype_0
6631	ntype_0
6632	ntype_2
6633	ntype_1
6634	ntype_1
6635	ntype_1
6636	ntype_3
6637	ntype_3
6638	ntype_0
6639	ntype_1
6640	ntype_1
6641	ntype_1
6642	ntype_3
6643	ntype_1
6644	ntype_0
6645	ntype_3
6646	ntype_3
6647	ntype_0
6648	ntype_2
6649	ntype_2
6650	ntype_3
6651	ntype_2
6652	ntype_3
6653	ntype_1
6654	ntype_2
6655	ntype_0
6656	ntype_1
6657	ntype_3
6658	ntype_0
6659	ntype_1
6660	ntype_2
6661	ntype_2
6662	ntype_0
6663	ntype_1
6664	ntype_2
6665	ntype_2
6666	ntype_0
6667	ntype_3
6668	ntype_3
6669	ntype_2
6670	ntype_0
6671	ntype_1
6672	ntype_2
6673	ntype_2
6674	ntype_0
6675	ntype_2
6676	ntype_1
6677	ntype_0
6678	ntype_3
6679	ntype_1
6680	ntype_0
6681	ntype_0
6682	ntype_2
6683	ntype_2
6684	ntype_3
6685	ntype_2
6686	ntype_2
6687	ntype_1
6688	ntype_3
6689	ntype_0
6690	ntype_0
6691	ntype_3
6692	ntype_1
6693	ntype_1
6694	ntype_3
6695	ntype_3
6696	ntype_1
6697	ntype_2
6698	ntype_1
6699	ntype_2
6700	ntype_0
6701	ntype_0
6702	ntype_1
6703	ntype_0
6704	ntype_3
6705	ntype_0
6706	ntype_0
6707	ntype_3
6708	ntype_0
6709	ntype_3
6710	ntype_3
6711	ntype_2
6712	ntype_0
6713	ntype_3
6714	ntype_3
6715	ntype_0
6716	ntype_3
6717	ntype_0
6718	ntype_2
6719	ntype_0
6720	ntype_3
6721	ntype_2
6722	ntype_1
6723	ntype_1
6724	ntype_1
6725	ntype_3
6726	ntype_1
6727	ntype_3
6728	ntype_1
6729	ntype_3
6730	ntype_3
6731	ntype_1
6732	ntype_3
6733	ntype_3
6734	ntype_3
6735	ntype_1
6736	ntype_0
6737	ntype_2
6738	ntype_0
6739	ntype_0
6740	ntype_3
6741	ntype_1
6742	ntype_2
6743	ntype_3
6744	ntype_3
6745	ntype_2
6746	ntype_2
6747	ntype_0
6748	ntype_3
6749	ntype_2
6750	ntype_0
6751	ntype_0
6752	ntype_1
6753	ntype_2
6754	ntype_2
6755	ntype_2
6756	ntype_2
6757	ntype_2
6758	ntype_0
6759	ntype_3
6760	ntype_3
6761	ntype_0
6762	ntype_0
6763	ntype_0
6764	ntype_3
6765	ntype_2
6766	ntype_1
6767	ntype_3
6768	ntype_1
6769	ntype_3
6770	ntype_1
6771	ntype_3
6772	ntype_1
6773	ntype_2
6774	ntype_2
6775	ntype_0
6776	ntype_0
6777	ntype_0
6778	ntype_0
6779	ntype_0
6780	ntype_3
6781	ntype_3
6782	ntype_3
6783	ntype_1
6784	ntype_3
6785	ntype_1
6786	ntype_2
6787	ntype_1
6788	ntype_3
6789	ntype_0
6790	ntype_2
6791	ntype_0
6792	ntype_0
6793	ntype_0
6794	ntype_2
6795	ntype_1
6796	ntype_0
6797	ntype_1
6798	ntype_0
6799	ntype_3
6800	ntype_2
6801	ntype_1
6802	ntype_1
6803	ntype_2
6804	ntype_3
6805	ntype_1
6806	ntype_1
6807	ntype_2
6808	ntype_3
6809	ntype_2
6810	ntype_2
6811	ntype_1
6812	ntype_3
6813	ntype_0
6814	ntype_0
6815	ntype_3
6816	ntype_0
6817	ntype_1
6818	ntype_3
6819	ntype_1
6820	ntype_3
6821	ntype_3
6822	ntype_0
6823	ntype_2
6824	ntype_1
6825	ntype_1
6826	ntype_3
6827	ntype_3
6828	ntype_3
6829	ntype_3
6830	ntype_2
6831	ntype_0
6832	ntype_0
6833	ntype_2
6834	ntype_3
6835	ntype_1
6836	ntype_0
6837	ntype_2
6838	ntype_1
6839	ntype_1
6840	ntype_2
6841	ntype_0
6842	ntype_1
6843	ntype_3
6844	ntype_1
6845	ntype_3
6846	ntype_0
6847	ntype_2
6848	ntype_2
6849	ntype_2
6850	ntype_2
6851	ntype_0
6852	ntype_2
6853	ntype_0
6854	ntype_2
6855	ntype_0
6856	ntype_1
6857	ntype_0
6858	ntype_0
6859	ntype_2
6860	ntype_0
6861	ntype_2
6862	ntype_1
6863	ntype_3
6864	ntype_3
6865	ntype_0
6866	ntype_2
6867	ntype_1
6868	ntype_2
6869	ntype_3
6870	ntype_1
6871	ntype_0
6872	ntype_0
6873	ntype_3
6874	ntype_0
6875	ntype_1
6876	ntype_0
6877	ntype_0
6878	ntype_2
6879	ntype_2
6880	ntype_3
6881	ntype_1
6882	ntype_3
6883	ntype_2
6884	ntype_2
6885	ntype_1
6886	ntype_3
6887	ntype_2
6888	ntype_3
6889	ntype_1
6890	ntype_1
6891	ntype_0
6892	ntype_1
6893	ntype_0
6894	ntype_0
6895	ntype_2
6896	ntype_1
6897	ntype_1
6898	ntype_1
6899	ntype_0
6900	ntype_3
6901	ntype_1
6902	ntype_2
6903	ntype_1
6904	ntype_0
6905	ntype_0
6906	ntype_0
6907	ntype_0
6908	ntype_2
6909	ntype_1
6910	ntype_2
6911	ntype_0
6912	ntype_2
6913	ntype_0
6914	ntype_1
6915	ntype_1
6916	ntype_3
6917	ntype_0
6918	ntype_1
6919	ntype_3
6920	ntype_3
6921	ntype_0
6922	ntype_1
6923	ntype_2
6924	ntype_2
6925	ntype_2
6926	ntype_1
6927	ntype_2
6928	ntype_1
6929	ntype_1
6930	ntype_0
6931	ntype_2
6932	ntype_1
6933	ntype_1
6934	ntype_3
6935	ntype_3
6936	ntype_1
6937	ntype_2
6938	ntype_1
6939	ntype_2
6940	ntype_3
6941	ntype_0
6942	ntype_2
6943	ntype_1
6944	ntype_2
6945	ntype_0
6946	ntype_0
6947	ntype_1
6948	ntype_3
6949	ntype_2
6950	ntype_2
6951	ntype_2
6952	ntype_0
6953	ntype_0
6954	ntype_3
6955	ntype_3
6956	ntype_1
6957	ntype_2
6958	ntype_3
6959	ntype_1
6960	ntype_0
6961	ntype_1
6962	ntype_0
6963	ntype_0
6964	ntype_2
6965	ntype_0
6966	ntype_2
6967	ntype_0
6968	ntype_2
6969	ntype_3
6970	ntype_1
6971	ntype_0
6972	ntype_1
6973	ntype_3
6974	ntype_2
6975	ntype_1
6976	ntype_3
6977	ntype_1
6978	ntype_3
6979	ntype_0
6980	ntype_1
6981	ntype_1
6982	ntype_1
6983	ntype_0
6984	ntype_3
6985	ntype_2
6986	ntype_3
6987	ntype_1
6988	ntype_0
6989	ntype_3
6990	ntype_3
6991	ntype_2
6992	ntype_0
6993	ntype_1
6994	ntype_1
6995	ntype_3
6996	ntype_1
6997	ntype_2
6998	ntype_0
6999	ntype_3
7000	ntype_2
7001	ntype_1
7002	ntype_2
7003	ntype_2
7004	ntype_2
7005	ntype_0
7006	ntype_0
7007	ntype_0
7008	ntype_1
7009	ntype_2
7010	ntype_2
7011	ntype_0
7012	ntype_2
7013	ntype_2
7014	ntype_3
7015	ntype_0
7016	ntype_0
7017	ntype_0
7018	ntype_1
7019	ntype_1
7020	ntype_2
7021	ntype_3
7022	ntype_1
7023	ntype_2
7024	ntype_3
7025	ntype_3
7026	ntype_3
7027	ntype_0
7028	ntype_0
7029	ntype_3
7030	ntype_3
7031	ntype_1
7032	ntype_1
7033	ntype_3
7034	ntype_1
7035	ntype_2
7036	ntype_3
7037	ntype_0
7038	ntype_3
7039	ntype_1
7040	ntype_0
7041	ntype_2
7042	ntype_2
7043	ntype_0
7044	ntype_2
7045	ntype_3
7046	ntype_1
7047	ntype_3
7048	ntype_2
7049	ntype_1
7050	ntype_1
7051	ntype_2
7052	ntype_0
7053	ntype_1
7054	ntype_1
7055	ntype_2
7056	ntype_1
7057	ntype_3
7058	ntype_0
7059	ntype_2
7060	ntype_1
7061	ntype_2
7062	ntype_0
7063	ntype_1
7064	ntype_1
7065	ntype_2
7066	ntype_0
7067	ntype_0
7068	ntype_2
7069	ntype_1
7070	ntype_1
7071	ntype_0
7072	ntype_3
7073	ntype_2
7074	ntype_3
7075	ntype_3
7076	ntype_2
7077	ntype_3
7078	ntype_3
7079	ntype_3
7080	ntype_3
7081	ntype_3
7082	ntype_3
7083	ntype_1
7084	ntype_0
7085	ntype_2
7086	ntype_0
7087	ntype_0
7088	ntype_1
7089	ntype_0
7090	ntype_2
7091	ntype_3
7092	ntype_2
7093	ntype_1
7094	ntype_3
7095	ntype_0
7096	ntype_0
7097	ntype_2
7098	ntype_2
7099	ntype_2
7100	ntype_1
7101	ntype_1
7102	ntype_2
7103	ntype_3
7104	ntype_2
7105	ntype_2
7106	ntype_2
7107	ntype_0
7108	ntype_3
7109	ntype_3
7110	ntype_1
7111	ntype_1
7112	ntype_2
7113	ntype_3
7114	ntype_1
7115	ntype_2
7116	ntype_3
7117	ntype_0
7118	ntype_0
7119	ntype_0
7120	ntype_0
7121	ntype_0
7122	ntype_2
7123	ntype_3
7124	ntype_0
7125	ntype_3
7126	ntype_0
7127	ntype_0
7128	ntype_3
7129	ntype_0
7130	ntype_1
7131	ntype_1
7132	ntype_2
7133	ntype_1
7134	ntype_0
7135	ntype_3
7136	ntype_0
7137	ntype_2
7138	ntype_1
7139	ntype_1
7140	ntype_3
7141	ntype_3
7142	ntype_2
7143	ntype_2
7144	ntype_2
7145	ntype_0
7146	ntype_3
7147	ntype_0
7148	ntype_2
7149	ntype_3
7150	ntype_3
7151	ntype_0
7152	ntype_1
7153	ntype_1
7154	ntype_3
7155	ntype_1
7156	ntype_1
7157	ntype_2
7158	ntype_0
7159	ntype_2
7160	ntype_0
7161	ntype_3
7162	ntype_1
7163	ntype_1
7164	ntype_3
7165	ntype_1
7166	ntype_1
7167	ntype_1
7168	ntype_1
7169	ntype_3
7170	ntype_0
7171	ntype_0
7172	ntype_1
7173	ntype_2
7174	ntype_2
7175	ntype_3
7176	ntype_2
7177	ntype_0
7178	ntype_1
7179	ntype_2
7180	ntype_3
7181	ntype_1
7182	ntype_2
7183	ntype_1
7184	ntype_2
7185	ntype_2
7186	ntype_3
7187	ntype_1
7188	ntype_0
7189	ntype_3
7190	ntype_1
7191	ntype_2
7192	ntype_2
7193	ntype_0
7194	ntype_3
7195	ntype_2
7196	ntype_0
7197	ntype_1
7198	ntype_0
7199	ntype_3
7200	ntype_2
7201	ntype_0
7202	ntype_2
7203	ntype_2
7204	ntype_3
7205	ntype_3
7206	ntype_2
7207	ntype_0
7208	ntype_0
7209	ntype_3
7210	ntype_0
7211	ntype_3
7212	ntype_3
7213	ntype_0
7214	ntype_3
7215	ntype_2
7216	ntype_2
7217	ntype_1
7218	ntype_1
7219	ntype_2
7220	ntype_1
7221	ntype_1
7222	ntype_1
7223	ntype_0
7224	ntype_0
7225	ntype_1
7226	ntype_3
7227	ntype_3
7228	ntype_2
7229	ntype_3
7230	ntype_1
7231	ntype_0
7232	ntype_1
7233	ntype_0
7234	ntype_2
7235	ntype_0
7236	ntype_0
7237	ntype_1
7238	ntype_3
7239	ntype_1
7240	ntype_3
7241	ntype_0
7242	ntype_3
7243	ntype_2
7244	ntype_3
7245	ntype_1
7246	ntype_2
7247	ntype_3
7248	ntype_3
7249	ntype_2
7250	ntype_1
7251	ntype_3
7252	ntype_2
7253	ntype_1
7254	ntype_0
7255	ntype_3
7256	ntype_1
7257	ntype_3
7258	ntype_2
7259	ntype_2
7260	ntype_3
7261	ntype_3
7262	ntype_3
7263	ntype_3
7264	ntype_0
7265	ntype_1
7266	ntype_2
7267	ntype_1
7268	ntype_3
7269	ntype_1
7270	ntype_1
7271	ntype_0
7272	ntype_2
7273	ntype_3
7274	ntype_3
7275	ntype_2
7276	ntype_0
7277	ntype_2
7278	ntype_0
7279	ntype_2
7280	ntype_0
7281	ntype_1
7282	ntype_2
7283	ntype_3
7284	ntype_1
7285	ntype_3
7286	ntype_3
7287	ntype_1
7288	ntype_1
7289	ntype_1
7290	ntype_0
7291	ntype_0
7292	ntype_0
7293	ntype_1
7294	ntype_0
7295	ntype_3
7296	ntype_1
7297	ntype_2
7298	ntype_2
7299	ntype_1
7300	ntype_1
7301	ntype_3
7302	ntype_0
7303	ntype_0
7304	ntype_2
7305	ntype_3
7306	ntype_3
7307	ntype_3
7308	ntype_1
7309	ntype_0
7310	ntype_2
7311	ntype_3
7312	ntype_0
7313	ntype_3
7314	ntype_1
7315	ntype_1
7316	ntype_3
7317	ntype_1
7318	ntype_1
7319	ntype_3
7320	ntype_1
7321	ntype_0
7322	ntype_0
7323	ntype_3
7324	ntype_0
7325	ntype_0
7326	ntype_2
7327	ntype_2
7328	ntype_3
7329	ntype_1
7330	ntype_2
7331	ntype_2
7332	ntype_2
7333	ntype_3
7334	ntype_1
7335	ntype_3
7336	ntype_3
7337	ntype_1
7338	ntype_2
7339	ntype_1
7340	ntype_2
7341	ntype_1
7342	ntype_3
7343	ntype_1
7344	ntype_2
7345	ntype_1
7346	ntype_0
7347	ntype_1
7348	ntype_2
7349	ntype_1
7350	ntype_2
7351	ntype_3
7352	ntype_3
7353	ntype_3
7354	ntype_3
7355	ntype_1
7356	ntype_2
7357	ntype_3
7358	ntype_3
7359	ntype_1
7360	ntype_1
7361	ntype_2
7362	ntype_1
7363	ntype_3
7364	ntype_2
7365	ntype_0
7366	ntype_1
7367	ntype_2
7368	ntype_1
7369	ntype_2
7370	ntype_2
7371	ntype_1
7372	ntype_2
7373	ntype_3
7374	ntype_1
7375	ntype_3
7376	ntype_2
7377	ntype_2
7378	ntype_0
7379	ntype_1
7380	ntype_0
7381	ntype_1
7382	ntype_2
7383	ntype_0
7384	ntype_0
7385	ntype_2
7386	ntype_3
7387	ntype_1
7388	ntype_1
7389	ntype_2
7390	ntype_3
7391	ntype_2
7392	ntype_1
7393	ntype_0
7394	ntype_1
7395	ntype_0
7396	ntype_2
7397	ntype_2
7398	ntype_0
7399	ntype_3
7400	ntype_1
7401	ntype_1
7402	ntype_1
7403	ntype_1
7404	ntype_1
7405	ntype_2
7406	ntype_0
7407	ntype_0
7408	ntype_0
7409	ntype_2
7410	ntype_2
7411	ntype_2
7412	ntype_3
7413	ntype_0
7414	ntype_2
7415	ntype_0
7416	ntype_3
7417	ntype_2
7418	ntype_2
7419	ntype_3
7420	ntype_0
7421	ntype_3
7422	ntype_2
7423	ntype_0
7424	ntype_0
7425	ntype_1
7426	ntype_0
7427	ntype_1
7428	ntype_1
7429	ntype_0
7430	ntype_0
7431	ntype_0
7432	ntype_2
7433	ntype_0
7434	ntype_0
7435	ntype_0
7436	ntype_0
7437	ntype_2
7438	ntype_2
7439	ntype_1
7440	ntype_3
7441	ntype_2
7442	ntype_3
7443	ntype_0
7444	ntype_2
7445	ntype_0
7446	ntype_1
7447	ntype_1
7448	ntype_0
7449	ntype_2
7450	ntype_1
7451	ntype_3
7452	ntype_0
7453	ntype_3
7454	ntype_2
7455	ntype_2
7456	ntype_1
7457	ntype_2
7458	ntype_2
7459	ntype_3
7460	ntype_2
7461	ntype_3
7462	ntype_3
7463	ntype_0
7464	ntype_2
7465	ntype_2
7466	ntype_1
7467	ntype_3
7468	ntype_1
7469	ntype_3
7470	ntype_2
7471	ntype_1
7472	ntype_1
7473	ntype_0
7474	ntype_2
7475	ntype_3
7476	ntype_3
7477	ntype_3
7478	ntype_1
7479	ntype_2
7480	ntype_0
7481	ntype_1
7482	ntype_2
7483	ntype_2
7484	ntype_2
7485	ntype_1
7486	ntype_0
7487	ntype_2
7488	ntype_3
7489	ntype_3
7490	ntype_2
7491	ntype_1
7492	ntype_2
7493	ntype_2
7494	ntype_0
7495	ntype_3
7496	ntype_3
7497	ntype_2
7498	ntype_0
7499	ntype_0
7500	ntype_2
7501	ntype_0
7502	ntype_1
7503	ntype_3
7504	ntype_0
7505	ntype_1
7506	ntype_3
7507	ntype_2
7508	ntype_3
7509	ntype_2
7510	ntype_3
7511	ntype_1
7512	ntype_2
7513	ntype_0
7514	ntype_1
7515	ntype_3
7516	ntype_0
7517	ntype_1
7518	ntype_3
7519	ntype_3
7520	ntype_3
7521	ntype_2
7522	ntype_0
7523	ntype_3
7524	ntype_3
7525	ntype_0
7526	ntype_2
7527	ntype_3
7528	ntype_2
7529	ntype_0
7530	ntype_3
7531	ntype_1
7532	ntype_0
7533	ntype_0
7534	ntype_3
7535	ntype_0
7536	ntype_3
7537	ntype_3
7538	ntype_2
7539	ntype_3
7540	ntype_0
7541	ntype_0
7542	ntype_1
7543	ntype_1
7544	ntype_2
7545	ntype_1
7546	ntype_2
7547	ntype_1
7548	ntype_1
7549	ntype_0
7550	ntype_1
7551	ntype_1
7552	ntype_0
7553	ntype_3
7554	ntype_0
7555	ntype_1
7556	ntype_2
7557	ntype_3
7558	ntype_1
7559	ntype_2
7560	ntype_1
7561	ntype_1
7562	ntype_2
7563	ntype_0
7564	ntype_1
7565	ntype_0
7566	ntype_2
7567	ntype_3
7568	ntype_3
7569	ntype_2
7570	ntype_0
7571	ntype_0
7572	ntype_0
7573	ntype_1
7574	ntype_1
7575	ntype_0
7576	ntype_0
7577	ntype_3
7578	ntype_1
7579	ntype_3
7580	ntype_1
7581	ntype_3
7582	ntype_2
7583	ntype_2
7584	ntype_1
7585	ntype_3
7586	ntype_2
7587	ntype_3
7588	ntype_2
7589	ntype_0
7590	ntype_0
7591	ntype_1
7592	ntype_3
7593	ntype_1
7594	ntype_1
7595	ntype_0
7596	ntype_3
7597	ntype_0
7598	ntype_1
7599	ntype_2
7600	ntype_0
7601	ntype_3
7602	ntype_0
7603	ntype_1
7604	ntype_3
7605	ntype_2
7606	ntype_2
7607	ntype_0
7608	ntype_3
7609	ntype_0
7610	ntype_0
7611	ntype_1
7612	ntype_2
7613	ntype_2
7614	ntype_2
7615	ntype_3
7616	ntype_1
7617	ntype_2
7618	ntype_1
7619	ntype_0
7620	ntype_3
7621	ntype_2
7622	ntype_1
7623	ntype_3
7624	ntype_3
7625	ntype_0
7626	ntype_0
7627	ntype_1
7628	ntype_0
7629	ntype_1
7630	ntype_3
7631	ntype_0
7632	ntype_2
7633	ntype_3
7634	ntype_3
7635	ntype_1
7636	ntype_3
7637	ntype_0
7638	ntype_1
7639	ntype_2
7640	ntype_0
7641	ntype_2
7642	ntype_2
7643	ntype_3
7644	ntype_1
7645	ntype_0
7646	ntype_0
7647	ntype_1
7648	ntype_1
7649	ntype_0
7650	ntype_1
7651	ntype_1
7652	ntype_3
7653	ntype_1
7654	ntype_3
7655	ntype_1
7656	ntype_1
7657	ntype_1
7658	ntype_1
7659	ntype_2
7660	ntype_2
7661	ntype_3
7662	ntype_0
7663	ntype_3
7664	ntype_0
7665	ntype_3
7666	ntype_0
7667	ntype_1
7668	ntype_2
7669	ntype_0
7670	ntype_3
7671	ntype_1
7672	ntype_0
7673	ntype_3
7674	ntype_0
7675	ntype_0
7676	ntype_2
7677	ntype_3
7678	ntype_2
7679	ntype_0
7680	ntype_1
7681	ntype_2
7682	ntype_3
7683	ntype_0
7684	ntype_0
7685	ntype_2
7686	ntype_3
7687	ntype_2
7688	ntype_2
7689	ntype_0
7690	ntype_2
7691	ntype_0
7692	ntype_0
7693	ntype_3
7694	ntype_2
7695	ntype_1
7696	ntype_0
7697	ntype_1
7698	ntype_3
7699	ntype_2
7700	ntype_2
7701	ntype_0
7702	ntype_0
7703	ntype_0
7704	ntype_2
7705	ntype_3
7706	ntype_0
7707	ntype_3
7708	ntype_2
7709	ntype_3
7710	ntype_3
7711	ntype_3
7712	ntype_2
7713	ntype_2
7714	ntype_3
7715	ntype_3
7716	ntype_2
7717	ntype_3
7718	ntype_2
7719	ntype_1
7720	ntype_0
7721	ntype_2
7722	ntype_1
7723	ntype_3
7724	ntype_3
7725	ntype_1
7726	ntype_0
7727	ntype_2
7728	ntype_2
7729	ntype_1
7730	ntype_0
7731	ntype_3
7732	ntype_3
7733	ntype_1
7734	ntype_3
7735	ntype_1
7736	ntype_0
7737	ntype_3
7738	ntype_2
7739	ntype_0
7740	ntype_3
7741	ntype_3
7742	ntype_1
7743	ntype_3
7744	ntype_0
7745	ntype_2
7746	ntype_0
7747	ntype_2
7748	ntype_2
7749	ntype_2
7750	ntype_3
7751	ntype_1
7752	ntype_1
7753	ntype_1
7754	ntype_3
7755	ntype_1
7756	ntype_0
7757	ntype_2
7758	ntype_0
7759	ntype_3
7760	ntype_2
7761	ntype_2
7762	ntype_1
7763	ntype_3
7764	ntype_0
7765	ntype_3
7766	ntype_1
7767	ntype_2
7768	ntype_0
7769	ntype_0
7770	ntype_2
7771	ntype_2
7772	ntype_2
7773	ntype_1
7774	ntype_2
7775	ntype_0
7776	ntype_2
7777	ntype_1
7778	ntype_2
7779	ntype_0
7780	ntype_1
7781	ntype_1
7782	ntype_1
7783	ntype_2
7784	ntype_3
7785	ntype_3
7786	ntype_1
7787	ntype_0
7788	ntype_0
7789	ntype_0
7790	ntype_0
7791	ntype_2
7792	ntype_0
7793	ntype_0
7794	ntype_2
7795	ntype_1
7796	ntype_0
7797	ntype_2
7798	ntype_0
7799	ntype_1
7800	ntype_3
7801	ntype_0
7802	ntype_2
7803	ntype_0
7804	ntype_2
7805	ntype_1
7806	ntype_3
7807	ntype_1
7808	ntype_0
7809	ntype_0
7810	ntype_3
7811	ntype_0
7812	ntype_0
7813	ntype_0
7814	ntype_2
7815	ntype_3
7816	ntype_2
7817	ntype_2
7818	ntype_3
7819	ntype_0
7820	ntype_2
7821	ntype_1
7822	ntype_1
7823	ntype_2
7824	ntype_0
7825	ntype_1
7826	ntype_1
7827	ntype_1
7828	ntype_0
7829	ntype_0
7830	ntype_2
7831	ntype_1
7832	ntype_1
7833	ntype_3
7834	ntype_0
7835	ntype_1
7836	ntype_3
7837	ntype_1
7838	ntype_2
7839	ntype_3
7840	ntype_2
7841	ntype_2
7842	ntype_0
7843	ntype_3
7844	ntype_3
7845	ntype_1
7846	ntype_2
7847	ntype_3
7848	ntype_2
7849	ntype_2
7850	ntype_0
7851	ntype_0
7852	ntype_3
7853	ntype_1
7854	ntype_1
7855	ntype_1
7856	ntype_1
7857	ntype_0
7858	ntype_1
7859	ntype_0
7860	ntype_1
7861	ntype_0
7862	ntype_3
7863	ntype_3
7864	ntype_1
7865	ntype_0
7866	ntype_0
7867	ntype_2
7868	ntype_0
7869	ntype_1
7870	ntype_2
7871	ntype_0
7872	ntype_1
7873	ntype_0
7874	ntype_3
7875	ntype_2
7876	ntype_0
7877	ntype_3
7878	ntype_3
7879	ntype_3
7880	ntype_3
7881	ntype_2
7882	ntype_3
7883	ntype_1
7884	ntype_1
7885	ntype_2
7886	ntype_2
7887	ntype_1
7888	ntype_1
7889	ntype_2
7890	ntype_3
7891	ntype_0
7892	ntype_1
7893	ntype_2
7894	ntype_2
7895	ntype_0
7896	ntype_1
7897	ntype_0
7898	ntype_3
7899	ntype_0
7900	ntype_2
7901	ntype_3
7902	ntype_0
7903	ntype_2
7904	ntype_1
7905	ntype_2
7906	ntype_1
7907	ntype_1
7908	ntype_1
7909	ntype_2
7910	ntype_3
7911	ntype_2
7912	ntype_3
7913	ntype_0
7914	ntype_3
7915	ntype_3
7916	ntype_0
7917	ntype_2
7918	ntype_0
7919	ntype_3
7920	ntype_2
7921	ntype_0
7922	ntype_0
7923	ntype_2
7924	ntype_1
7925	ntype_3
7926	ntype_0
7927	ntype_1
7928	ntype_1
7929	ntype_1
7930	ntype_2
7931	ntype_3
7932	ntype_1
7933	ntype_3
7934	ntype_1
7935	ntype_2
7936	ntype_0
7937	ntype_3
7938	ntype_2
7939	ntype_1
7940	ntype_2
7941	ntype_1
7942	ntype_3
7943	ntype_3
7944	ntype_1
7945	ntype_2
7946	ntype_2
7947	ntype_1
7948	ntype_1
7949	ntype_2
7950	ntype_2
7951	ntype_1
7952	ntype_3
7953	ntype_3
7954	ntype_2
7955	ntype_3
7956	ntype_2
7957	ntype_0
7958	ntype_3
7959	ntype_1
7960	ntype_1
7961	ntype_0
7962	ntype_3
7963	ntype_2
7964	ntype_0
7965	ntype_0
7966	ntype_3
7967	ntype_0
7968	ntype_2
7969	ntype_1
7970	ntype_0
7971	ntype_2
7972	ntype_1
7973	ntype_3
7974	ntype_2
7975	ntype_1
7976	ntype_3
7977	ntype_2
7978	ntype_3
7979	ntype_2
7980	ntype_1
7981	ntype_3
7982	ntype_3
7983	ntype_2
7984	ntype_0
7985	ntype_1
7986	ntype_2
7987	ntype_0
7988	ntype_1
7989	ntype_1
7990	ntype_1
7991	ntype_2
7992	ntype_2
7993	ntype_2
7994	ntype_0
7995	ntype_3
7996	ntype_2
7997	ntype_1
7998	ntype_3
7999	ntype_3
8000	ntype_1
8001	ntype_2
8002	ntype_1
8003	ntype_1
8004	ntype_3
8005	ntype_0
8006	ntype_2
8007	ntype_3
8008	ntype_0
8009	ntype_0
8010	ntype_3
8011	ntype_0
8012	ntype_0
8013	ntype_1
8014	ntype_2
8015	ntype_3
8016	ntype_0
8017	ntype_0
8018	ntype_1
8019	ntype_3
8020	ntype_3
8021	ntype_0
8022	ntype_0
8023	ntype_0
8024	ntype_0
8025	ntype_2
8026	ntype_1
8027	ntype_1
8028	ntype_3
8029	ntype_0
8030	ntype_3
8031	ntype_3
8032	ntype_3
8033	ntype_3
8034	ntype_0
8035	ntype_2
8036	ntype_0
8037	ntype_1
8038	ntype_0
8039	ntype_3
8040	ntype_1
8041	ntype_2
8042	ntype_0
8043	ntype_2
8044	ntype_2
8045	ntype_0
8046	ntype_3
8047	ntype_2
8048	ntype_3
8049	ntype_0
8050	ntype_3
8051	ntype_1
8052	ntype_2
8053	ntype_3
8054	ntype_3
8055	ntype_1
8056	ntype_0
8057	ntype_2
8058	ntype_3
8059	ntype_1
8060	ntype_0
8061	ntype_1
8062	ntype_3
8063	ntype_0
8064	ntype_1
8065	ntype_3
8066	ntype_3
8067	ntype_0
8068	ntype_0
8069	ntype_1
8070	ntype_2
8071	ntype_0
8072	ntype_3
8073	ntype_0
8074	ntype_3
8075	ntype_1
8076	ntype_3
8077	ntype_1
8078	ntype_2
8079	ntype_0
8080	ntype_3
8081	ntype_1
8082	ntype_3
8083	ntype_0
8084	ntype_3
8085	ntype_2
8086	ntype_2
8087	ntype_3
8088	ntype_2
8089	ntype_1
8090	ntype_0
8091	ntype_2
8092	ntype_2
8093	ntype_3
8094	ntype_1
8095	ntype_3
8096	ntype_0
8097	ntype_2
8098	ntype_1
8099	ntype_2
8100	ntype_2
8101	ntype_3
8102	ntype_3
8103	ntype_2
8104	ntype_1
8105	ntype_2
8106	ntype_2
8107	ntype_1
8108	ntype_3
8109	ntype_3
8110	ntype_2
8111	ntype_2
8112	ntype_2
8113	ntype_3
8114	ntype_2
8115	ntype_0
8116	ntype_1
8117	ntype_1
8118	ntype_1
8119	ntype_2
8120	ntype_3
8121	ntype_3
8122	ntype_1
8123	ntype_0
8124	ntype_1
8125	ntype_3
8126	ntype_0
8127	ntype_0
8128	ntype_2
8129	ntype_2
8130	ntype_0
8131	ntype_2
8132	ntype_2
8133	ntype_3
8134	ntype_1
8135	ntype_3
8136	ntype_3
8137	ntype_2
8138	ntype_2
8139	ntype_3
8140	ntype_3
8141	ntype_3
8142	ntype_2
8143	ntype_2
8144	ntype_0
8145	ntype_0
8146	ntype_1
8147	ntype_1
8148	ntype_2
8149	ntype_1
8150	ntype_1
8151	ntype_3
8152	ntype_2
8153	ntype_1
8154	ntype_1
8155	ntype_0
8156	ntype_3
8157	ntype_2
8158	ntype_2
8159	ntype_3
8160	ntype_0
8161	ntype_0
8162	ntype_3
8163	ntype_0
8164	ntype_2
8165	ntype_1
8166	ntype_1
8167	ntype_0
8168	ntype_3
8169	ntype_2
8170	ntype_3
8171	ntype_2
8172	ntype_3
8173	ntype_3
8174	ntype_1
8175	ntype_0
8176	ntype_1
8177	ntype_0
8178	ntype_3
8179	ntype_3
8180	ntype_2
8181	ntype_2
8182	ntype_3
8183	ntype_3
8184	ntype_3
8185	ntype_1
8186	ntype_2
8187	ntype_3
8188	ntype_1
8189	ntype_2
8190	ntype_2
8191	ntype_1
8192	ntype_2
8193	ntype_0
8194	ntype_2
8195	ntype_3
8196	ntype_2
8197	ntype_3
8198	ntype_0
8199	ntype_0
8200	ntype_0
8201	ntype_2
8202	ntype_0
8203	ntype_3
8204	ntype_1
8205	ntype_0
8206	ntype_2
8207	ntype_0
8208	ntype_2
8209	ntype_0
8210	ntype_3
8211	ntype_2
8212	ntype_1
8213	ntype_1
8214	ntype_1
8215	ntype_1
8216	ntype_1
8217	ntype_3
8218	ntype_2
8219	ntype_1
8220	ntype_3
8221	ntype_1
8222	ntype_1
8223	ntype_0
8224	ntype_2
8225	ntype_0
8226	ntype_3
8227	ntype_1
8228	ntype_2
8229	ntype_0
8230	ntype_1
8231	ntype_0
8232	ntype_0
8233	ntype_1
8234	ntype_3
8235	ntype_3
8236	ntype_3
8237	ntype_2
8238	ntype_0
8239	ntype_0
8240	ntype_3
8241	ntype_1
8242	ntype_3
8243	ntype_2
8244	ntype_1
8245	ntype_2
8246	ntype_3
8247	ntype_2
8248	ntype_1
8249	ntype_1
8250	ntype_0
8251	ntype_0
8252	ntype_0
8253	ntype_1
8254	ntype_1
8255	ntype_1
8256	ntype_3
8257	ntype_1
8258	ntype_3
8259	ntype_0
8260	ntype_3
8261	ntype_2
8262	ntype_1
8263	ntype_3
8264	ntype_3
8265	ntype_2
8266	ntype_2
8267	ntype_1
8268	ntype_0
8269	ntype_2
8270	ntype_0
8271	ntype_3
8272	ntype_0
8273	ntype_0
8274	ntype_0
8275	ntype_2
8276	ntype_3
8277	ntype_2
8278	ntype_2
8279	ntype_0
8280	ntype_3
8281	ntype_0
8282	ntype_3
8283	ntype_2
8284	ntype_3
8285	ntype_0
8286	ntype_3
8287	ntype_1
8288	ntype_3
8289	ntype_3
8290	ntype_0
8291	ntype_3
8292	ntype_3
8293	ntype_3
8294	ntype_3
8295	ntype_0
8296	ntype_3
8297	ntype_3
8298	ntype_3
8299	ntype_2
8300	ntype_3
8301	ntype_1
8302	ntype_2
8303	ntype_1
8304	ntype_3
8305	ntype_2
8306	ntype_2
8307	ntype_3
8308	ntype_0
8309	ntype_0
8310	ntype_0
8311	ntype_0
8312	ntype_1
8313	ntype_1
8314	ntype_2
8315	ntype_3
8316	ntype_2
8317	ntype_1
8318	ntype_0
8319	ntype_0
8320	ntype_0
8321	ntype_0
8322	ntype_1
8323	ntype_2
8324	ntype_1
8325	ntype_1
8326	ntype_3
8327	ntype_0
8328	ntype_2
8329	ntype_3
8330	ntype_0
8331	ntype_2
8332	ntype_2
8333	ntype_3
8334	ntype_3
8335	ntype_0
8336	ntype_2
8337	ntype_0
8338	ntype_1
8339	ntype_0
8340	ntype_2
8341	ntype_3
8342	ntype_2
8343	ntype_0
8344	ntype_0
8345	ntype_0
8346	ntype_0
8347	ntype_0
8348	ntype_1
8349	ntype_2
8350	ntype_1
8351	ntype_0
8352	ntype_0
8353	ntype_3
8354	ntype_1
8355	ntype_0
8356	ntype_0
8357	ntype_3
8358	ntype_1
8359	ntype_3
8360	ntype_0
8361	ntype_1
8362	ntype_3
8363	ntype_3
8364	ntype_2
8365	ntype_2
8366	ntype_1
8367	ntype_0
8368	ntype_2
8369	ntype_3
8370	ntype_3
8371	ntype_2
8372	ntype_0
8373	ntype_0
8374	ntype_1
8375	ntype_2
8376	ntype_3
8377	ntype_2
8378	ntype_2
8379	ntype_3
8380	ntype_1
8381	ntype_2
8382	ntype_3
8383	ntype_3
8384	ntype_1
8385	ntype_3
8386	ntype_3
8387	ntype_1
8388	ntype_3
8389	ntype_3
8390	ntype_1
8391	ntype_3
8392	ntype_2
8393	ntype_2
8394	ntype_1
8395	ntype_0
8396	ntype_3
8397	ntype_1
8398	ntype_0
8399	ntype_0
8400	ntype_0
8401	ntype_0
8402	ntype_0
8403	ntype_2
8404	ntype_1
8405	ntype_2
8406	ntype_0
8407	ntype_3
8408	ntype_0
8409	ntype_2
8410	ntype_0
8411	ntype_0
8412	ntype_2
8413	ntype_3
8414	ntype_1
8415	ntype_1
8416	ntype_3
8417	ntype_2
8418	ntype_2
8419	ntype_1
8420	ntype_3
8421	ntype_3
8422	ntype_3
8423	ntype_0
8424	ntype_2
8425	ntype_2
8426	ntype_0
8427	ntype_0
8428	ntype_3
8429	ntype_1
8430	ntype_0
8431	ntype_2
8432	ntype_2
8433	ntype_0
8434	ntype_3
8435	ntype_0
8436	ntype_0
8437	ntype_0
8438	ntype_2
8439	ntype_2
8440	ntype_2
8441	ntype_2
8442	ntype_3
8443	ntype_1
8444	ntype_0
8445	ntype_2
8446	ntype_0
8447	ntype_2
8448	ntype_3
8449	ntype_3
8450	ntype_0
8451	ntype_3
8452	ntype_2
8453	ntype_3
8454	ntype_1
8455	ntype_3
8456	ntype_2
8457	ntype_1
8458	ntype_2
8459	ntype_0
8460	ntype_0
8461	ntype_3
8462	ntype_1
8463	ntype_2
8464	ntype_3
8465	ntype_2
8466	ntype_3
8467	ntype_1
8468	ntype_1
8469	ntype_1
8470	ntype_3
8471	ntype_2
8472	ntype_3
8473	ntype_1
8474	ntype_1
8475	ntype_1
8476	ntype_2
8477	ntype_2
8478	ntype_3
8479	ntype_1
8480	ntype_2
8481	ntype_2
8482	ntype_0
8483	ntype_1
8484	ntype_1
8485	ntype_1
8486	ntype_2
8487	ntype_2
8488	ntype_0
8489	ntype_3
8490	ntype_2
8491	ntype_2
8492	ntype_1
8493	ntype_2
8494	ntype_3
8495	ntype_1
8496	ntype_3
8497	ntype_3
8498	ntype_2
8499	ntype_3
8500	ntype_2
8501	ntype_3
8502	ntype_2
8503	ntype_2
8504	ntype_3
8505	ntype_0
8506	ntype_1
8507	ntype_2
8508	ntype_3
8509	ntype_2
8510	ntype_0
8511	ntype_0
8512	ntype_1
8513	ntype_3
8514	ntype_3
8515	ntype_0
8516	ntype_1
8517	ntype_0
8518	ntype_2
8519	ntype_0
8520	ntype_0
8521	ntype_2
8522	ntype_1
8523	ntype_3
8524	ntype_1
8525	ntype_0
8526	ntype_3
8527	ntype_0
8528	ntype_3
8529	ntype_0
8530	ntype_3
8531	ntype_2
8532	ntype_2
8533	ntype_0
8534	ntype_0
8535	ntype_3
8536	ntype_1
8537	ntype_0
8538	ntype_3
8539	ntype_0
8540	ntype_0
8541	ntype_2
8542	ntype_0
8543	ntype_1
8544	ntype_2
8545	ntype_1
8546	ntype_0
8547	ntype_3
8548	ntype_2
8549	ntype_1
8550	ntype_1
8551	ntype_0
8552	ntype_2
8553	ntype_1
8554	ntype_2
8555	ntype_0
8556	ntype_1
8557	ntype_1
8558	ntype_0
8559	ntype_3
8560	ntype_1
8561	ntype_2
8562	ntype_3
8563	ntype_0
8564	ntype_2
8565	ntype_1
8566	ntype_0
8567	ntype_3
8568	ntype_0
8569	ntype_0
8570	ntype_3
8571	ntype_3
8572	ntype_1
8573	ntype_2
8574	ntype_1
8575	ntype_3
8576	ntype_0
8577	ntype_2
8578	ntype_0
8579	ntype_3
8580	ntype_2
8581	ntype_0
8582	ntype_1
8583	ntype_3
8584	ntype_3
8585	ntype_0
8586	ntype_2
8587	ntype_0
8588	ntype_0
8589	ntype_3
8590	ntype_0
8591	ntype_0
8592	ntype_0
8593	ntype_3
8594	ntype_3
8595	ntype_3
8596	ntype_2
8597	ntype_0
8598	ntype_1
8599	ntype_3
8600	ntype_2
8601	ntype_2
8602	ntype_1
8603	ntype_3
8604	ntype_2
8605	ntype_1
8606	ntype_3
8607	ntype_1
8608	ntype_2
8609	ntype_0
8610	ntype_2
8611	ntype_1
8612	ntype_1
8613	ntype_1
8614	ntype_0
8615	ntype_1
8616	ntype_3
8617	ntype_1
8618	ntype_1
8619	ntype_0
8620	ntype_3
8621	ntype_0
8622	ntype_2
8623	ntype_1
8624	ntype_1
8625	ntype_3
8626	ntype_2
8627	ntype_0
8628	ntype_1
8629	ntype_2
8630	ntype_1
8631	ntype_0
8632	ntype_3
8633	ntype_0
8634	ntype_0
8635	ntype_1
8636	ntype_1
8637	ntype_0
8638	ntype_0
8639	ntype_2
8640	ntype_0
8641	ntype_1
8642	ntype_1
8643	ntype_1
8644	ntype_0
8645	ntype_2
8646	ntype_2
8647	ntype_2
8648	ntype_2
8649	ntype_3
8650	ntype_3
8651	ntype_3
8652	ntype_0
8653	ntype_1
8654	ntype_3
8655	ntype_0
8656	ntype_2
8657	ntype_2
8658	ntype_1
8659	ntype_2
8660	ntype_1
8661	ntype_0
8662	ntype_2
8663	ntype_1
8664	ntype_2
8665	ntype_1
8666	ntype_1
8667	ntype_0
8668	ntype_3
8669	ntype_3
8670	ntype_1
8671	ntype_2
8672	ntype_2
8673	ntype_1
8674	ntype_2
8675	ntype_3
8676	ntype_1
8677	ntype_3
8678	ntype_0
8679	ntype_0
8680	ntype_0
8681	ntype_0
8682	ntype_2
8683	ntype_3
8684	ntype_3
8685	ntype_0
8686	ntype_2
8687	ntype_1
8688	ntype_1
8689	ntype_2
8690	ntype_0
8691	ntype_0
8692	ntype_0
8693	ntype_0
8694	ntype_3
8695	ntype_1
8696	ntype_0
8697	ntype_1
8698	ntype_1
8699	ntype_1
8700	ntype_0
8701	ntype_0
8702	ntype_2
8703	ntype_1
8704	ntype_3
8705	ntype_3
8706	ntype_1
8707	ntype_1
8708	ntype_1
8709	ntype_3
8710	ntype_2
8711	ntype_2
8712	ntype_1
8713	ntype_0
8714	ntype_2
8715	ntype_1
8716	ntype_0
8717	ntype_2
8718	ntype_3
8719	ntype_0
8720	ntype_1
8721	ntype_0
8722	ntype_2
8723	ntype_1
8724	ntype_1
8725	ntype_2
8726	ntype_2
8727	ntype_1
8728	ntype_3
8729	ntype_3
8730	ntype_2
8731	ntype_0
8732	ntype_1
8733	ntype_3
8734	ntype_3
8735	ntype_1
8736	ntype_2
8737	ntype_0
8738	ntype_2
8739	ntype_1
8740	ntype_0
8741	ntype_2
8742	ntype_2
8743	ntype_3
8744	ntype_2
8745	ntype_3
8746	ntype_3
8747	ntype_3
8748	ntype_0
8749	ntype_0
8750	ntype_1
8751	ntype_1
8752	ntype_3
8753	ntype_1
8754	ntype_0
8755	ntype_1
8756	ntype_3
8757	ntype_1
8758	ntype_3
8759	ntype_0
8760	ntype_1
8761	ntype_0
8762	ntype_3
8763	ntype_3
8764	ntype_1
8765	ntype_3
8766	ntype_1
8767	ntype_3
8768	ntype_3
8769	ntype_2
8770	ntype_1
8771	ntype_3
8772	ntype_2
8773	ntype_1
8774	ntype_1
8775	ntype_2
8776	ntype_1
8777	ntype_1
8778	ntype_2
8779	ntype_3
8780	ntype_1
8781	ntype_2
8782	ntype_2
8783	ntype_3
8784	ntype_1
8785	ntype_3
8786	ntype_0
8787	ntype_3
8788	ntype_1
8789	ntype_0
8790	ntype_1
8791	ntype_3
8792	ntype_3
8793	ntype_1
8794	ntype_2
8795	ntype_3
8796	ntype_2
8797	ntype_3
8798	ntype_0
8799	ntype_3
8800	ntype_2
8801	ntype_3
8802	ntype_2
8803	ntype_3
8804	ntype_0
8805	ntype_1
8806	ntype_2
8807	ntype_1
8808	ntype_2
8809	ntype_3
8810	ntype_3
8811	ntype_1
8812	ntype_2
8813	ntype_3
8814	ntype_0
8815	ntype_0
8816	ntype_3
8817	ntype_3
8818	ntype_3
8819	ntype_0
8820	ntype_0
8821	ntype_0
8822	ntype_0
8823	ntype_0
8824	ntype_3
8825	ntype_3
8826	ntype_1
8827	ntype_1
8828	ntype_1
8829	ntype_3
8830	ntype_2
8831	ntype_3
8832	ntype_2
8833	ntype_2
8834	ntype_0
8835	ntype_2
8836	ntype_0
8837	ntype_1
8838	ntype_0
8839	ntype_3
8840	ntype_0
8841	ntype_2
8842	ntype_3
8843	ntype_0
8844	ntype_3
8845	ntype_2
8846	ntype_3
8847	ntype_0
8848	ntype_1
8849	ntype_2
8850	ntype_2
8851	ntype_0
8852	ntype_2
8853	ntype_3
8854	ntype_0
8855	ntype_1
8856	ntype_3
8857	ntype_1
8858	ntype_3
8859	ntype_2
8860	ntype_3
8861	ntype_3
8862	ntype_2
8863	ntype_0
8864	ntype_1
8865	ntype_2
8866	ntype_0
8867	ntype_3
8868	ntype_2
8869	ntype_3
8870	ntype_3
8871	ntype_1
8872	ntype_3
8873	ntype_3
8874	ntype_1
8875	ntype_2
8876	ntype_2
8877	ntype_2
8878	ntype_1
8879	ntype_3
8880	ntype_0
8881	ntype_1
8882	ntype_1
8883	ntype_0
8884	ntype_2
8885	ntype_2
8886	ntype_0
8887	ntype_0
8888	ntype_3
8889	ntype_1
8890	ntype_1
8891	ntype_2
8892	ntype_1
8893	ntype_3
8894	ntype_2
8895	ntype_1
8896	ntype_2
8897	ntype_0
8898	ntype_0
8899	ntype_2
8900	ntype_2
8901	ntype_2
8902	ntype_1
8903	ntype_2
8904	ntype_3
8905	ntype_2
8906	ntype_2
8907	ntype_3
8908	ntype_1
8909	ntype_2
8910	ntype_2
8911	ntype_3
8912	ntype_1
8913	ntype_2
8914	ntype_1
8915	ntype_2
8916	ntype_1
8917	ntype_0
8918	ntype_1
8919	ntype_2
8920	ntype_1
8921	ntype_0
8922	ntype_0
8923	ntype_1
8924	ntype_3
8925	ntype_3
8926	ntype_1
8927	ntype_0
8928	ntype_3
8929	ntype_2
8930	ntype_2
8931	ntype_1
8932	ntype_2
8933	ntype_0
8934	ntype_3
8935	ntype_3
8936	ntype_3
8937	ntype_3
8938	ntype_3
8939	ntype_1
8940	ntype_1
8941	ntype_3
8942	ntype_2
8943	ntype_0
8944	ntype_1
8945	ntype_3
8946	ntype_2
8947	ntype_0
8948	ntype_3
8949	ntype_1
8950	ntype_2
8951	ntype_0
8952	ntype_2
8953	ntype_0
8954	ntype_1
8955	ntype_1
8956	ntype_0
8957	ntype_1
8958	ntype_2
8959	ntype_1
8960	ntype_3
8961	ntype_2
8962	ntype_0
8963	ntype_2
8964	ntype_1
8965	ntype_0
8966	ntype_1
8967	ntype_2
8968	ntype_3
8969	ntype_3
8970	ntype_1
8971	ntype_0
8972	ntype_3
8973	ntype_0
8974	ntype_1
8975	ntype_1
8976	ntype_2
8977	ntype_2
8978	ntype_2
8979	ntype_1
8980	ntype_1
8981	ntype_3
8982	ntype_2
8983	ntype_1
8984	ntype_1
8985	ntype_1
8986	ntype_1
8987	ntype_2
8988	ntype_0
8989	ntype_2
8990	ntype_2
8991	ntype_0
8992	ntype_3
8993	ntype_1
8994	ntype_1
8995	ntype_0
8996	ntype_1
8997	ntype_3
8998	ntype_2
8999	ntype_1
9000	ntype_1
9001	ntype_2
9002	ntype_2
9003	ntype_0
9004	ntype_0
9005	ntype_2
9006	ntype_0
9007	ntype_2
9008	ntype_2
9009	ntype_0
9010	ntype_2
9011	ntype_0
9012	ntype_2
9013	ntype_0
9014	ntype_2
9015	ntype_1
9016	ntype_0
9017	ntype_0
9018	ntype_3
9019	ntype_1
9020	ntype_3
9021	ntype_3
9022	ntype_3
9023	ntype_2
9024	ntype_2
9025	ntype_0
9026	ntype_3
9027	ntype_0
9028	ntype_3
9029	ntype_0
9030	ntype_0
9031	ntype_2
9032	ntype_3
9033	ntype_2
9034	ntype_0
9035	ntype_3
9036	ntype_3
9037	ntype_2
9038	ntype_1
9039	ntype_1
9040	ntype_1
9041	ntype_1
9042	ntype_1
9043	ntype_2
9044	ntype_1
9045	ntype_3
9046	ntype_2
9047	ntype_2
9048	ntype_3
9049	ntype_3
9050	ntype_0
9051	ntype_2
9052	ntype_3
9053	ntype_3
9054	ntype_2
9055	ntype_1
9056	ntype_3
9057	ntype_2
9058	ntype_0
9059	ntype_1
9060	ntype_3
9061	ntype_2
9062	ntype_0
9063	ntype_0
9064	ntype_3
9065	ntype_2
9066	ntype_3
9067	ntype_1
9068	ntype_2
9069	ntype_2
9070	ntype_0
9071	ntype_2
9072	ntype_3
9073	ntype_1
9074	ntype_1
9075	ntype_0
9076	ntype_1
9077	ntype_1
9078	ntype_0
9079	ntype_0
9080	ntype_3
9081	ntype_3
9082	ntype_0
9083	ntype_3
9084	ntype_3
9085	ntype_2
9086	ntype_2
9087	ntype_0
9088	ntype_0
9089	ntype_0
9090	ntype_0
9091	ntype_0
9092	ntype_3
9093	ntype_3
9094	ntype_2
9095	ntype_0
9096	ntype_2
9097	ntype_0
9098	ntype_1
9099	ntype_2
9100	ntype_2
9101	ntype_0
9102	ntype_2
9103	ntype_0
9104	ntype_1
9105	ntype_0
9106	ntype_1
9107	ntype_2
9108	ntype_2
9109	ntype_1
9110	ntype_3
9111	ntype_0
9112	ntype_1
9113	ntype_2
9114	ntype_0
9115	ntype_0
9116	ntype_1
9117	ntype_0
9118	ntype_1
9119	ntype_2
9120	ntype_0
9121	ntype_0
9122	ntype_1
9123	ntype_2
9124	ntype_3
9125	ntype_0
9126	ntype_2
9127	ntype_2
9128	ntype_2
9129	ntype_0
9130	ntype_1
9131	ntype_1
9132	ntype_3
9133	ntype_3
9134	ntype_1
9135	ntype_0
9136	ntype_3
9137	ntype_1
9138	ntype_2
9139	ntype_1
9140	ntype_2
9141	ntype_1
9142	ntype_0
9143	ntype_3
9144	ntype_2
9145	ntype_0
9146	ntype_1
9147	ntype_2
9148	ntype_1
9149	ntype_0
9150	ntype_0
9151	ntype_3
9152	ntype_2
9153	ntype_3
9154	ntype_0
9155	ntype_2
9156	ntype_1
9157	ntype_0
9158	ntype_2
9159	ntype_3
9160	ntype_3
9161	ntype_0
9162	ntype_2
9163	ntype_2
9164	ntype_3
9165	ntype_0
9166	ntype_0
9167	ntype_3
9168	ntype_0
9169	ntype_1
9170	ntype_0
9171	ntype_1
9172	ntype_2
9173	ntype_0
9174	ntype_3
9175	ntype_0
9176	ntype_2
9177	ntype_0
9178	ntype_1
9179	ntype_0
9180	ntype_0
9181	ntype_0
9182	ntype_0
9183	ntype_0
9184	ntype_1
9185	ntype_0
9186	ntype_2
9187	ntype_0
9188	ntype_0
9189	ntype_3
9190	ntype_3
9191	ntype_1
9192	ntype_3
9193	ntype_0
9194	ntype_3
9195	ntype_2
9196	ntype_2
9197	ntype_0
9198	ntype_3
9199	ntype_0
9200	ntype_3
9201	ntype_0
9202	ntype_2
9203	ntype_0
9204	ntype_3
9205	ntype_2
9206	ntype_3
9207	ntype_3
9208	ntype_2
9209	ntype_0
9210	ntype_3
9211	ntype_0
9212	ntype_1
9213	ntype_3
9214	ntype_0
9215	ntype_1
9216	ntype_3
9217	ntype_3
9218	ntype_0
9219	ntype_3
9220	ntype_1
9221	ntype_0
9222	ntype_3
9223	ntype_3
9224	ntype_0
9225	ntype_3
9226	ntype_1
9227	ntype_2
9228	ntype_3
9229	ntype_0
9230	ntype_0
9231	ntype_0
9232	ntype_1
9233	ntype_3
9234	ntype_1
9235	ntype_0
9236	ntype_3
9237	ntype_2
9238	ntype_3
9239	ntype_3
9240	ntype_3
9241	ntype_1
9242	ntype_1
9243	ntype_3
9244	ntype_1
9245	ntype_3
9246	ntype_0
9247	ntype_2
9248	ntype_2
9249	ntype_0
9250	ntype_3
9251	ntype_3
9252	ntype_0
9253	ntype_0
9254	ntype_1
9255	ntype_1
9256	ntype_1
9257	ntype_1
9258	ntype_1
9259	ntype_2
9260	ntype_0
9261	ntype_3
9262	ntype_1
9263	ntype_2
9264	ntype_1
9265	ntype_3
9266	ntype_2
9267	ntype_2
9268	ntype_1
9269	ntype_1
9270	ntype_1
9271	ntype_2
9272	ntype_1
9273	ntype_2
9274	ntype_1
9275	ntype_3
9276	ntype_1
9277	ntype_2
9278	ntype_0
9279	ntype_3
9280	ntype_2
9281	ntype_1
9282	ntype_3
9283	ntype_2
9284	ntype_3
9285	ntype_3
9286	ntype_2
9287	ntype_1
9288	ntype_0
9289	ntype_0
9290	ntype_1
9291	ntype_3
9292	ntype_0
9293	ntype_3
9294	ntype_0
9295	ntype_0
9296	ntype_2
9297	ntype_3
9298	ntype_2
9299	ntype_3
9300	ntype_2
9301	ntype_0
9302	ntype_1
9303	ntype_0
9304	ntype_1
9305	ntype_3
9306	ntype_2
9307	ntype_0
9308	ntype_1
9309	ntype_3
9310	ntype_2
9311	ntype_2
9312	ntype_3
9313	ntype_3
9314	ntype_3
9315	ntype_2
9316	ntype_2
9317	ntype_2
9318	ntype_0
9319	ntype_1
9320	ntype_1
9321	ntype_1
9322	ntype_0
9323	ntype_3
9324	ntype_1
9325	ntype_3
9326	ntype_1
9327	ntype_1
9328	ntype_2
9329	ntype_1
9330	ntype_1
9331	ntype_1
9332	ntype_2
9333	ntype_1
9334	ntype_0
9335	ntype_1
9336	ntype_2
9337	ntype_3
9338	ntype_2
9339	ntype_0
9340	ntype_2
9341	ntype_3
9342	ntype_0
9343	ntype_2
9344	ntype_1
9345	ntype_0
9346	ntype_0
9347	ntype_1
9348	ntype_1
9349	ntype_0
9350	ntype_1
9351	ntype_0
9352	ntype_0
9353	ntype_2
9354	ntype_2
9355	ntype_0
9356	ntype_1
9357	ntype_1
9358	ntype_1
9359	ntype_0
9360	ntype_2
9361	ntype_2
9362	ntype_1
9363	ntype_2
9364	ntype_3
9365	ntype_1
9366	ntype_2
9367	ntype_3
9368	ntype_3
9369	ntype_1
9370	ntype_2
9371	ntype_3
9372	ntype_2
9373	ntype_2
9374	ntype_3
9375	ntype_3
9376	ntype_3
9377	ntype_2
9378	ntype_1
9379	ntype_2
9380	ntype_0
9381	ntype_1
9382	ntype_1
9383	ntype_1
9384	ntype_1
9385	ntype_2
9386	ntype_2
9387	ntype_1
9388	ntype_0
9389	ntype_0
9390	ntype_1
9391	ntype_3
9392	ntype_0
9393	ntype_0
9394	ntype_3
9395	ntype_0
9396	ntype_2
9397	ntype_2
9398	ntype_3
9399	ntype_0
9400	ntype_3
9401	ntype_1
9402	ntype_2
9403	ntype_3
9404	ntype_0
9405	ntype_0
9406	ntype_2
9407	ntype_1
9408	ntype_2
9409	ntype_1
9410	ntype_2
9411	ntype_1
9412	ntype_0
9413	ntype_0
9414	ntype_3
9415	ntype_3
9416	ntype_3
9417	ntype_2
9418	ntype_2
9419	ntype_2
9420	ntype_0
9421	ntype_0
9422	ntype_0
9423	ntype_0
9424	ntype_3
9425	ntype_2
9426	ntype_0
9427	ntype_2
9428	ntype_1
9429	ntype_3
9430	ntype_2
9431	ntype_0
9432	ntype_3
9433	ntype_2
9434	ntype_1
9435	ntype_0
9436	ntype_2
9437	ntype_3
9438	ntype_0
9439	ntype_3
9440	ntype_3
9441	ntype_1
9442	ntype_2
9443	ntype_1
9444	ntype_3
9445	ntype_0
9446	ntype_0
9447	ntype_2
9448	ntype_2
9449	ntype_0
9450	ntype_2
9451	ntype_0
9452	ntype_0
9453	ntype_0
9454	ntype_3
9455	ntype_1
9456	ntype_2
9457	ntype_2
9458	ntype_0
9459	ntype_0
9460	ntype_0
9461	ntype_1
9462	ntype_3
9463	ntype_0
9464	ntype_0
9465	ntype_0
9466	ntype_1
9467	ntype_1
9468	ntype_2
9469	ntype_3
9470	ntype_2
9471	ntype_2
9472	ntype_1
9473	ntype_0
9474	ntype_3
9475	ntype_1
9476	ntype_3
9477	ntype_2
9478	ntype_1
9479	ntype_1
9480	ntype_2
9481	ntype_0
9482	ntype_0
9483	ntype_1
9484	ntype_2
9485	ntype_1
9486	ntype_1
9487	ntype_1
9488	ntype_0
9489	ntype_3
9490	ntype_1
9491	ntype_0
9492	ntype_0
9493	ntype_0
9494	ntype_3
9495	ntype_0
9496	ntype_2
9497	ntype_3
9498	ntype_2
9499	ntype_3
9500	ntype_2
9501	ntype_0
9502	ntype_1
9503	ntype_3
9504	ntype_2
9505	ntype_1
9506	ntype_0
9507	ntype_0
9508	ntype_3
9509	ntype_3
9510	ntype_3
9511	ntype_3
9512	ntype_3
9513	ntype_0
9514	ntype_1
9515	ntype_2
9516	ntype_3
9517	ntype_2
9518	ntype_0
9519	ntype_2
9520	ntype_3
9521	ntype_3
9522	ntype_1
9523	ntype_1
9524	ntype_3
9525	ntype_0
9526	ntype_0
9527	ntype_2
9528	ntype_3
9529	ntype_3
9530	ntype_2
9531	ntype_2
9532	ntype_1
9533	ntype_2
9534	ntype_3
9535	ntype_3
9536	ntype_1
9537	ntype_2
9538	ntype_3
9539	ntype_0
9540	ntype_1
9541	ntype_0
9542	ntype_1
9543	ntype_2
9544	ntype_0
9545	ntype_0
9546	ntype_3
9547	ntype_1
9548	ntype_1
9549	ntype_3
9550	ntype_3
9551	ntype_1
9552	ntype_1
9553	ntype_1
9554	ntype_3
9555	ntype_3
9556	ntype_1
9557	ntype_0
9558	ntype_1
9559	ntype_0
9560	ntype_1
9561	ntype_3
9562	ntype_1
9563	ntype_2
9564	ntype_1
9565	ntype_3
9566	ntype_1
9567	ntype_0
9568	ntype_0
9569	ntype_3
9570	ntype_1
9571	ntype_0
9572	ntype_0
9573	ntype_0
9574	ntype_1
9575	ntype_2
9576	ntype_1
9577	ntype_2
9578	ntype_2
9579	ntype_0
9580	ntype_3
9581	ntype_0
9582	ntype_1
9583	ntype_0
9584	ntype_3
9585	ntype_3
9586	ntype_3
9587	ntype_2
9588	ntype_0
9589	ntype_0
9590	ntype_1
9591	ntype_2
9592	ntype_1
9593	ntype_2
9594	ntype_0
9595	ntype_3
9596	ntype_0
9597	ntype_3
9598	ntype_0
9599	ntype_3
9600	ntype_0
9601	ntype_3
9602	ntype_3
9603	ntype_3
9604	ntype_1
9605	ntype_0
9606	ntype_3
9607	ntype_2
9608	ntype_3
9609	ntype_0
9610	ntype_3
9611	ntype_2
9612	ntype_3
9613	ntype_3
9614	ntype_3
9615	ntype_2
9616	ntype_3
9617	ntype_1
9618	ntype_3
9619	ntype_3
9620	ntype_1
9621	ntype_2
9622	ntype_2
9623	ntype_1
9624	ntype_0
9625	ntype_3
9626	ntype_3
9627	ntype_1
9628	ntype_3
9629	ntype_1
9630	ntype_1
9631	ntype_1
9632	ntype_3
9633	ntype_1
9634	ntype_0
9635	ntype_1
9636	ntype_2
9637	ntype_3
9638	ntype_2
9639	ntype_1
9640	ntype_1
9641	ntype_0
9642	ntype_3
9643	ntype_2
9644	ntype_2
9645	ntype_1
9646	ntype_3
9647	ntype_3
9648	ntype_3
9649	ntype_0
9650	ntype_1
9651	ntype_0
9652	ntype_2
9653	ntype_0
9654	ntype_3
9655	ntype_3
9656	ntype_2
9657	ntype_3
9658	ntype_0
9659	ntype_1
9660	ntype_2
9661	ntype_2
9662	ntype_2
9663	ntype_2
9664	ntype_2
9665	ntype_1
9666	ntype_1
9667	ntype_2
9668	ntype_0
9669	ntype_3
9670	ntype_1
9671	ntype_2
9672	ntype_3
9673	ntype_0
9674	ntype_0
9675	ntype_1
9676	ntype_0
9677	ntype_3
9678	ntype_1
9679	ntype_1
9680	ntype_0
9681	ntype_1
9682	ntype_1
9683	ntype_3
9684	ntype_3
9685	ntype_3
9686	ntype_0
9687	ntype_3
9688	ntype_2
9689	ntype_1
9690	ntype_0
9691	ntype_1
9692	ntype_2
9693	ntype_0
9694	ntype_2
9695	ntype_2
9696	ntype_2
9697	ntype_0
9698	ntype_0
9699	ntype_3
9700	ntype_1
9701	ntype_0
9702	ntype_2
9703	ntype_3
9704	ntype_3
9705	ntype_3
9706	ntype_3
9707	ntype_3
9708	ntype_0
9709	ntype_2
9710	ntype_1
9711	ntype_2
9712	ntype_1
9713	ntype_0
9714	ntype_3
9715	ntype_0
9716	ntype_0
9717	ntype_3
9718	ntype_1
9719	ntype_3
9720	ntype_1
9721	ntype_2
9722	ntype_1
9723	ntype_2
9724	ntype_2
9725	ntype_0
9726	ntype_0
9727	ntype_2
9728	ntype_1
9729	ntype_1
9730	ntype_1
9731	ntype_0
9732	ntype_3
9733	ntype_2
9734	ntype_2
9735	ntype_1
9736	ntype_1
9737	ntype_3
9738	ntype_2
9739	ntype_2
9740	ntype_2
9741	ntype_2
9742	ntype_3
9743	ntype_1
9744	ntype_0
9745	ntype_1
9746	ntype_0
9747	ntype_1
9748	ntype_3
9749	ntype_2
9750	ntype_3
9751	ntype_1
9752	ntype_3
9753	ntype_1
9754	ntype_3
9755	ntype_2
9756	ntype_3
9757	ntype_1
9758	ntype_2
9759	ntype_0
9760	ntype_0
9761	ntype_2
9762	ntype_2
9763	ntype_1
9764	ntype_2
9765	ntype_2
9766	ntype_0
9767	ntype_2
9768	ntype_3
9769	ntype_3
9770	ntype_1
9771	ntype_3
9772	ntype_1
9773	ntype_1
9774	ntype_3
9775	ntype_0
9776	ntype_3
9777	ntype_0
9778	ntype_1
9779	ntype_3
9780	ntype_1
9781	ntype_0
9782	ntype_2
9783	ntype_2
9784	ntype_3
9785	ntype_2
9786	ntype_3
9787	ntype_1
9788	ntype_2
9789	ntype_3
9790	ntype_3
9791	ntype_0
9792	ntype_3
9793	ntype_1
9794	ntype_2
9795	ntype_1
9796	ntype_2
9797	ntype_0
9798	ntype_0
9799	ntype_0
9800	ntype_3
9801	ntype_2
9802	ntype_3
9803	ntype_3
9804	ntype_1
9805	ntype_0
9806	ntype_1
9807	ntype_0
9808	ntype_1
9809	ntype_3
9810	ntype_1
9811	ntype_3
9812	ntype_3
9813	ntype_0
9814	ntype_0
9815	ntype_0
9816	ntype_1
9817	ntype_3
9818	ntype_1
9819	ntype_3
9820	ntype_1
9821	ntype_0
9822	ntype_0
9823	ntype_3
9824	ntype_0
9825	ntype_2
9826	ntype_3
9827	ntype_1
9828	ntype_2
9829	ntype_0
9830	ntype_1
9831	ntype_3
9832	ntype_1
9833	ntype_1
9834	ntype_2
9835	ntype_1
9836	ntype_2
9837	ntype_0
9838	ntype_1
9839	ntype_0
9840	ntype_2
9841	ntype_2
9842	ntype_2
9843	ntype_2
9844	ntype_3
9845	ntype_3
9846	ntype_2
9847	ntype_3
9848	ntype_3
9849	ntype_1
9850	ntype_1
9851	ntype_1
9852	ntype_0
9853	ntype_0
9854	ntype_1
9855	ntype_1
9856	ntype_2
9857	ntype_1
9858	ntype_0
9859	ntype_0
9860	ntype_3
9861	ntype_0
9862	ntype_2
9863	ntype_3
9864	ntype_3
9865	ntype_0
9866	ntype_0
9867	ntype_0
9868	ntype_1
9869	ntype_3
9870	ntype_1
9871	ntype_3
9872	ntype_3
9873	ntype_2
9874	ntype_1
9875	ntype_1
9876	ntype_1
9877	ntype_2
9878	ntype_2
9879	ntype_0
9880	ntype_3
9881	ntype_1
9882	ntype_1
9883	ntype_2
9884	ntype_1
9885	ntype_0
9886	ntype_1
9887	ntype_2
9888	ntype_1
9889	ntype_1
9890	ntype_0
9891	ntype_2
9892	ntype_2
9893	ntype_1
9894	ntype_2
9895	ntype_1
9896	ntype_2
9897	ntype_3
9898	ntype_2
9899	ntype_2
9900	ntype_1
9901	ntype_1
9902	ntype_3
9903	ntype_3
9904	ntype_2
9905	ntype_3
9906	ntype_3
9907	ntype_0
9908	ntype_1
9909	ntype_3
9910	ntype_0
9911	ntype_2
9912	ntype_0
9913	ntype_2
9914	ntype_2
9915	ntype_1
9916	ntype_3
9917	ntype_0
9918	ntype_2
9919	ntype_3
9920	ntype_3
9921	ntype_0
9922	ntype_2
9923	ntype_1
9924	ntype_1
9925	ntype_1
9926	ntype_3
9927	ntype_2
9928	ntype_0
9929	ntype_2
9930	ntype_3
9931	ntype_0
9932	ntype_3
9933	ntype_0
9934	ntype_3
9935	ntype_1
9936	ntype_2
9937	ntype_3
9938	ntype_1
9939	ntype_0
9940	ntype_3
9941	ntype_0
9942	ntype_1
9943	ntype_0
9944	ntype_2
9945	ntype_3
9946	ntype_1
9947	ntype_2
9948	ntype_2
9949	ntype_3
9950	ntype_3
9951	ntype_0
9952	ntype_1
9953	ntype_0
9954	ntype_3
9955	ntype_0
9956	ntype_2
9957	ntype_2
9958	ntype_3
9959	ntype_0
9960	ntype_1
9961	ntype_2
9962	ntype_2
9963	ntype_1
9964	ntype_2
9965	ntype_2
9966	ntype_3
9967	ntype_0
9968	ntype_0
9969	ntype_2
9970	ntype_1
9971	ntype_2
9972	ntype_0
9973	ntype_3
9974	ntype_1
9975	ntype_3
9976	ntype_1
9977	ntype_1
9978	ntype_1
9979	ntype_2
9980	ntype_2
9981	ntype_3
9982	ntype_0
9983	ntype_1
9984	ntype_0
9985	ntype_3
9986	ntype_3
9987	ntype_3
9988	ntype_1
9989	ntype_0
9990	ntype_3
9991	ntype_2
9992	ntype_0
9993	ntype_3
9994	ntype_1
9995	ntype_0
9996	ntype_2
9997	ntype_3
9998	ntype_1
9999	ntype_0
10000	ntype_0
10001	ntype_2
10002	ntype_2
10003	ntype_3
10004	ntype_0
10005	ntype_3
10006	ntype_1
10007	ntype_3
10008	ntype_0
10009	ntype_3
10010	ntype_0
10011	ntype_1
10012	ntype_2
10013	ntype_0
10014	ntype_2
10015	ntype_0
10016	ntype_3
10017	ntype_2
10018	ntype_2
10019	ntype_0
10020	ntype_2
10021	ntype_0
10022	ntype_2
10023	ntype_0
10024	ntype_2
10025	ntype_3
10026	ntype_3
10027	ntype_2
10028	ntype_2
10029	ntype_1
10030	ntype_2
10031	ntype_3
10032	ntype_2
10033	ntype_0
10034	ntype_0
10035	ntype_0
10036	ntype_0
10037	ntype_0
10038	ntype_3
10039	ntype_2
10040	ntype_1
10041	ntype_0
10042	ntype_3
10043	ntype_3
10044	ntype_0
10045	ntype_0
10046	ntype_3
10047	ntype_3
10048	ntype_1
10049	ntype_2
10050	ntype_1
10051	ntype_1
10052	ntype_2
10053	ntype_1
10054	ntype_2
10055	ntype_1
10056	ntype_2
10057	ntype_3
10058	ntype_3
10059	ntype_1
10060	ntype_0
10061	ntype_3
10062	ntype_0
10063	ntype_0
10064	ntype_1
10065	ntype_2
10066	ntype_1
10067	ntype_2
10068	ntype_3
10069	ntype_0
10070	ntype_0
10071	ntype_2
10072	ntype_0
10073	ntype_2
10074	ntype_0
10075	ntype_1
10076	ntype_0
10077	ntype_1
10078	ntype_2
10079	ntype_2
10080	ntype_1
10081	ntype_0
10082	ntype_0
10083	ntype_3
10084	ntype_1
10085	ntype_0
10086	ntype_3
10087	ntype_0
10088	ntype_0
10089	ntype_2
10090	ntype_0
10091	ntype_1
10092	ntype_3
10093	ntype_1
10094	ntype_3
10095	ntype_2
10096	ntype_2
10097	ntype_1
10098	ntype_2
10099	ntype_2
10100	ntype_1
10101	ntype_1
10102	ntype_3
10103	ntype_3
10104	ntype_0
10105	ntype_1
10106	ntype_0
10107	ntype_1
10108	ntype_0
10109	ntype_0
10110	ntype_0
10111	ntype_0
10112	ntype_0
10113	ntype_3
10114	ntype_1
