NodeID	NodeType
0	ntype_2
1	ntype_0
2	ntype_0
3	ntype_0
4	ntype_0
5	ntype_3
6	ntype_1
7	ntype_1
8	ntype_0
9	ntype_2
10	ntype_0
11	ntype_2
12	ntype_3
13	ntype_2
14	ntype_3
15	ntype_3
16	ntype_2
17	ntype_3
18	ntype_2
19	ntype_2
20	ntype_2
21	ntype_1
22	ntype_2
23	ntype_3
24	ntype_2
25	ntype_3
26	ntype_3
27	ntype_3
28	ntype_3
29	ntype_1
30	ntype_0
31	ntype_2
32	ntype_3
33	ntype_1
34	ntype_1
35	ntype_0
36	ntype_0
37	ntype_3
38	ntype_1
39	ntype_2
40	ntype_0
41	ntype_2
42	ntype_1
43	ntype_3
44	ntype_3
45	ntype_1
46	ntype_3
47	ntype_1
48	ntype_1
49	ntype_3
50	ntype_3
51	ntype_2
52	ntype_2
53	ntype_2
54	ntype_1
55	ntype_0
56	ntype_3
57	ntype_2
58	ntype_0
59	ntype_1
60	ntype_3
61	ntype_0
62	ntype_3
63	ntype_2
64	ntype_1
65	ntype_2
66	ntype_2
67	ntype_2
68	ntype_3
69	ntype_0
70	ntype_0
71	ntype_0
72	ntype_1
73	ntype_1
74	ntype_2
75	ntype_2
76	ntype_3
77	ntype_0
78	ntype_0
79	ntype_0
80	ntype_0
81	ntype_2
82	ntype_2
83	ntype_3
84	ntype_2
85	ntype_1
86	ntype_2
87	ntype_2
88	ntype_1
89	ntype_2
90	ntype_2
91	ntype_3
92	ntype_0
93	ntype_1
94	ntype_2
95	ntype_1
96	ntype_1
97	ntype_1
98	ntype_1
99	ntype_0
100	ntype_0
101	ntype_3
102	ntype_2
103	ntype_2
104	ntype_2
105	ntype_0
106	ntype_1
107	ntype_1
108	ntype_1
109	ntype_2
110	ntype_2
111	ntype_2
112	ntype_2
113	ntype_0
114	ntype_1
115	ntype_2
116	ntype_3
117	ntype_1
118	ntype_1
119	ntype_1
120	ntype_2
121	ntype_1
122	ntype_0
123	ntype_3
124	ntype_3
125	ntype_2
126	ntype_0
127	ntype_2
128	ntype_0
129	ntype_1
130	ntype_0
131	ntype_1
132	ntype_1
133	ntype_3
134	ntype_3
135	ntype_1
136	ntype_0
137	ntype_0
138	ntype_3
139	ntype_2
140	ntype_3
141	ntype_3
142	ntype_1
143	ntype_3
144	ntype_1
145	ntype_2
146	ntype_2
147	ntype_2
148	ntype_1
149	ntype_3
150	ntype_2
151	ntype_2
152	ntype_1
153	ntype_0
154	ntype_3
155	ntype_1
156	ntype_0
157	ntype_1
158	ntype_2
159	ntype_1
160	ntype_2
161	ntype_0
162	ntype_2
163	ntype_2
164	ntype_1
165	ntype_0
166	ntype_0
167	ntype_2
168	ntype_0
169	ntype_3
170	ntype_3
171	ntype_2
172	ntype_2
173	ntype_3
174	ntype_3
175	ntype_1
176	ntype_0
177	ntype_1
178	ntype_0
179	ntype_0
180	ntype_0
181	ntype_1
182	ntype_1
183	ntype_1
184	ntype_0
185	ntype_2
186	ntype_3
187	ntype_1
188	ntype_3
189	ntype_2
190	ntype_3
191	ntype_1
192	ntype_2
193	ntype_3
194	ntype_3
195	ntype_3
196	ntype_3
197	ntype_0
198	ntype_3
199	ntype_0
200	ntype_3
201	ntype_1
202	ntype_0
203	ntype_3
204	ntype_0
205	ntype_1
206	ntype_3
207	ntype_3
208	ntype_2
209	ntype_2
210	ntype_2
211	ntype_2
212	ntype_1
213	ntype_0
214	ntype_3
215	ntype_3
216	ntype_1
217	ntype_0
218	ntype_1
219	ntype_0
220	ntype_1
221	ntype_3
222	ntype_3
223	ntype_0
224	ntype_3
225	ntype_0
226	ntype_2
227	ntype_1
228	ntype_3
229	ntype_0
230	ntype_0
231	ntype_3
232	ntype_0
233	ntype_1
234	ntype_0
235	ntype_2
236	ntype_3
237	ntype_1
238	ntype_0
239	ntype_2
240	ntype_3
241	ntype_0
242	ntype_1
243	ntype_2
244	ntype_2
245	ntype_2
246	ntype_1
247	ntype_0
248	ntype_3
249	ntype_0
250	ntype_1
251	ntype_1
252	ntype_1
253	ntype_2
254	ntype_0
255	ntype_1
256	ntype_3
257	ntype_1
258	ntype_3
259	ntype_1
260	ntype_3
261	ntype_1
262	ntype_0
263	ntype_0
264	ntype_2
265	ntype_3
266	ntype_1
267	ntype_1
268	ntype_2
269	ntype_1
270	ntype_2
271	ntype_2
272	ntype_1
273	ntype_2
274	ntype_0
275	ntype_3
276	ntype_1
277	ntype_3
278	ntype_3
279	ntype_1
280	ntype_2
281	ntype_1
282	ntype_0
283	ntype_2
284	ntype_3
285	ntype_1
286	ntype_0
287	ntype_0
288	ntype_1
289	ntype_0
290	ntype_0
291	ntype_3
292	ntype_2
293	ntype_1
294	ntype_0
295	ntype_1
296	ntype_1
297	ntype_3
298	ntype_0
299	ntype_2
300	ntype_1
301	ntype_1
302	ntype_1
303	ntype_3
304	ntype_2
305	ntype_0
306	ntype_0
307	ntype_2
308	ntype_0
309	ntype_3
310	ntype_0
311	ntype_2
312	ntype_0
313	ntype_2
314	ntype_0
315	ntype_0
316	ntype_2
317	ntype_2
318	ntype_0
319	ntype_1
320	ntype_1
321	ntype_1
322	ntype_2
323	ntype_1
324	ntype_3
325	ntype_0
326	ntype_2
327	ntype_0
328	ntype_0
329	ntype_1
330	ntype_3
331	ntype_1
332	ntype_2
333	ntype_0
334	ntype_0
335	ntype_1
336	ntype_1
337	ntype_0
338	ntype_3
339	ntype_1
340	ntype_2
341	ntype_0
342	ntype_2
343	ntype_0
344	ntype_3
345	ntype_3
346	ntype_1
347	ntype_1
348	ntype_2
349	ntype_1
350	ntype_0
351	ntype_2
352	ntype_3
353	ntype_2
354	ntype_2
355	ntype_0
356	ntype_0
357	ntype_2
358	ntype_1
359	ntype_2
360	ntype_0
361	ntype_1
362	ntype_2
363	ntype_2
364	ntype_3
365	ntype_3
366	ntype_0
367	ntype_3
368	ntype_3
369	ntype_2
370	ntype_1
371	ntype_2
372	ntype_2
373	ntype_0
374	ntype_0
375	ntype_3
376	ntype_1
377	ntype_3
378	ntype_1
379	ntype_1
380	ntype_2
381	ntype_0
382	ntype_3
383	ntype_2
384	ntype_2
385	ntype_0
386	ntype_2
387	ntype_2
388	ntype_3
389	ntype_0
390	ntype_1
391	ntype_2
392	ntype_3
393	ntype_0
394	ntype_1
395	ntype_0
396	ntype_2
397	ntype_3
398	ntype_0
399	ntype_0
400	ntype_1
401	ntype_1
402	ntype_1
403	ntype_0
404	ntype_0
405	ntype_0
406	ntype_3
407	ntype_2
408	ntype_1
409	ntype_3
410	ntype_0
411	ntype_3
412	ntype_3
413	ntype_2
414	ntype_2
415	ntype_1
416	ntype_0
417	ntype_1
418	ntype_3
419	ntype_2
420	ntype_0
421	ntype_1
422	ntype_3
423	ntype_0
424	ntype_2
425	ntype_0
426	ntype_3
427	ntype_1
428	ntype_3
429	ntype_0
430	ntype_3
431	ntype_2
432	ntype_3
433	ntype_1
434	ntype_0
435	ntype_1
436	ntype_0
437	ntype_0
438	ntype_2
439	ntype_0
440	ntype_1
441	ntype_0
442	ntype_0
443	ntype_2
444	ntype_3
445	ntype_0
446	ntype_1
447	ntype_3
448	ntype_0
449	ntype_0
450	ntype_1
451	ntype_2
452	ntype_3
453	ntype_3
454	ntype_1
455	ntype_0
456	ntype_2
457	ntype_0
458	ntype_2
459	ntype_2
460	ntype_0
461	ntype_0
462	ntype_0
463	ntype_1
464	ntype_1
465	ntype_1
466	ntype_2
467	ntype_1
468	ntype_3
469	ntype_0
470	ntype_2
471	ntype_3
472	ntype_0
473	ntype_3
474	ntype_0
475	ntype_3
476	ntype_2
477	ntype_0
478	ntype_2
479	ntype_1
480	ntype_0
481	ntype_3
482	ntype_3
483	ntype_3
484	ntype_1
485	ntype_1
486	ntype_0
487	ntype_2
488	ntype_3
489	ntype_1
490	ntype_0
491	ntype_1
492	ntype_0
493	ntype_1
494	ntype_0
495	ntype_3
496	ntype_2
497	ntype_0
498	ntype_3
499	ntype_3
500	ntype_2
501	ntype_1
502	ntype_1
503	ntype_2
504	ntype_0
505	ntype_3
506	ntype_3
507	ntype_0
508	ntype_2
509	ntype_2
510	ntype_2
511	ntype_3
512	ntype_0
513	ntype_3
514	ntype_2
515	ntype_1
516	ntype_1
517	ntype_0
518	ntype_2
519	ntype_3
520	ntype_0
521	ntype_1
522	ntype_1
523	ntype_0
524	ntype_0
525	ntype_1
526	ntype_0
527	ntype_2
528	ntype_1
529	ntype_2
530	ntype_0
531	ntype_0
532	ntype_3
533	ntype_3
534	ntype_2
535	ntype_2
536	ntype_2
537	ntype_2
538	ntype_0
539	ntype_3
540	ntype_3
541	ntype_3
542	ntype_3
543	ntype_1
544	ntype_1
545	ntype_3
546	ntype_0
547	ntype_0
548	ntype_3
549	ntype_0
550	ntype_3
551	ntype_1
552	ntype_2
553	ntype_1
554	ntype_0
555	ntype_1
556	ntype_1
557	ntype_1
558	ntype_2
559	ntype_2
560	ntype_0
561	ntype_1
562	ntype_1
563	ntype_0
564	ntype_0
565	ntype_3
566	ntype_1
567	ntype_3
568	ntype_3
569	ntype_0
570	ntype_2
571	ntype_3
572	ntype_1
573	ntype_2
574	ntype_3
575	ntype_1
576	ntype_3
577	ntype_0
578	ntype_3
579	ntype_1
580	ntype_1
581	ntype_2
582	ntype_3
583	ntype_3
584	ntype_3
585	ntype_0
586	ntype_2
587	ntype_3
588	ntype_3
589	ntype_2
590	ntype_0
591	ntype_3
592	ntype_0
593	ntype_2
594	ntype_2
595	ntype_0
596	ntype_2
597	ntype_0
598	ntype_0
599	ntype_0
600	ntype_0
601	ntype_2
602	ntype_2
603	ntype_3
604	ntype_0
605	ntype_1
606	ntype_3
607	ntype_1
608	ntype_0
609	ntype_3
610	ntype_1
611	ntype_2
612	ntype_2
613	ntype_3
614	ntype_0
615	ntype_3
616	ntype_2
617	ntype_0
618	ntype_1
619	ntype_3
620	ntype_1
621	ntype_0
622	ntype_0
623	ntype_3
624	ntype_2
625	ntype_2
626	ntype_2
627	ntype_3
628	ntype_3
629	ntype_0
630	ntype_1
631	ntype_0
632	ntype_1
633	ntype_0
634	ntype_0
635	ntype_3
636	ntype_3
637	ntype_3
638	ntype_0
639	ntype_1
640	ntype_2
641	ntype_0
642	ntype_0
643	ntype_0
644	ntype_0
645	ntype_2
646	ntype_2
647	ntype_0
648	ntype_2
649	ntype_1
650	ntype_0
651	ntype_1
652	ntype_0
653	ntype_0
654	ntype_1
655	ntype_3
656	ntype_0
657	ntype_3
658	ntype_0
659	ntype_3
660	ntype_1
661	ntype_3
662	ntype_0
663	ntype_1
664	ntype_2
665	ntype_3
666	ntype_0
667	ntype_0
668	ntype_1
669	ntype_1
670	ntype_2
671	ntype_0
672	ntype_0
673	ntype_2
674	ntype_2
675	ntype_0
676	ntype_1
677	ntype_3
678	ntype_2
679	ntype_1
680	ntype_2
681	ntype_1
682	ntype_2
683	ntype_2
684	ntype_0
685	ntype_3
686	ntype_1
687	ntype_0
688	ntype_2
689	ntype_3
690	ntype_2
691	ntype_2
692	ntype_2
693	ntype_0
694	ntype_3
695	ntype_1
696	ntype_0
697	ntype_1
698	ntype_3
699	ntype_2
700	ntype_3
701	ntype_0
702	ntype_3
703	ntype_1
704	ntype_3
705	ntype_3
706	ntype_3
707	ntype_3
708	ntype_2
709	ntype_2
710	ntype_1
711	ntype_0
712	ntype_3
713	ntype_2
714	ntype_2
715	ntype_1
716	ntype_2
717	ntype_0
718	ntype_1
719	ntype_0
720	ntype_2
721	ntype_2
722	ntype_2
723	ntype_0
724	ntype_2
725	ntype_2
726	ntype_3
727	ntype_0
728	ntype_1
729	ntype_2
730	ntype_1
731	ntype_2
732	ntype_3
733	ntype_1
734	ntype_3
735	ntype_2
736	ntype_0
737	ntype_1
738	ntype_0
739	ntype_0
740	ntype_0
741	ntype_2
742	ntype_3
743	ntype_1
744	ntype_0
745	ntype_3
746	ntype_3
747	ntype_2
748	ntype_2
749	ntype_0
750	ntype_0
751	ntype_1
752	ntype_1
753	ntype_3
754	ntype_0
755	ntype_0
756	ntype_1
757	ntype_0
758	ntype_2
759	ntype_1
760	ntype_1
761	ntype_3
762	ntype_2
763	ntype_2
764	ntype_2
765	ntype_2
766	ntype_1
767	ntype_0
768	ntype_3
769	ntype_1
770	ntype_3
771	ntype_3
772	ntype_2
773	ntype_1
774	ntype_1
775	ntype_0
776	ntype_2
777	ntype_1
778	ntype_3
779	ntype_1
780	ntype_3
781	ntype_1
782	ntype_3
783	ntype_3
784	ntype_3
785	ntype_3
786	ntype_3
787	ntype_0
788	ntype_2
789	ntype_2
790	ntype_2
791	ntype_2
792	ntype_2
793	ntype_3
794	ntype_3
795	ntype_3
796	ntype_0
797	ntype_3
798	ntype_1
799	ntype_3
800	ntype_1
801	ntype_3
802	ntype_2
803	ntype_0
804	ntype_3
805	ntype_1
806	ntype_0
807	ntype_1
808	ntype_3
809	ntype_1
810	ntype_2
811	ntype_1
812	ntype_1
813	ntype_2
814	ntype_1
815	ntype_0
816	ntype_2
817	ntype_2
818	ntype_2
819	ntype_2
820	ntype_1
821	ntype_1
822	ntype_2
823	ntype_2
824	ntype_2
825	ntype_1
826	ntype_0
827	ntype_0
828	ntype_0
829	ntype_1
830	ntype_0
831	ntype_2
832	ntype_0
833	ntype_1
834	ntype_3
835	ntype_0
836	ntype_1
837	ntype_2
838	ntype_0
839	ntype_0
840	ntype_0
841	ntype_3
842	ntype_2
843	ntype_1
844	ntype_1
845	ntype_3
846	ntype_1
847	ntype_2
848	ntype_2
849	ntype_1
850	ntype_3
851	ntype_2
852	ntype_0
853	ntype_0
854	ntype_1
855	ntype_1
856	ntype_1
857	ntype_3
858	ntype_2
859	ntype_1
860	ntype_1
861	ntype_0
862	ntype_2
863	ntype_0
864	ntype_2
865	ntype_1
866	ntype_3
867	ntype_3
868	ntype_2
869	ntype_1
870	ntype_1
871	ntype_1
872	ntype_3
873	ntype_0
874	ntype_1
875	ntype_1
876	ntype_2
877	ntype_3
878	ntype_0
879	ntype_2
880	ntype_1
881	ntype_0
882	ntype_0
883	ntype_1
884	ntype_0
885	ntype_2
886	ntype_2
887	ntype_1
888	ntype_2
889	ntype_1
890	ntype_0
891	ntype_2
892	ntype_2
893	ntype_2
894	ntype_1
895	ntype_2
896	ntype_1
897	ntype_1
898	ntype_2
899	ntype_1
900	ntype_0
901	ntype_2
902	ntype_3
903	ntype_0
904	ntype_2
905	ntype_0
906	ntype_0
907	ntype_2
908	ntype_0
909	ntype_0
910	ntype_1
911	ntype_2
912	ntype_2
913	ntype_0
914	ntype_0
915	ntype_2
916	ntype_3
917	ntype_2
918	ntype_1
919	ntype_0
920	ntype_2
921	ntype_0
922	ntype_1
923	ntype_1
924	ntype_2
925	ntype_0
926	ntype_0
927	ntype_1
928	ntype_1
929	ntype_0
930	ntype_0
931	ntype_1
932	ntype_2
933	ntype_0
934	ntype_2
935	ntype_1
936	ntype_3
937	ntype_2
938	ntype_0
939	ntype_0
940	ntype_1
941	ntype_3
942	ntype_0
943	ntype_2
944	ntype_0
945	ntype_2
946	ntype_2
947	ntype_1
948	ntype_3
949	ntype_3
950	ntype_0
951	ntype_2
952	ntype_3
953	ntype_3
954	ntype_1
955	ntype_0
956	ntype_1
957	ntype_1
958	ntype_0
959	ntype_0
960	ntype_3
961	ntype_3
962	ntype_1
963	ntype_3
964	ntype_0
965	ntype_0
966	ntype_2
967	ntype_0
968	ntype_0
969	ntype_3
970	ntype_1
971	ntype_3
972	ntype_2
973	ntype_1
974	ntype_3
975	ntype_3
976	ntype_3
977	ntype_3
978	ntype_3
979	ntype_3
980	ntype_2
981	ntype_1
982	ntype_3
983	ntype_2
984	ntype_2
985	ntype_0
986	ntype_2
987	ntype_3
988	ntype_0
989	ntype_3
990	ntype_0
991	ntype_3
992	ntype_3
993	ntype_2
994	ntype_3
995	ntype_2
996	ntype_3
997	ntype_0
998	ntype_3
999	ntype_2
1000	ntype_1
1001	ntype_0
1002	ntype_3
1003	ntype_2
1004	ntype_1
1005	ntype_3
1006	ntype_3
1007	ntype_0
1008	ntype_0
1009	ntype_0
1010	ntype_3
1011	ntype_3
1012	ntype_0
1013	ntype_1
1014	ntype_2
1015	ntype_1
1016	ntype_2
1017	ntype_1
1018	ntype_0
1019	ntype_1
1020	ntype_3
1021	ntype_1
1022	ntype_1
1023	ntype_1
1024	ntype_1
1025	ntype_1
1026	ntype_0
1027	ntype_3
1028	ntype_1
1029	ntype_1
1030	ntype_0
1031	ntype_0
1032	ntype_2
1033	ntype_2
1034	ntype_3
1035	ntype_3
1036	ntype_3
1037	ntype_0
1038	ntype_3
1039	ntype_0
1040	ntype_3
1041	ntype_2
1042	ntype_3
1043	ntype_0
1044	ntype_1
1045	ntype_0
1046	ntype_0
1047	ntype_2
1048	ntype_3
1049	ntype_0
1050	ntype_2
1051	ntype_3
1052	ntype_2
1053	ntype_0
1054	ntype_2
1055	ntype_2
1056	ntype_3
1057	ntype_1
1058	ntype_3
1059	ntype_0
1060	ntype_3
1061	ntype_2
1062	ntype_1
1063	ntype_2
1064	ntype_2
1065	ntype_3
1066	ntype_2
1067	ntype_2
1068	ntype_2
1069	ntype_1
1070	ntype_1
1071	ntype_2
1072	ntype_2
1073	ntype_0
1074	ntype_0
1075	ntype_3
1076	ntype_2
1077	ntype_2
1078	ntype_1
1079	ntype_3
1080	ntype_1
1081	ntype_2
1082	ntype_3
1083	ntype_1
1084	ntype_2
1085	ntype_2
1086	ntype_0
1087	ntype_2
1088	ntype_0
1089	ntype_1
1090	ntype_0
1091	ntype_2
1092	ntype_3
1093	ntype_0
1094	ntype_1
1095	ntype_1
1096	ntype_0
1097	ntype_3
1098	ntype_1
1099	ntype_0
1100	ntype_2
1101	ntype_2
1102	ntype_3
1103	ntype_0
1104	ntype_1
1105	ntype_1
1106	ntype_0
1107	ntype_3
1108	ntype_3
1109	ntype_2
1110	ntype_0
1111	ntype_0
1112	ntype_0
1113	ntype_2
1114	ntype_0
1115	ntype_1
1116	ntype_1
1117	ntype_2
1118	ntype_1
1119	ntype_0
1120	ntype_2
1121	ntype_3
1122	ntype_0
1123	ntype_3
1124	ntype_1
1125	ntype_1
1126	ntype_0
1127	ntype_0
1128	ntype_1
1129	ntype_0
1130	ntype_3
1131	ntype_0
1132	ntype_0
1133	ntype_2
1134	ntype_3
1135	ntype_2
1136	ntype_0
1137	ntype_0
1138	ntype_1
1139	ntype_3
1140	ntype_0
1141	ntype_3
1142	ntype_0
1143	ntype_2
1144	ntype_0
1145	ntype_1
1146	ntype_3
1147	ntype_1
1148	ntype_0
1149	ntype_2
1150	ntype_3
1151	ntype_0
1152	ntype_2
1153	ntype_0
1154	ntype_2
1155	ntype_1
1156	ntype_3
1157	ntype_2
1158	ntype_3
1159	ntype_2
1160	ntype_1
1161	ntype_3
1162	ntype_1
1163	ntype_1
1164	ntype_3
1165	ntype_3
1166	ntype_1
1167	ntype_0
1168	ntype_1
1169	ntype_0
1170	ntype_2
1171	ntype_1
1172	ntype_3
1173	ntype_1
1174	ntype_3
1175	ntype_1
1176	ntype_2
1177	ntype_3
1178	ntype_1
1179	ntype_0
1180	ntype_1
1181	ntype_1
1182	ntype_2
1183	ntype_1
1184	ntype_2
1185	ntype_3
1186	ntype_2
1187	ntype_3
1188	ntype_1
1189	ntype_2
1190	ntype_2
1191	ntype_3
1192	ntype_3
1193	ntype_0
1194	ntype_3
1195	ntype_1
1196	ntype_2
1197	ntype_1
1198	ntype_3
1199	ntype_2
1200	ntype_3
1201	ntype_0
1202	ntype_0
1203	ntype_1
1204	ntype_2
1205	ntype_1
1206	ntype_0
1207	ntype_0
1208	ntype_1
1209	ntype_1
1210	ntype_2
1211	ntype_2
1212	ntype_0
1213	ntype_1
1214	ntype_0
1215	ntype_0
1216	ntype_2
1217	ntype_1
1218	ntype_3
1219	ntype_1
1220	ntype_3
1221	ntype_1
1222	ntype_2
1223	ntype_1
1224	ntype_2
1225	ntype_1
1226	ntype_2
1227	ntype_2
1228	ntype_1
1229	ntype_2
1230	ntype_2
1231	ntype_2
1232	ntype_3
1233	ntype_0
1234	ntype_3
1235	ntype_3
1236	ntype_1
1237	ntype_3
1238	ntype_1
1239	ntype_0
1240	ntype_3
1241	ntype_3
1242	ntype_3
1243	ntype_0
1244	ntype_3
1245	ntype_0
1246	ntype_2
1247	ntype_2
1248	ntype_0
1249	ntype_1
1250	ntype_0
1251	ntype_2
1252	ntype_3
1253	ntype_3
1254	ntype_3
1255	ntype_2
1256	ntype_1
1257	ntype_1
1258	ntype_0
1259	ntype_0
1260	ntype_2
1261	ntype_3
1262	ntype_2
1263	ntype_0
1264	ntype_2
1265	ntype_2
1266	ntype_3
1267	ntype_2
1268	ntype_2
1269	ntype_0
1270	ntype_1
1271	ntype_1
1272	ntype_0
1273	ntype_1
1274	ntype_1
1275	ntype_1
1276	ntype_3
1277	ntype_3
1278	ntype_0
1279	ntype_2
1280	ntype_2
1281	ntype_3
1282	ntype_2
1283	ntype_0
1284	ntype_1
1285	ntype_1
1286	ntype_1
1287	ntype_3
1288	ntype_0
1289	ntype_1
1290	ntype_2
1291	ntype_0
1292	ntype_2
1293	ntype_2
1294	ntype_1
1295	ntype_1
1296	ntype_3
1297	ntype_1
1298	ntype_0
1299	ntype_3
1300	ntype_2
1301	ntype_2
1302	ntype_2
1303	ntype_3
1304	ntype_2
1305	ntype_2
1306	ntype_3
1307	ntype_3
1308	ntype_2
1309	ntype_2
1310	ntype_1
1311	ntype_0
1312	ntype_2
1313	ntype_0
1314	ntype_0
1315	ntype_0
1316	ntype_2
1317	ntype_2
1318	ntype_1
1319	ntype_0
1320	ntype_2
1321	ntype_0
1322	ntype_3
1323	ntype_3
1324	ntype_1
1325	ntype_2
1326	ntype_3
1327	ntype_0
1328	ntype_2
1329	ntype_0
1330	ntype_1
1331	ntype_0
1332	ntype_1
1333	ntype_0
1334	ntype_0
1335	ntype_3
1336	ntype_1
1337	ntype_1
1338	ntype_1
1339	ntype_1
1340	ntype_2
1341	ntype_0
1342	ntype_0
1343	ntype_1
1344	ntype_2
1345	ntype_0
1346	ntype_3
1347	ntype_3
1348	ntype_3
1349	ntype_3
1350	ntype_2
1351	ntype_2
1352	ntype_0
1353	ntype_2
1354	ntype_3
1355	ntype_2
1356	ntype_2
1357	ntype_3
1358	ntype_1
1359	ntype_1
1360	ntype_2
1361	ntype_0
1362	ntype_2
1363	ntype_2
1364	ntype_2
1365	ntype_3
1366	ntype_0
1367	ntype_3
1368	ntype_1
1369	ntype_0
1370	ntype_1
1371	ntype_0
1372	ntype_3
1373	ntype_3
1374	ntype_1
1375	ntype_2
1376	ntype_0
1377	ntype_2
1378	ntype_0
1379	ntype_2
1380	ntype_0
1381	ntype_3
1382	ntype_1
1383	ntype_2
1384	ntype_3
1385	ntype_2
1386	ntype_0
1387	ntype_0
1388	ntype_1
1389	ntype_2
1390	ntype_3
1391	ntype_1
1392	ntype_3
1393	ntype_0
1394	ntype_0
1395	ntype_0
1396	ntype_1
1397	ntype_0
1398	ntype_2
1399	ntype_3
1400	ntype_0
1401	ntype_1
1402	ntype_3
1403	ntype_2
1404	ntype_0
1405	ntype_1
1406	ntype_2
1407	ntype_0
1408	ntype_3
1409	ntype_2
1410	ntype_0
1411	ntype_1
1412	ntype_0
1413	ntype_2
1414	ntype_1
1415	ntype_0
1416	ntype_3
1417	ntype_0
1418	ntype_0
1419	ntype_3
1420	ntype_0
1421	ntype_0
1422	ntype_3
1423	ntype_1
1424	ntype_3
1425	ntype_3
1426	ntype_2
1427	ntype_3
1428	ntype_0
1429	ntype_3
1430	ntype_2
1431	ntype_3
1432	ntype_1
1433	ntype_3
1434	ntype_3
1435	ntype_1
1436	ntype_3
1437	ntype_0
1438	ntype_2
1439	ntype_2
1440	ntype_2
1441	ntype_1
1442	ntype_1
1443	ntype_3
1444	ntype_0
1445	ntype_3
1446	ntype_2
1447	ntype_3
1448	ntype_1
1449	ntype_2
1450	ntype_1
1451	ntype_1
1452	ntype_0
1453	ntype_0
1454	ntype_0
1455	ntype_3
1456	ntype_2
1457	ntype_1
1458	ntype_2
1459	ntype_1
1460	ntype_0
1461	ntype_3
1462	ntype_1
1463	ntype_3
1464	ntype_0
1465	ntype_2
1466	ntype_3
1467	ntype_3
1468	ntype_0
1469	ntype_2
1470	ntype_2
1471	ntype_3
1472	ntype_0
1473	ntype_2
1474	ntype_1
1475	ntype_3
1476	ntype_2
1477	ntype_0
1478	ntype_0
1479	ntype_3
1480	ntype_3
1481	ntype_0
1482	ntype_0
1483	ntype_0
1484	ntype_3
1485	ntype_2
1486	ntype_1
1487	ntype_3
1488	ntype_2
1489	ntype_2
1490	ntype_2
1491	ntype_1
1492	ntype_1
1493	ntype_3
1494	ntype_1
1495	ntype_2
1496	ntype_3
1497	ntype_0
1498	ntype_0
1499	ntype_0
1500	ntype_1
1501	ntype_1
1502	ntype_1
1503	ntype_2
1504	ntype_0
1505	ntype_0
1506	ntype_1
1507	ntype_2
1508	ntype_0
1509	ntype_2
1510	ntype_3
1511	ntype_2
1512	ntype_2
1513	ntype_3
1514	ntype_3
1515	ntype_3
1516	ntype_0
1517	ntype_2
1518	ntype_1
1519	ntype_2
1520	ntype_0
1521	ntype_3
1522	ntype_2
1523	ntype_2
1524	ntype_1
1525	ntype_1
1526	ntype_2
1527	ntype_1
1528	ntype_3
1529	ntype_0
1530	ntype_3
1531	ntype_0
1532	ntype_0
1533	ntype_3
1534	ntype_1
1535	ntype_0
1536	ntype_1
1537	ntype_1
1538	ntype_2
1539	ntype_3
1540	ntype_1
1541	ntype_3
1542	ntype_2
1543	ntype_3
1544	ntype_2
1545	ntype_3
1546	ntype_3
1547	ntype_2
1548	ntype_2
1549	ntype_0
1550	ntype_2
1551	ntype_3
1552	ntype_1
1553	ntype_0
1554	ntype_3
1555	ntype_1
1556	ntype_3
1557	ntype_0
1558	ntype_3
1559	ntype_0
1560	ntype_0
1561	ntype_1
1562	ntype_2
1563	ntype_3
1564	ntype_1
1565	ntype_2
1566	ntype_1
1567	ntype_2
1568	ntype_3
1569	ntype_0
1570	ntype_3
1571	ntype_2
1572	ntype_2
1573	ntype_0
1574	ntype_2
1575	ntype_0
1576	ntype_3
1577	ntype_0
1578	ntype_2
1579	ntype_2
1580	ntype_2
1581	ntype_1
1582	ntype_1
1583	ntype_2
1584	ntype_3
1585	ntype_1
1586	ntype_1
1587	ntype_0
1588	ntype_1
1589	ntype_2
1590	ntype_3
1591	ntype_2
1592	ntype_1
1593	ntype_3
1594	ntype_3
1595	ntype_3
1596	ntype_0
1597	ntype_1
1598	ntype_3
1599	ntype_3
1600	ntype_3
1601	ntype_1
1602	ntype_2
1603	ntype_2
1604	ntype_2
1605	ntype_3
1606	ntype_2
1607	ntype_3
1608	ntype_3
1609	ntype_3
1610	ntype_0
1611	ntype_3
1612	ntype_3
1613	ntype_1
1614	ntype_3
1615	ntype_0
1616	ntype_2
1617	ntype_3
1618	ntype_1
1619	ntype_1
1620	ntype_0
1621	ntype_2
1622	ntype_2
1623	ntype_1
1624	ntype_0
1625	ntype_0
1626	ntype_3
1627	ntype_0
1628	ntype_3
1629	ntype_1
1630	ntype_3
1631	ntype_1
1632	ntype_2
1633	ntype_3
1634	ntype_0
1635	ntype_3
1636	ntype_2
1637	ntype_2
1638	ntype_1
1639	ntype_1
1640	ntype_2
1641	ntype_1
1642	ntype_0
1643	ntype_1
1644	ntype_3
1645	ntype_0
1646	ntype_0
1647	ntype_0
1648	ntype_1
1649	ntype_1
1650	ntype_0
1651	ntype_2
1652	ntype_0
1653	ntype_1
1654	ntype_2
1655	ntype_3
1656	ntype_0
1657	ntype_1
1658	ntype_2
1659	ntype_3
1660	ntype_0
1661	ntype_3
1662	ntype_2
1663	ntype_2
1664	ntype_0
1665	ntype_0
1666	ntype_1
1667	ntype_1
1668	ntype_3
1669	ntype_2
1670	ntype_1
1671	ntype_2
1672	ntype_1
1673	ntype_0
1674	ntype_0
1675	ntype_0
1676	ntype_3
1677	ntype_0
1678	ntype_0
1679	ntype_2
1680	ntype_0
1681	ntype_2
1682	ntype_0
1683	ntype_0
1684	ntype_0
1685	ntype_0
1686	ntype_0
1687	ntype_1
1688	ntype_3
1689	ntype_3
1690	ntype_1
1691	ntype_3
1692	ntype_2
1693	ntype_0
1694	ntype_3
1695	ntype_2
1696	ntype_1
1697	ntype_0
1698	ntype_2
1699	ntype_0
1700	ntype_1
1701	ntype_3
1702	ntype_3
1703	ntype_1
1704	ntype_2
1705	ntype_2
1706	ntype_3
1707	ntype_1
1708	ntype_2
1709	ntype_2
1710	ntype_3
1711	ntype_3
1712	ntype_3
1713	ntype_1
1714	ntype_2
1715	ntype_2
1716	ntype_0
1717	ntype_0
1718	ntype_1
1719	ntype_3
1720	ntype_3
1721	ntype_3
1722	ntype_1
1723	ntype_3
1724	ntype_3
1725	ntype_3
1726	ntype_3
1727	ntype_0
1728	ntype_1
1729	ntype_3
1730	ntype_1
1731	ntype_3
1732	ntype_2
1733	ntype_1
1734	ntype_2
1735	ntype_0
1736	ntype_1
1737	ntype_2
1738	ntype_0
1739	ntype_0
1740	ntype_1
1741	ntype_1
1742	ntype_3
1743	ntype_0
1744	ntype_2
1745	ntype_1
1746	ntype_1
1747	ntype_2
1748	ntype_3
1749	ntype_3
1750	ntype_0
1751	ntype_3
1752	ntype_0
1753	ntype_0
1754	ntype_3
1755	ntype_0
1756	ntype_1
1757	ntype_1
1758	ntype_0
1759	ntype_2
1760	ntype_0
1761	ntype_2
1762	ntype_2
1763	ntype_3
1764	ntype_1
1765	ntype_3
1766	ntype_1
1767	ntype_0
1768	ntype_3
1769	ntype_3
1770	ntype_1
1771	ntype_2
1772	ntype_1
1773	ntype_0
1774	ntype_2
1775	ntype_2
1776	ntype_2
1777	ntype_2
1778	ntype_3
1779	ntype_3
1780	ntype_3
1781	ntype_2
1782	ntype_3
1783	ntype_1
1784	ntype_1
1785	ntype_3
1786	ntype_2
1787	ntype_1
1788	ntype_1
1789	ntype_3
1790	ntype_2
1791	ntype_1
1792	ntype_2
1793	ntype_3
1794	ntype_3
1795	ntype_1
1796	ntype_3
1797	ntype_3
1798	ntype_1
1799	ntype_0
1800	ntype_3
1801	ntype_1
1802	ntype_1
1803	ntype_0
1804	ntype_3
1805	ntype_2
1806	ntype_1
1807	ntype_0
1808	ntype_0
1809	ntype_3
1810	ntype_2
1811	ntype_0
1812	ntype_2
1813	ntype_0
1814	ntype_1
1815	ntype_2
1816	ntype_1
1817	ntype_1
1818	ntype_1
1819	ntype_2
1820	ntype_2
1821	ntype_3
1822	ntype_1
1823	ntype_1
1824	ntype_0
1825	ntype_0
1826	ntype_3
1827	ntype_1
1828	ntype_3
1829	ntype_3
1830	ntype_3
1831	ntype_3
1832	ntype_1
1833	ntype_1
1834	ntype_1
1835	ntype_0
1836	ntype_0
1837	ntype_3
1838	ntype_2
1839	ntype_3
1840	ntype_3
1841	ntype_0
1842	ntype_0
1843	ntype_0
1844	ntype_3
1845	ntype_1
1846	ntype_1
1847	ntype_1
1848	ntype_0
1849	ntype_0
1850	ntype_0
1851	ntype_3
1852	ntype_1
1853	ntype_0
1854	ntype_3
1855	ntype_0
1856	ntype_1
1857	ntype_1
1858	ntype_2
1859	ntype_3
1860	ntype_0
1861	ntype_1
1862	ntype_0
1863	ntype_3
1864	ntype_0
1865	ntype_1
1866	ntype_2
1867	ntype_3
1868	ntype_2
1869	ntype_2
1870	ntype_2
1871	ntype_0
1872	ntype_1
1873	ntype_0
1874	ntype_1
1875	ntype_3
1876	ntype_1
1877	ntype_1
1878	ntype_3
1879	ntype_2
1880	ntype_3
1881	ntype_2
1882	ntype_1
1883	ntype_0
1884	ntype_2
1885	ntype_2
1886	ntype_2
1887	ntype_0
1888	ntype_2
1889	ntype_0
1890	ntype_2
1891	ntype_2
1892	ntype_0
1893	ntype_0
1894	ntype_0
1895	ntype_0
1896	ntype_0
1897	ntype_2
1898	ntype_1
1899	ntype_2
1900	ntype_2
1901	ntype_1
1902	ntype_0
1903	ntype_2
1904	ntype_3
1905	ntype_1
1906	ntype_3
1907	ntype_1
1908	ntype_3
1909	ntype_1
1910	ntype_0
1911	ntype_3
1912	ntype_1
1913	ntype_2
1914	ntype_0
1915	ntype_3
1916	ntype_1
1917	ntype_1
1918	ntype_2
1919	ntype_0
1920	ntype_3
1921	ntype_3
1922	ntype_2
1923	ntype_1
1924	ntype_0
1925	ntype_3
1926	ntype_3
1927	ntype_3
1928	ntype_0
1929	ntype_2
1930	ntype_2
1931	ntype_2
1932	ntype_3
1933	ntype_1
1934	ntype_3
1935	ntype_3
1936	ntype_2
1937	ntype_1
1938	ntype_0
1939	ntype_3
1940	ntype_3
1941	ntype_3
1942	ntype_0
1943	ntype_2
1944	ntype_3
1945	ntype_2
1946	ntype_2
1947	ntype_1
1948	ntype_1
1949	ntype_3
1950	ntype_2
1951	ntype_3
1952	ntype_3
1953	ntype_3
1954	ntype_3
1955	ntype_2
1956	ntype_0
1957	ntype_0
1958	ntype_2
1959	ntype_3
1960	ntype_1
1961	ntype_1
1962	ntype_1
1963	ntype_2
1964	ntype_1
1965	ntype_2
1966	ntype_3
1967	ntype_1
1968	ntype_2
1969	ntype_1
1970	ntype_3
1971	ntype_1
1972	ntype_3
1973	ntype_1
1974	ntype_3
1975	ntype_3
1976	ntype_3
1977	ntype_3
1978	ntype_1
1979	ntype_0
1980	ntype_1
1981	ntype_1
1982	ntype_2
1983	ntype_3
1984	ntype_3
1985	ntype_3
1986	ntype_0
1987	ntype_0
1988	ntype_0
1989	ntype_2
1990	ntype_2
1991	ntype_3
1992	ntype_2
1993	ntype_0
1994	ntype_0
1995	ntype_1
1996	ntype_0
1997	ntype_2
1998	ntype_2
1999	ntype_2
2000	ntype_0
2001	ntype_0
2002	ntype_0
2003	ntype_2
2004	ntype_3
2005	ntype_1
2006	ntype_0
2007	ntype_2
2008	ntype_3
2009	ntype_0
2010	ntype_1
2011	ntype_0
2012	ntype_2
2013	ntype_2
2014	ntype_2
2015	ntype_2
2016	ntype_0
2017	ntype_3
2018	ntype_2
2019	ntype_1
2020	ntype_1
2021	ntype_3
2022	ntype_1
2023	ntype_2
2024	ntype_0
2025	ntype_0
2026	ntype_0
2027	ntype_0
2028	ntype_1
2029	ntype_3
2030	ntype_2
2031	ntype_1
2032	ntype_1
2033	ntype_1
2034	ntype_0
2035	ntype_3
2036	ntype_1
2037	ntype_1
2038	ntype_0
2039	ntype_3
2040	ntype_0
2041	ntype_3
2042	ntype_3
2043	ntype_3
2044	ntype_0
2045	ntype_2
2046	ntype_0
2047	ntype_1
2048	ntype_0
2049	ntype_1
2050	ntype_2
2051	ntype_1
2052	ntype_3
2053	ntype_3
2054	ntype_3
2055	ntype_3
2056	ntype_2
2057	ntype_3
2058	ntype_3
2059	ntype_0
2060	ntype_3
2061	ntype_3
2062	ntype_3
2063	ntype_2
2064	ntype_0
2065	ntype_1
2066	ntype_2
2067	ntype_2
2068	ntype_3
2069	ntype_1
2070	ntype_3
2071	ntype_0
2072	ntype_3
2073	ntype_1
2074	ntype_2
2075	ntype_2
2076	ntype_0
2077	ntype_1
2078	ntype_0
2079	ntype_3
2080	ntype_0
2081	ntype_1
2082	ntype_1
2083	ntype_2
2084	ntype_0
2085	ntype_3
2086	ntype_0
2087	ntype_0
2088	ntype_0
2089	ntype_1
2090	ntype_0
2091	ntype_1
2092	ntype_2
2093	ntype_3
2094	ntype_1
2095	ntype_0
2096	ntype_3
2097	ntype_2
2098	ntype_0
2099	ntype_3
2100	ntype_1
2101	ntype_1
2102	ntype_1
2103	ntype_1
2104	ntype_1
2105	ntype_2
2106	ntype_2
2107	ntype_1
2108	ntype_1
2109	ntype_3
2110	ntype_2
2111	ntype_0
2112	ntype_2
2113	ntype_2
2114	ntype_2
2115	ntype_3
2116	ntype_2
2117	ntype_3
2118	ntype_3
2119	ntype_1
2120	ntype_3
2121	ntype_0
2122	ntype_1
2123	ntype_2
2124	ntype_0
2125	ntype_0
2126	ntype_3
2127	ntype_1
2128	ntype_3
2129	ntype_2
2130	ntype_3
2131	ntype_2
2132	ntype_0
2133	ntype_0
2134	ntype_0
2135	ntype_0
2136	ntype_2
2137	ntype_2
2138	ntype_3
2139	ntype_3
2140	ntype_3
2141	ntype_2
2142	ntype_1
2143	ntype_1
2144	ntype_1
2145	ntype_1
2146	ntype_3
2147	ntype_1
2148	ntype_3
2149	ntype_0
2150	ntype_2
2151	ntype_0
2152	ntype_3
2153	ntype_2
2154	ntype_0
2155	ntype_0
2156	ntype_3
2157	ntype_1
2158	ntype_2
2159	ntype_1
2160	ntype_0
2161	ntype_2
2162	ntype_0
2163	ntype_0
2164	ntype_1
2165	ntype_1
2166	ntype_0
2167	ntype_0
2168	ntype_3
2169	ntype_3
2170	ntype_3
2171	ntype_1
2172	ntype_1
2173	ntype_3
2174	ntype_3
2175	ntype_1
2176	ntype_2
2177	ntype_3
2178	ntype_1
2179	ntype_1
2180	ntype_0
2181	ntype_0
2182	ntype_2
2183	ntype_2
2184	ntype_1
2185	ntype_2
2186	ntype_3
2187	ntype_1
2188	ntype_2
2189	ntype_3
2190	ntype_0
2191	ntype_2
2192	ntype_3
2193	ntype_1
2194	ntype_2
2195	ntype_0
2196	ntype_2
2197	ntype_2
2198	ntype_1
2199	ntype_0
2200	ntype_1
2201	ntype_0
2202	ntype_0
2203	ntype_1
2204	ntype_1
2205	ntype_0
2206	ntype_2
2207	ntype_1
2208	ntype_1
2209	ntype_2
2210	ntype_2
2211	ntype_2
2212	ntype_2
2213	ntype_0
2214	ntype_1
2215	ntype_1
2216	ntype_3
2217	ntype_2
2218	ntype_2
2219	ntype_1
2220	ntype_3
2221	ntype_1
2222	ntype_0
2223	ntype_1
2224	ntype_1
2225	ntype_2
2226	ntype_3
2227	ntype_3
2228	ntype_0
2229	ntype_2
2230	ntype_3
2231	ntype_2
2232	ntype_0
2233	ntype_2
2234	ntype_2
2235	ntype_1
2236	ntype_1
2237	ntype_0
2238	ntype_2
2239	ntype_0
2240	ntype_3
2241	ntype_2
2242	ntype_1
2243	ntype_3
2244	ntype_0
2245	ntype_0
2246	ntype_0
2247	ntype_1
2248	ntype_1
2249	ntype_1
2250	ntype_1
2251	ntype_1
2252	ntype_0
2253	ntype_3
2254	ntype_2
2255	ntype_1
2256	ntype_3
2257	ntype_0
2258	ntype_3
2259	ntype_1
2260	ntype_1
2261	ntype_0
2262	ntype_1
2263	ntype_1
2264	ntype_0
2265	ntype_2
2266	ntype_3
2267	ntype_0
2268	ntype_3
2269	ntype_2
2270	ntype_2
2271	ntype_2
2272	ntype_3
2273	ntype_0
2274	ntype_0
2275	ntype_3
2276	ntype_0
2277	ntype_0
2278	ntype_1
2279	ntype_3
2280	ntype_3
2281	ntype_3
2282	ntype_1
2283	ntype_1
2284	ntype_2
2285	ntype_3
2286	ntype_1
2287	ntype_3
2288	ntype_2
2289	ntype_0
2290	ntype_3
2291	ntype_2
2292	ntype_0
2293	ntype_1
2294	ntype_2
2295	ntype_1
2296	ntype_1
2297	ntype_0
2298	ntype_2
2299	ntype_1
2300	ntype_3
2301	ntype_1
2302	ntype_3
2303	ntype_0
2304	ntype_2
2305	ntype_2
2306	ntype_3
2307	ntype_3
2308	ntype_3
2309	ntype_0
2310	ntype_0
2311	ntype_1
2312	ntype_2
2313	ntype_1
2314	ntype_0
2315	ntype_1
2316	ntype_3
2317	ntype_3
2318	ntype_1
2319	ntype_2
2320	ntype_2
2321	ntype_1
2322	ntype_2
2323	ntype_0
2324	ntype_2
2325	ntype_0
2326	ntype_0
2327	ntype_2
2328	ntype_0
2329	ntype_1
2330	ntype_3
2331	ntype_2
2332	ntype_3
2333	ntype_1
2334	ntype_0
2335	ntype_3
2336	ntype_2
2337	ntype_0
2338	ntype_0
2339	ntype_3
2340	ntype_1
2341	ntype_2
2342	ntype_0
2343	ntype_0
2344	ntype_1
2345	ntype_3
2346	ntype_1
2347	ntype_0
2348	ntype_1
2349	ntype_0
2350	ntype_3
2351	ntype_1
2352	ntype_2
2353	ntype_2
2354	ntype_0
2355	ntype_3
2356	ntype_0
2357	ntype_1
2358	ntype_0
2359	ntype_2
2360	ntype_3
2361	ntype_1
2362	ntype_1
2363	ntype_3
2364	ntype_2
2365	ntype_3
2366	ntype_2
2367	ntype_3
2368	ntype_3
2369	ntype_1
2370	ntype_1
2371	ntype_1
2372	ntype_1
2373	ntype_1
2374	ntype_3
2375	ntype_1
2376	ntype_1
2377	ntype_2
2378	ntype_2
2379	ntype_0
2380	ntype_0
2381	ntype_0
2382	ntype_2
2383	ntype_0
2384	ntype_3
2385	ntype_1
2386	ntype_0
2387	ntype_3
2388	ntype_0
2389	ntype_1
2390	ntype_1
2391	ntype_2
2392	ntype_1
2393	ntype_3
2394	ntype_0
2395	ntype_2
2396	ntype_1
2397	ntype_2
2398	ntype_1
2399	ntype_3
2400	ntype_2
2401	ntype_3
2402	ntype_2
2403	ntype_1
2404	ntype_2
2405	ntype_2
2406	ntype_1
2407	ntype_3
2408	ntype_2
2409	ntype_0
2410	ntype_3
2411	ntype_3
2412	ntype_2
2413	ntype_1
2414	ntype_0
2415	ntype_2
2416	ntype_3
2417	ntype_1
2418	ntype_1
2419	ntype_3
2420	ntype_1
2421	ntype_2
2422	ntype_0
2423	ntype_2
2424	ntype_2
2425	ntype_1
2426	ntype_2
2427	ntype_3
2428	ntype_1
2429	ntype_2
2430	ntype_2
2431	ntype_3
2432	ntype_3
2433	ntype_0
2434	ntype_2
2435	ntype_3
2436	ntype_0
2437	ntype_1
2438	ntype_2
2439	ntype_1
2440	ntype_1
2441	ntype_1
2442	ntype_3
2443	ntype_0
2444	ntype_0
2445	ntype_3
2446	ntype_3
2447	ntype_0
2448	ntype_1
2449	ntype_0
2450	ntype_1
2451	ntype_0
2452	ntype_0
2453	ntype_3
2454	ntype_1
2455	ntype_3
2456	ntype_0
2457	ntype_1
2458	ntype_1
2459	ntype_1
2460	ntype_2
2461	ntype_3
2462	ntype_2
2463	ntype_0
2464	ntype_0
2465	ntype_1
2466	ntype_2
2467	ntype_2
2468	ntype_3
2469	ntype_3
2470	ntype_0
2471	ntype_0
2472	ntype_3
2473	ntype_1
2474	ntype_0
2475	ntype_3
2476	ntype_2
2477	ntype_1
2478	ntype_3
2479	ntype_2
2480	ntype_0
2481	ntype_1
2482	ntype_1
2483	ntype_3
2484	ntype_1
2485	ntype_3
2486	ntype_2
2487	ntype_3
2488	ntype_2
2489	ntype_3
2490	ntype_0
2491	ntype_2
2492	ntype_1
2493	ntype_0
2494	ntype_1
2495	ntype_1
2496	ntype_1
2497	ntype_2
2498	ntype_2
2499	ntype_3
2500	ntype_1
2501	ntype_3
2502	ntype_3
2503	ntype_2
2504	ntype_0
2505	ntype_3
2506	ntype_3
2507	ntype_0
2508	ntype_1
2509	ntype_3
2510	ntype_2
2511	ntype_1
2512	ntype_2
2513	ntype_2
2514	ntype_3
2515	ntype_2
2516	ntype_1
2517	ntype_2
2518	ntype_3
2519	ntype_3
2520	ntype_2
2521	ntype_2
2522	ntype_3
2523	ntype_1
2524	ntype_3
2525	ntype_3
2526	ntype_1
2527	ntype_2
2528	ntype_2
2529	ntype_0
2530	ntype_1
2531	ntype_1
2532	ntype_1
2533	ntype_1
2534	ntype_3
2535	ntype_0
2536	ntype_0
2537	ntype_0
2538	ntype_0
2539	ntype_1
2540	ntype_3
2541	ntype_1
2542	ntype_3
2543	ntype_3
2544	ntype_0
2545	ntype_3
2546	ntype_1
2547	ntype_2
2548	ntype_0
2549	ntype_1
2550	ntype_1
2551	ntype_0
2552	ntype_3
2553	ntype_3
2554	ntype_0
2555	ntype_1
2556	ntype_1
2557	ntype_2
2558	ntype_1
2559	ntype_3
2560	ntype_2
2561	ntype_3
2562	ntype_1
2563	ntype_0
2564	ntype_3
2565	ntype_0
2566	ntype_0
2567	ntype_0
2568	ntype_0
2569	ntype_1
2570	ntype_3
2571	ntype_1
2572	ntype_2
2573	ntype_0
2574	ntype_0
2575	ntype_1
2576	ntype_0
2577	ntype_2
2578	ntype_2
2579	ntype_2
2580	ntype_3
2581	ntype_3
2582	ntype_2
2583	ntype_0
2584	ntype_0
2585	ntype_3
2586	ntype_2
2587	ntype_3
2588	ntype_1
2589	ntype_3
2590	ntype_3
2591	ntype_0
2592	ntype_2
2593	ntype_1
2594	ntype_2
2595	ntype_0
2596	ntype_1
2597	ntype_2
2598	ntype_3
2599	ntype_0
2600	ntype_1
2601	ntype_0
2602	ntype_0
2603	ntype_2
2604	ntype_3
2605	ntype_0
2606	ntype_1
2607	ntype_0
2608	ntype_0
2609	ntype_1
2610	ntype_1
2611	ntype_2
2612	ntype_3
2613	ntype_0
2614	ntype_0
2615	ntype_1
2616	ntype_2
2617	ntype_3
2618	ntype_1
2619	ntype_1
2620	ntype_3
2621	ntype_0
2622	ntype_2
2623	ntype_3
2624	ntype_0
2625	ntype_2
2626	ntype_3
2627	ntype_1
2628	ntype_0
2629	ntype_0
2630	ntype_0
2631	ntype_3
2632	ntype_3
2633	ntype_1
2634	ntype_3
2635	ntype_2
2636	ntype_2
2637	ntype_3
2638	ntype_3
2639	ntype_1
2640	ntype_3
2641	ntype_1
2642	ntype_0
2643	ntype_3
2644	ntype_0
2645	ntype_3
2646	ntype_2
2647	ntype_3
2648	ntype_0
2649	ntype_3
2650	ntype_3
2651	ntype_1
2652	ntype_1
2653	ntype_0
2654	ntype_0
2655	ntype_3
2656	ntype_1
2657	ntype_1
2658	ntype_3
2659	ntype_3
2660	ntype_2
2661	ntype_0
2662	ntype_0
2663	ntype_2
2664	ntype_1
2665	ntype_2
2666	ntype_0
2667	ntype_3
2668	ntype_3
2669	ntype_0
2670	ntype_3
2671	ntype_2
2672	ntype_2
2673	ntype_0
2674	ntype_0
2675	ntype_2
2676	ntype_0
2677	ntype_1
2678	ntype_2
2679	ntype_2
2680	ntype_3
2681	ntype_2
2682	ntype_3
2683	ntype_2
2684	ntype_2
2685	ntype_1
2686	ntype_1
2687	ntype_0
2688	ntype_3
2689	ntype_3
2690	ntype_2
2691	ntype_3
2692	ntype_0
2693	ntype_3
2694	ntype_2
2695	ntype_3
2696	ntype_3
2697	ntype_3
2698	ntype_0
2699	ntype_2
2700	ntype_1
2701	ntype_0
2702	ntype_1
2703	ntype_2
2704	ntype_0
2705	ntype_1
2706	ntype_1
2707	ntype_3
2708	ntype_3
2709	ntype_0
2710	ntype_0
2711	ntype_3
2712	ntype_2
2713	ntype_2
2714	ntype_1
2715	ntype_1
2716	ntype_0
2717	ntype_2
2718	ntype_0
2719	ntype_0
2720	ntype_2
2721	ntype_3
2722	ntype_0
2723	ntype_1
2724	ntype_1
2725	ntype_0
2726	ntype_0
2727	ntype_2
2728	ntype_1
2729	ntype_1
2730	ntype_1
2731	ntype_0
2732	ntype_1
2733	ntype_2
2734	ntype_0
2735	ntype_2
2736	ntype_1
2737	ntype_3
2738	ntype_1
2739	ntype_1
2740	ntype_2
2741	ntype_3
2742	ntype_0
2743	ntype_0
2744	ntype_1
2745	ntype_3
2746	ntype_0
2747	ntype_0
2748	ntype_2
2749	ntype_1
2750	ntype_0
2751	ntype_2
2752	ntype_3
2753	ntype_0
2754	ntype_2
2755	ntype_2
2756	ntype_1
2757	ntype_1
2758	ntype_0
2759	ntype_3
2760	ntype_3
2761	ntype_0
2762	ntype_3
2763	ntype_1
2764	ntype_2
2765	ntype_3
2766	ntype_0
2767	ntype_1
2768	ntype_1
2769	ntype_2
2770	ntype_0
2771	ntype_1
2772	ntype_0
2773	ntype_3
2774	ntype_2
2775	ntype_2
2776	ntype_2
2777	ntype_0
2778	ntype_1
2779	ntype_2
2780	ntype_0
2781	ntype_3
2782	ntype_0
2783	ntype_1
2784	ntype_0
2785	ntype_0
2786	ntype_0
2787	ntype_2
2788	ntype_0
2789	ntype_2
2790	ntype_1
2791	ntype_0
2792	ntype_0
2793	ntype_0
2794	ntype_2
2795	ntype_2
2796	ntype_2
2797	ntype_0
2798	ntype_0
2799	ntype_0
2800	ntype_1
2801	ntype_0
2802	ntype_2
2803	ntype_3
2804	ntype_2
2805	ntype_3
2806	ntype_1
2807	ntype_2
2808	ntype_0
2809	ntype_1
2810	ntype_1
2811	ntype_2
2812	ntype_2
2813	ntype_1
2814	ntype_2
2815	ntype_0
2816	ntype_3
2817	ntype_0
2818	ntype_0
2819	ntype_0
2820	ntype_2
2821	ntype_2
2822	ntype_3
2823	ntype_0
2824	ntype_3
2825	ntype_1
2826	ntype_0
2827	ntype_3
2828	ntype_3
2829	ntype_1
2830	ntype_2
2831	ntype_3
2832	ntype_1
2833	ntype_0
2834	ntype_1
2835	ntype_3
2836	ntype_0
2837	ntype_2
2838	ntype_2
2839	ntype_1
2840	ntype_3
2841	ntype_2
2842	ntype_2
2843	ntype_2
2844	ntype_1
2845	ntype_0
2846	ntype_1
2847	ntype_0
2848	ntype_2
2849	ntype_2
2850	ntype_2
2851	ntype_3
2852	ntype_0
2853	ntype_2
2854	ntype_2
2855	ntype_3
2856	ntype_3
2857	ntype_0
2858	ntype_1
2859	ntype_1
2860	ntype_3
2861	ntype_2
2862	ntype_3
2863	ntype_3
2864	ntype_2
2865	ntype_1
2866	ntype_1
2867	ntype_1
2868	ntype_1
2869	ntype_0
2870	ntype_1
2871	ntype_2
2872	ntype_1
2873	ntype_1
2874	ntype_3
2875	ntype_3
2876	ntype_2
2877	ntype_0
2878	ntype_1
2879	ntype_1
2880	ntype_0
2881	ntype_2
2882	ntype_1
2883	ntype_3
2884	ntype_0
2885	ntype_3
2886	ntype_0
2887	ntype_3
2888	ntype_2
2889	ntype_2
2890	ntype_0
2891	ntype_0
2892	ntype_0
2893	ntype_2
2894	ntype_0
2895	ntype_0
2896	ntype_3
2897	ntype_3
2898	ntype_3
2899	ntype_0
2900	ntype_1
2901	ntype_0
2902	ntype_0
2903	ntype_0
2904	ntype_2
2905	ntype_2
2906	ntype_3
2907	ntype_2
2908	ntype_2
2909	ntype_1
2910	ntype_3
2911	ntype_0
2912	ntype_2
2913	ntype_0
2914	ntype_2
2915	ntype_2
2916	ntype_2
2917	ntype_3
2918	ntype_3
2919	ntype_0
2920	ntype_1
2921	ntype_1
2922	ntype_2
2923	ntype_3
2924	ntype_3
2925	ntype_0
2926	ntype_2
2927	ntype_3
2928	ntype_0
2929	ntype_1
2930	ntype_2
2931	ntype_1
2932	ntype_3
2933	ntype_1
2934	ntype_2
2935	ntype_1
2936	ntype_3
2937	ntype_1
2938	ntype_0
2939	ntype_0
2940	ntype_2
2941	ntype_1
2942	ntype_1
2943	ntype_1
2944	ntype_2
2945	ntype_2
2946	ntype_3
2947	ntype_2
2948	ntype_0
2949	ntype_3
2950	ntype_2
2951	ntype_1
2952	ntype_2
2953	ntype_1
2954	ntype_0
2955	ntype_0
2956	ntype_0
2957	ntype_0
2958	ntype_3
2959	ntype_2
2960	ntype_3
2961	ntype_0
2962	ntype_1
2963	ntype_3
2964	ntype_2
2965	ntype_2
2966	ntype_1
2967	ntype_0
2968	ntype_0
2969	ntype_0
2970	ntype_3
2971	ntype_1
2972	ntype_2
2973	ntype_0
2974	ntype_1
2975	ntype_2
2976	ntype_1
2977	ntype_3
2978	ntype_1
2979	ntype_2
2980	ntype_3
2981	ntype_3
2982	ntype_3
2983	ntype_1
2984	ntype_1
2985	ntype_2
2986	ntype_2
2987	ntype_2
2988	ntype_3
2989	ntype_1
2990	ntype_0
2991	ntype_0
2992	ntype_1
2993	ntype_2
2994	ntype_0
2995	ntype_1
2996	ntype_0
2997	ntype_2
2998	ntype_2
2999	ntype_3
3000	ntype_2
3001	ntype_3
3002	ntype_1
3003	ntype_1
3004	ntype_3
3005	ntype_2
3006	ntype_3
3007	ntype_3
3008	ntype_3
3009	ntype_0
3010	ntype_3
3011	ntype_1
3012	ntype_0
3013	ntype_2
3014	ntype_3
3015	ntype_1
3016	ntype_1
3017	ntype_1
3018	ntype_3
3019	ntype_2
3020	ntype_3
3021	ntype_1
3022	ntype_2
3023	ntype_1
3024	ntype_3
3025	ntype_3
3026	ntype_2
3027	ntype_2
3028	ntype_2
3029	ntype_3
3030	ntype_3
3031	ntype_3
3032	ntype_1
3033	ntype_2
3034	ntype_3
3035	ntype_1
3036	ntype_1
3037	ntype_0
3038	ntype_3
3039	ntype_2
3040	ntype_1
3041	ntype_1
3042	ntype_0
3043	ntype_1
3044	ntype_1
3045	ntype_1
3046	ntype_3
3047	ntype_1
3048	ntype_1
3049	ntype_1
3050	ntype_0
3051	ntype_3
3052	ntype_2
3053	ntype_3
3054	ntype_2
3055	ntype_1
3056	ntype_0
3057	ntype_3
3058	ntype_2
3059	ntype_3
3060	ntype_1
3061	ntype_1
3062	ntype_2
3063	ntype_1
3064	ntype_3
3065	ntype_1
3066	ntype_0
3067	ntype_1
3068	ntype_1
3069	ntype_0
3070	ntype_2
3071	ntype_2
3072	ntype_1
3073	ntype_1
3074	ntype_0
3075	ntype_1
3076	ntype_0
3077	ntype_3
3078	ntype_2
3079	ntype_2
3080	ntype_0
3081	ntype_2
3082	ntype_0
3083	ntype_0
3084	ntype_2
3085	ntype_3
3086	ntype_0
3087	ntype_0
3088	ntype_3
3089	ntype_1
3090	ntype_3
3091	ntype_1
3092	ntype_3
3093	ntype_1
3094	ntype_2
3095	ntype_0
3096	ntype_2
3097	ntype_2
3098	ntype_2
3099	ntype_0
3100	ntype_3
3101	ntype_1
3102	ntype_0
3103	ntype_3
3104	ntype_3
3105	ntype_1
3106	ntype_0
3107	ntype_3
3108	ntype_1
3109	ntype_3
3110	ntype_2
3111	ntype_2
3112	ntype_2
3113	ntype_0
3114	ntype_1
3115	ntype_0
3116	ntype_2
3117	ntype_2
3118	ntype_1
3119	ntype_0
3120	ntype_3
3121	ntype_1
3122	ntype_3
3123	ntype_1
3124	ntype_2
3125	ntype_0
3126	ntype_0
3127	ntype_1
3128	ntype_2
3129	ntype_2
3130	ntype_3
3131	ntype_3
3132	ntype_1
3133	ntype_1
3134	ntype_1
3135	ntype_0
3136	ntype_1
3137	ntype_1
3138	ntype_0
3139	ntype_2
3140	ntype_3
3141	ntype_0
3142	ntype_1
3143	ntype_1
3144	ntype_2
3145	ntype_0
3146	ntype_2
3147	ntype_1
3148	ntype_3
3149	ntype_1
3150	ntype_0
3151	ntype_0
3152	ntype_1
3153	ntype_3
3154	ntype_0
3155	ntype_0
3156	ntype_1
3157	ntype_1
3158	ntype_2
3159	ntype_3
3160	ntype_2
3161	ntype_2
3162	ntype_3
3163	ntype_2
3164	ntype_3
3165	ntype_1
3166	ntype_2
3167	ntype_3
3168	ntype_2
3169	ntype_3
3170	ntype_2
3171	ntype_2
3172	ntype_3
3173	ntype_1
3174	ntype_1
3175	ntype_3
3176	ntype_2
3177	ntype_3
3178	ntype_1
3179	ntype_3
3180	ntype_1
3181	ntype_1
3182	ntype_3
3183	ntype_2
3184	ntype_1
3185	ntype_0
3186	ntype_3
3187	ntype_2
3188	ntype_0
3189	ntype_1
3190	ntype_3
3191	ntype_1
3192	ntype_2
3193	ntype_3
3194	ntype_1
3195	ntype_1
3196	ntype_1
3197	ntype_3
3198	ntype_0
3199	ntype_3
3200	ntype_1
3201	ntype_0
3202	ntype_3
3203	ntype_3
3204	ntype_3
3205	ntype_2
3206	ntype_0
3207	ntype_0
3208	ntype_3
3209	ntype_0
3210	ntype_0
3211	ntype_2
3212	ntype_3
3213	ntype_1
3214	ntype_2
3215	ntype_3
3216	ntype_2
3217	ntype_0
3218	ntype_0
3219	ntype_2
3220	ntype_0
3221	ntype_2
3222	ntype_2
3223	ntype_0
3224	ntype_3
3225	ntype_0
3226	ntype_2
3227	ntype_3
3228	ntype_0
3229	ntype_3
3230	ntype_3
3231	ntype_2
3232	ntype_3
3233	ntype_1
3234	ntype_3
3235	ntype_1
3236	ntype_1
3237	ntype_1
3238	ntype_2
3239	ntype_1
3240	ntype_3
3241	ntype_1
3242	ntype_3
3243	ntype_3
3244	ntype_3
3245	ntype_0
3246	ntype_0
3247	ntype_2
3248	ntype_0
3249	ntype_3
3250	ntype_1
3251	ntype_3
3252	ntype_1
3253	ntype_3
3254	ntype_2
3255	ntype_1
3256	ntype_1
3257	ntype_2
3258	ntype_0
3259	ntype_3
3260	ntype_1
3261	ntype_0
3262	ntype_2
3263	ntype_2
3264	ntype_1
3265	ntype_2
3266	ntype_1
3267	ntype_0
3268	ntype_1
3269	ntype_3
3270	ntype_3
3271	ntype_3
3272	ntype_3
3273	ntype_1
3274	ntype_0
3275	ntype_2
3276	ntype_3
3277	ntype_1
3278	ntype_3
3279	ntype_0
3280	ntype_0
3281	ntype_2
3282	ntype_1
3283	ntype_0
3284	ntype_3
3285	ntype_0
3286	ntype_1
3287	ntype_2
3288	ntype_2
3289	ntype_0
3290	ntype_0
3291	ntype_0
3292	ntype_3
3293	ntype_2
3294	ntype_0
3295	ntype_3
3296	ntype_3
3297	ntype_3
3298	ntype_1
3299	ntype_0
3300	ntype_2
3301	ntype_0
3302	ntype_2
3303	ntype_3
3304	ntype_1
3305	ntype_3
3306	ntype_0
3307	ntype_2
3308	ntype_2
3309	ntype_1
3310	ntype_2
3311	ntype_2
3312	ntype_2
3313	ntype_0
3314	ntype_1
3315	ntype_1
3316	ntype_0
3317	ntype_2
3318	ntype_3
3319	ntype_2
3320	ntype_1
3321	ntype_2
3322	ntype_3
3323	ntype_0
3324	ntype_2
3325	ntype_3
3326	ntype_1
3327	ntype_0
3328	ntype_3
3329	ntype_2
3330	ntype_3
3331	ntype_3
3332	ntype_2
3333	ntype_0
3334	ntype_0
3335	ntype_2
3336	ntype_1
3337	ntype_0
3338	ntype_1
3339	ntype_3
3340	ntype_2
3341	ntype_0
3342	ntype_2
3343	ntype_1
3344	ntype_1
3345	ntype_3
3346	ntype_2
3347	ntype_3
3348	ntype_1
3349	ntype_3
3350	ntype_3
3351	ntype_3
3352	ntype_2
3353	ntype_1
3354	ntype_0
3355	ntype_0
3356	ntype_3
3357	ntype_0
3358	ntype_3
3359	ntype_1
3360	ntype_3
3361	ntype_2
3362	ntype_0
3363	ntype_0
3364	ntype_2
3365	ntype_3
3366	ntype_2
3367	ntype_3
3368	ntype_2
3369	ntype_0
3370	ntype_1
3371	ntype_2
3372	ntype_3
3373	ntype_3
3374	ntype_2
3375	ntype_2
3376	ntype_0
3377	ntype_3
3378	ntype_3
3379	ntype_0
3380	ntype_1
3381	ntype_3
3382	ntype_2
3383	ntype_0
3384	ntype_1
3385	ntype_3
3386	ntype_2
3387	ntype_1
3388	ntype_3
3389	ntype_2
3390	ntype_0
3391	ntype_1
3392	ntype_2
3393	ntype_0
3394	ntype_1
3395	ntype_3
3396	ntype_0
3397	ntype_0
3398	ntype_2
3399	ntype_1
3400	ntype_3
3401	ntype_1
3402	ntype_2
3403	ntype_2
3404	ntype_1
3405	ntype_1
3406	ntype_1
3407	ntype_0
3408	ntype_2
3409	ntype_2
3410	ntype_0
3411	ntype_2
3412	ntype_0
3413	ntype_0
3414	ntype_2
3415	ntype_2
3416	ntype_0
3417	ntype_3
3418	ntype_0
3419	ntype_3
3420	ntype_1
3421	ntype_2
3422	ntype_1
3423	ntype_2
3424	ntype_0
3425	ntype_1
3426	ntype_1
3427	ntype_3
3428	ntype_1
3429	ntype_3
3430	ntype_3
3431	ntype_3
3432	ntype_0
3433	ntype_2
3434	ntype_3
3435	ntype_2
3436	ntype_1
3437	ntype_2
3438	ntype_1
3439	ntype_3
3440	ntype_1
3441	ntype_2
3442	ntype_0
3443	ntype_2
3444	ntype_3
3445	ntype_1
3446	ntype_1
3447	ntype_2
3448	ntype_3
3449	ntype_2
3450	ntype_3
3451	ntype_3
3452	ntype_0
3453	ntype_1
3454	ntype_2
3455	ntype_2
3456	ntype_1
3457	ntype_3
3458	ntype_1
3459	ntype_2
3460	ntype_1
3461	ntype_2
3462	ntype_2
3463	ntype_1
3464	ntype_0
3465	ntype_3
3466	ntype_1
3467	ntype_0
3468	ntype_3
3469	ntype_3
3470	ntype_0
3471	ntype_1
3472	ntype_2
3473	ntype_1
3474	ntype_3
3475	ntype_0
3476	ntype_3
3477	ntype_3
3478	ntype_3
3479	ntype_1
3480	ntype_1
3481	ntype_0
3482	ntype_0
3483	ntype_1
3484	ntype_2
3485	ntype_0
3486	ntype_3
3487	ntype_2
3488	ntype_1
3489	ntype_3
3490	ntype_1
3491	ntype_3
3492	ntype_1
3493	ntype_0
3494	ntype_1
3495	ntype_3
3496	ntype_1
3497	ntype_1
3498	ntype_0
3499	ntype_1
3500	ntype_3
3501	ntype_0
3502	ntype_3
3503	ntype_3
3504	ntype_0
3505	ntype_0
3506	ntype_2
3507	ntype_2
3508	ntype_2
3509	ntype_0
3510	ntype_3
3511	ntype_2
3512	ntype_3
3513	ntype_1
3514	ntype_0
3515	ntype_0
3516	ntype_2
3517	ntype_3
3518	ntype_2
3519	ntype_3
3520	ntype_0
3521	ntype_1
3522	ntype_3
3523	ntype_0
3524	ntype_0
3525	ntype_0
3526	ntype_1
3527	ntype_0
3528	ntype_1
3529	ntype_1
3530	ntype_1
3531	ntype_0
3532	ntype_2
3533	ntype_1
3534	ntype_2
3535	ntype_3
3536	ntype_3
3537	ntype_1
3538	ntype_1
3539	ntype_3
3540	ntype_0
3541	ntype_0
3542	ntype_1
3543	ntype_1
3544	ntype_2
3545	ntype_1
3546	ntype_2
3547	ntype_2
3548	ntype_3
3549	ntype_2
3550	ntype_2
3551	ntype_1
3552	ntype_0
3553	ntype_1
3554	ntype_3
3555	ntype_1
3556	ntype_0
3557	ntype_3
3558	ntype_1
3559	ntype_2
3560	ntype_1
3561	ntype_1
3562	ntype_2
3563	ntype_0
3564	ntype_1
3565	ntype_2
3566	ntype_0
3567	ntype_2
3568	ntype_2
3569	ntype_0
3570	ntype_3
3571	ntype_1
3572	ntype_1
3573	ntype_1
3574	ntype_2
3575	ntype_3
3576	ntype_2
3577	ntype_3
3578	ntype_2
3579	ntype_0
3580	ntype_0
3581	ntype_3
3582	ntype_3
3583	ntype_3
3584	ntype_3
3585	ntype_3
3586	ntype_0
3587	ntype_1
3588	ntype_2
3589	ntype_0
3590	ntype_2
3591	ntype_3
3592	ntype_0
3593	ntype_2
3594	ntype_3
3595	ntype_1
3596	ntype_2
3597	ntype_1
3598	ntype_1
3599	ntype_0
3600	ntype_3
3601	ntype_1
3602	ntype_2
3603	ntype_3
3604	ntype_0
3605	ntype_2
3606	ntype_3
3607	ntype_1
3608	ntype_0
3609	ntype_0
3610	ntype_2
3611	ntype_1
3612	ntype_2
3613	ntype_3
3614	ntype_3
3615	ntype_0
3616	ntype_1
3617	ntype_2
3618	ntype_2
3619	ntype_0
3620	ntype_0
3621	ntype_0
3622	ntype_0
3623	ntype_0
3624	ntype_1
3625	ntype_3
3626	ntype_1
3627	ntype_0
3628	ntype_2
3629	ntype_2
3630	ntype_3
3631	ntype_2
3632	ntype_1
3633	ntype_2
3634	ntype_1
3635	ntype_1
3636	ntype_1
3637	ntype_2
3638	ntype_2
3639	ntype_0
3640	ntype_2
3641	ntype_0
3642	ntype_2
3643	ntype_2
3644	ntype_2
3645	ntype_2
3646	ntype_2
3647	ntype_0
3648	ntype_3
3649	ntype_1
3650	ntype_2
3651	ntype_1
3652	ntype_3
3653	ntype_2
3654	ntype_3
3655	ntype_2
3656	ntype_0
3657	ntype_2
3658	ntype_1
3659	ntype_3
3660	ntype_1
3661	ntype_1
3662	ntype_0
3663	ntype_0
3664	ntype_3
3665	ntype_2
3666	ntype_2
3667	ntype_3
3668	ntype_1
3669	ntype_2
3670	ntype_0
3671	ntype_3
3672	ntype_3
3673	ntype_0
3674	ntype_2
3675	ntype_0
3676	ntype_2
3677	ntype_0
3678	ntype_2
3679	ntype_3
3680	ntype_3
3681	ntype_0
3682	ntype_1
3683	ntype_3
3684	ntype_0
3685	ntype_0
3686	ntype_2
3687	ntype_0
3688	ntype_3
3689	ntype_1
3690	ntype_2
3691	ntype_2
3692	ntype_1
3693	ntype_0
3694	ntype_1
3695	ntype_2
3696	ntype_3
3697	ntype_1
3698	ntype_2
3699	ntype_0
3700	ntype_2
3701	ntype_2
3702	ntype_0
3703	ntype_3
3704	ntype_3
3705	ntype_0
3706	ntype_2
3707	ntype_3
3708	ntype_0
3709	ntype_3
3710	ntype_2
3711	ntype_1
3712	ntype_3
3713	ntype_0
3714	ntype_1
3715	ntype_0
3716	ntype_2
3717	ntype_1
3718	ntype_2
3719	ntype_3
3720	ntype_1
3721	ntype_2
3722	ntype_1
3723	ntype_0
3724	ntype_1
3725	ntype_1
3726	ntype_2
3727	ntype_3
3728	ntype_2
3729	ntype_1
3730	ntype_3
3731	ntype_3
3732	ntype_1
3733	ntype_1
3734	ntype_0
3735	ntype_0
3736	ntype_3
3737	ntype_3
3738	ntype_0
3739	ntype_3
3740	ntype_2
3741	ntype_0
3742	ntype_1
3743	ntype_1
3744	ntype_1
3745	ntype_1
3746	ntype_0
3747	ntype_0
3748	ntype_1
3749	ntype_1
3750	ntype_1
3751	ntype_2
3752	ntype_3
3753	ntype_2
3754	ntype_1
3755	ntype_3
3756	ntype_3
3757	ntype_2
3758	ntype_3
3759	ntype_0
3760	ntype_1
3761	ntype_2
3762	ntype_0
3763	ntype_1
3764	ntype_0
3765	ntype_3
3766	ntype_1
3767	ntype_2
3768	ntype_0
3769	ntype_3
3770	ntype_2
3771	ntype_3
3772	ntype_0
3773	ntype_1
3774	ntype_0
3775	ntype_0
3776	ntype_3
3777	ntype_2
3778	ntype_2
3779	ntype_0
3780	ntype_3
3781	ntype_2
3782	ntype_0
3783	ntype_0
3784	ntype_0
3785	ntype_1
3786	ntype_3
3787	ntype_0
3788	ntype_1
3789	ntype_3
3790	ntype_3
3791	ntype_0
3792	ntype_2
3793	ntype_3
3794	ntype_3
3795	ntype_1
3796	ntype_1
3797	ntype_2
3798	ntype_2
3799	ntype_2
3800	ntype_3
3801	ntype_0
3802	ntype_0
3803	ntype_2
3804	ntype_1
3805	ntype_3
3806	ntype_3
3807	ntype_2
3808	ntype_3
3809	ntype_2
3810	ntype_1
3811	ntype_0
3812	ntype_2
3813	ntype_1
3814	ntype_3
3815	ntype_1
3816	ntype_0
3817	ntype_3
3818	ntype_0
3819	ntype_1
3820	ntype_0
3821	ntype_2
3822	ntype_3
3823	ntype_0
3824	ntype_2
3825	ntype_2
3826	ntype_3
3827	ntype_1
3828	ntype_0
3829	ntype_2
3830	ntype_1
3831	ntype_1
3832	ntype_3
3833	ntype_3
3834	ntype_2
3835	ntype_0
3836	ntype_3
3837	ntype_0
3838	ntype_1
3839	ntype_0
3840	ntype_1
3841	ntype_3
3842	ntype_1
3843	ntype_2
3844	ntype_3
3845	ntype_0
3846	ntype_2
3847	ntype_1
3848	ntype_3
3849	ntype_3
3850	ntype_3
3851	ntype_1
3852	ntype_1
3853	ntype_1
3854	ntype_0
3855	ntype_2
3856	ntype_1
3857	ntype_2
3858	ntype_2
3859	ntype_2
3860	ntype_3
3861	ntype_1
3862	ntype_0
3863	ntype_2
3864	ntype_3
3865	ntype_2
3866	ntype_1
3867	ntype_3
3868	ntype_3
3869	ntype_2
3870	ntype_0
3871	ntype_2
3872	ntype_2
3873	ntype_3
3874	ntype_2
3875	ntype_2
3876	ntype_2
3877	ntype_2
3878	ntype_3
3879	ntype_2
3880	ntype_0
3881	ntype_0
3882	ntype_3
3883	ntype_1
3884	ntype_2
3885	ntype_0
3886	ntype_0
3887	ntype_2
3888	ntype_0
3889	ntype_3
3890	ntype_1
3891	ntype_0
3892	ntype_1
3893	ntype_1
3894	ntype_0
3895	ntype_0
3896	ntype_3
3897	ntype_2
3898	ntype_0
3899	ntype_2
3900	ntype_0
3901	ntype_3
3902	ntype_0
3903	ntype_3
3904	ntype_3
3905	ntype_0
3906	ntype_1
3907	ntype_1
3908	ntype_3
3909	ntype_1
3910	ntype_1
3911	ntype_1
3912	ntype_0
3913	ntype_0
3914	ntype_3
3915	ntype_1
3916	ntype_1
3917	ntype_1
3918	ntype_3
3919	ntype_2
3920	ntype_1
3921	ntype_1
3922	ntype_3
3923	ntype_1
3924	ntype_0
3925	ntype_1
3926	ntype_2
3927	ntype_1
3928	ntype_2
3929	ntype_1
3930	ntype_1
3931	ntype_0
3932	ntype_3
3933	ntype_0
3934	ntype_3
3935	ntype_0
3936	ntype_0
3937	ntype_1
3938	ntype_3
3939	ntype_1
3940	ntype_0
3941	ntype_2
3942	ntype_3
3943	ntype_3
3944	ntype_0
3945	ntype_0
3946	ntype_3
3947	ntype_1
3948	ntype_1
3949	ntype_1
3950	ntype_0
3951	ntype_2
3952	ntype_3
3953	ntype_0
3954	ntype_0
3955	ntype_3
3956	ntype_3
3957	ntype_0
3958	ntype_3
3959	ntype_1
3960	ntype_3
3961	ntype_3
3962	ntype_2
3963	ntype_1
3964	ntype_2
3965	ntype_3
3966	ntype_0
3967	ntype_2
3968	ntype_2
3969	ntype_3
3970	ntype_3
3971	ntype_0
3972	ntype_1
3973	ntype_1
3974	ntype_3
3975	ntype_0
3976	ntype_0
3977	ntype_2
3978	ntype_2
3979	ntype_3
3980	ntype_2
3981	ntype_0
3982	ntype_1
3983	ntype_1
3984	ntype_2
3985	ntype_0
3986	ntype_0
3987	ntype_3
3988	ntype_0
3989	ntype_1
3990	ntype_1
3991	ntype_0
3992	ntype_0
3993	ntype_2
3994	ntype_1
3995	ntype_0
3996	ntype_0
3997	ntype_3
3998	ntype_2
3999	ntype_3
4000	ntype_0
4001	ntype_2
4002	ntype_0
4003	ntype_3
4004	ntype_3
4005	ntype_0
4006	ntype_3
4007	ntype_3
4008	ntype_3
4009	ntype_3
4010	ntype_2
4011	ntype_0
4012	ntype_3
4013	ntype_1
4014	ntype_1
4015	ntype_3
4016	ntype_2
4017	ntype_2
4018	ntype_1
4019	ntype_0
4020	ntype_0
4021	ntype_0
4022	ntype_1
4023	ntype_2
4024	ntype_2
4025	ntype_1
4026	ntype_0
4027	ntype_2
4028	ntype_1
4029	ntype_3
4030	ntype_0
4031	ntype_0
4032	ntype_2
4033	ntype_0
4034	ntype_0
4035	ntype_0
4036	ntype_2
4037	ntype_2
4038	ntype_2
4039	ntype_3
4040	ntype_2
4041	ntype_1
4042	ntype_2
4043	ntype_2
4044	ntype_3
4045	ntype_3
4046	ntype_1
4047	ntype_2
4048	ntype_3
4049	ntype_1
4050	ntype_3
4051	ntype_3
4052	ntype_1
4053	ntype_1
4054	ntype_3
4055	ntype_1
4056	ntype_2
4057	ntype_1
4058	ntype_2
4059	ntype_0
4060	ntype_0
4061	ntype_1
4062	ntype_0
4063	ntype_2
4064	ntype_3
4065	ntype_3
4066	ntype_2
4067	ntype_2
4068	ntype_3
4069	ntype_3
4070	ntype_2
4071	ntype_2
4072	ntype_2
4073	ntype_0
4074	ntype_1
4075	ntype_0
4076	ntype_0
4077	ntype_2
4078	ntype_2
4079	ntype_3
4080	ntype_0
4081	ntype_0
4082	ntype_3
4083	ntype_0
4084	ntype_1
4085	ntype_1
4086	ntype_3
4087	ntype_1
4088	ntype_1
4089	ntype_2
4090	ntype_1
4091	ntype_1
4092	ntype_1
4093	ntype_3
4094	ntype_1
4095	ntype_2
4096	ntype_3
4097	ntype_1
4098	ntype_1
4099	ntype_3
4100	ntype_2
4101	ntype_2
4102	ntype_2
4103	ntype_3
4104	ntype_2
4105	ntype_3
4106	ntype_2
4107	ntype_2
4108	ntype_1
4109	ntype_0
4110	ntype_2
4111	ntype_2
4112	ntype_1
4113	ntype_3
4114	ntype_3
4115	ntype_1
4116	ntype_2
4117	ntype_2
4118	ntype_0
4119	ntype_1
4120	ntype_2
4121	ntype_0
4122	ntype_2
4123	ntype_2
4124	ntype_2
4125	ntype_2
4126	ntype_1
4127	ntype_3
4128	ntype_0
4129	ntype_1
4130	ntype_3
4131	ntype_1
4132	ntype_2
4133	ntype_3
4134	ntype_0
4135	ntype_0
4136	ntype_1
4137	ntype_1
4138	ntype_0
4139	ntype_0
4140	ntype_3
4141	ntype_3
4142	ntype_3
4143	ntype_1
4144	ntype_0
4145	ntype_2
4146	ntype_0
4147	ntype_0
4148	ntype_3
4149	ntype_0
4150	ntype_2
4151	ntype_1
4152	ntype_2
4153	ntype_1
4154	ntype_2
4155	ntype_3
4156	ntype_3
4157	ntype_1
4158	ntype_1
4159	ntype_1
4160	ntype_0
4161	ntype_3
4162	ntype_0
4163	ntype_1
4164	ntype_2
4165	ntype_2
4166	ntype_0
4167	ntype_3
4168	ntype_3
4169	ntype_0
4170	ntype_3
4171	ntype_1
4172	ntype_3
4173	ntype_1
4174	ntype_0
4175	ntype_2
4176	ntype_1
4177	ntype_0
4178	ntype_3
4179	ntype_0
4180	ntype_3
4181	ntype_2
4182	ntype_1
4183	ntype_1
4184	ntype_0
4185	ntype_2
4186	ntype_2
4187	ntype_2
4188	ntype_0
4189	ntype_3
4190	ntype_3
4191	ntype_2
4192	ntype_0
4193	ntype_0
4194	ntype_0
4195	ntype_3
4196	ntype_3
4197	ntype_2
4198	ntype_3
4199	ntype_3
4200	ntype_2
4201	ntype_0
4202	ntype_1
4203	ntype_2
4204	ntype_2
4205	ntype_1
4206	ntype_0
4207	ntype_2
4208	ntype_3
4209	ntype_1
4210	ntype_3
4211	ntype_2
4212	ntype_1
4213	ntype_1
4214	ntype_1
4215	ntype_1
4216	ntype_1
4217	ntype_0
4218	ntype_3
4219	ntype_0
4220	ntype_0
4221	ntype_2
4222	ntype_0
4223	ntype_1
4224	ntype_1
4225	ntype_3
4226	ntype_0
4227	ntype_2
4228	ntype_1
4229	ntype_3
4230	ntype_3
4231	ntype_3
4232	ntype_3
4233	ntype_1
4234	ntype_2
4235	ntype_3
4236	ntype_3
4237	ntype_3
4238	ntype_3
4239	ntype_1
4240	ntype_3
4241	ntype_2
4242	ntype_0
4243	ntype_3
4244	ntype_3
4245	ntype_2
4246	ntype_0
4247	ntype_1
4248	ntype_1
4249	ntype_0
4250	ntype_3
4251	ntype_3
4252	ntype_1
4253	ntype_1
4254	ntype_0
4255	ntype_0
4256	ntype_1
4257	ntype_2
4258	ntype_2
4259	ntype_2
4260	ntype_0
4261	ntype_3
4262	ntype_2
4263	ntype_3
4264	ntype_0
4265	ntype_0
4266	ntype_3
4267	ntype_2
4268	ntype_1
4269	ntype_2
4270	ntype_3
4271	ntype_1
4272	ntype_2
4273	ntype_3
4274	ntype_2
4275	ntype_1
4276	ntype_2
4277	ntype_3
4278	ntype_2
4279	ntype_1
4280	ntype_2
4281	ntype_1
4282	ntype_1
4283	ntype_1
4284	ntype_2
4285	ntype_0
4286	ntype_0
4287	ntype_0
4288	ntype_1
4289	ntype_0
4290	ntype_2
4291	ntype_2
4292	ntype_0
4293	ntype_3
4294	ntype_0
4295	ntype_2
4296	ntype_1
4297	ntype_0
4298	ntype_0
4299	ntype_3
4300	ntype_3
4301	ntype_2
4302	ntype_0
4303	ntype_3
4304	ntype_2
4305	ntype_1
4306	ntype_3
4307	ntype_3
4308	ntype_3
4309	ntype_0
4310	ntype_0
4311	ntype_1
4312	ntype_3
4313	ntype_2
4314	ntype_0
4315	ntype_2
4316	ntype_2
4317	ntype_0
4318	ntype_0
4319	ntype_0
4320	ntype_2
4321	ntype_1
4322	ntype_1
4323	ntype_2
4324	ntype_2
4325	ntype_2
4326	ntype_2
4327	ntype_2
4328	ntype_1
4329	ntype_1
4330	ntype_2
4331	ntype_2
4332	ntype_1
4333	ntype_1
4334	ntype_1
4335	ntype_0
4336	ntype_1
4337	ntype_0
4338	ntype_1
4339	ntype_1
4340	ntype_3
4341	ntype_3
4342	ntype_3
4343	ntype_3
4344	ntype_1
4345	ntype_1
4346	ntype_2
4347	ntype_2
4348	ntype_1
4349	ntype_1
4350	ntype_2
4351	ntype_0
4352	ntype_1
4353	ntype_3
4354	ntype_1
4355	ntype_1
4356	ntype_2
4357	ntype_3
4358	ntype_2
4359	ntype_1
4360	ntype_3
4361	ntype_0
4362	ntype_2
4363	ntype_1
4364	ntype_1
4365	ntype_0
4366	ntype_3
4367	ntype_0
4368	ntype_2
4369	ntype_2
4370	ntype_2
4371	ntype_0
4372	ntype_3
4373	ntype_1
4374	ntype_2
4375	ntype_1
4376	ntype_0
4377	ntype_1
4378	ntype_0
4379	ntype_2
4380	ntype_0
4381	ntype_0
4382	ntype_0
4383	ntype_2
4384	ntype_3
4385	ntype_3
4386	ntype_2
4387	ntype_1
4388	ntype_0
4389	ntype_1
4390	ntype_0
4391	ntype_2
4392	ntype_2
4393	ntype_3
4394	ntype_1
4395	ntype_2
4396	ntype_3
4397	ntype_3
4398	ntype_1
4399	ntype_0
4400	ntype_1
4401	ntype_0
4402	ntype_1
4403	ntype_2
4404	ntype_3
4405	ntype_1
4406	ntype_3
4407	ntype_1
4408	ntype_1
4409	ntype_3
4410	ntype_1
4411	ntype_2
4412	ntype_3
4413	ntype_1
4414	ntype_3
4415	ntype_3
4416	ntype_3
4417	ntype_3
4418	ntype_2
4419	ntype_2
4420	ntype_2
4421	ntype_2
4422	ntype_1
4423	ntype_3
4424	ntype_3
4425	ntype_1
4426	ntype_2
4427	ntype_1
4428	ntype_0
4429	ntype_2
4430	ntype_3
4431	ntype_0
4432	ntype_1
4433	ntype_2
4434	ntype_3
4435	ntype_3
4436	ntype_3
4437	ntype_2
4438	ntype_0
4439	ntype_0
4440	ntype_3
4441	ntype_3
4442	ntype_1
4443	ntype_1
4444	ntype_3
4445	ntype_0
4446	ntype_0
4447	ntype_1
4448	ntype_0
4449	ntype_2
4450	ntype_2
4451	ntype_2
4452	ntype_1
4453	ntype_0
4454	ntype_0
4455	ntype_2
4456	ntype_2
4457	ntype_0
4458	ntype_1
4459	ntype_3
4460	ntype_1
4461	ntype_2
4462	ntype_2
4463	ntype_2
4464	ntype_3
4465	ntype_3
4466	ntype_1
4467	ntype_1
4468	ntype_3
4469	ntype_2
4470	ntype_0
4471	ntype_2
4472	ntype_1
4473	ntype_3
4474	ntype_0
4475	ntype_1
4476	ntype_3
4477	ntype_2
4478	ntype_0
4479	ntype_1
4480	ntype_1
4481	ntype_3
4482	ntype_2
4483	ntype_2
4484	ntype_2
4485	ntype_1
4486	ntype_0
4487	ntype_0
4488	ntype_1
4489	ntype_3
4490	ntype_2
4491	ntype_0
4492	ntype_1
4493	ntype_2
4494	ntype_1
4495	ntype_1
4496	ntype_3
4497	ntype_2
4498	ntype_1
4499	ntype_2
4500	ntype_2
4501	ntype_0
4502	ntype_2
4503	ntype_1
4504	ntype_0
4505	ntype_0
4506	ntype_1
4507	ntype_0
4508	ntype_0
4509	ntype_3
4510	ntype_1
4511	ntype_0
4512	ntype_1
4513	ntype_0
4514	ntype_1
4515	ntype_3
4516	ntype_3
4517	ntype_0
4518	ntype_0
4519	ntype_3
4520	ntype_1
4521	ntype_1
4522	ntype_1
4523	ntype_0
4524	ntype_3
4525	ntype_0
4526	ntype_1
4527	ntype_3
4528	ntype_1
4529	ntype_1
4530	ntype_2
4531	ntype_3
4532	ntype_2
4533	ntype_3
4534	ntype_0
4535	ntype_0
4536	ntype_1
4537	ntype_2
4538	ntype_2
4539	ntype_1
4540	ntype_1
4541	ntype_3
4542	ntype_1
4543	ntype_2
4544	ntype_3
4545	ntype_3
4546	ntype_2
4547	ntype_0
4548	ntype_3
4549	ntype_1
4550	ntype_0
4551	ntype_1
4552	ntype_1
4553	ntype_0
4554	ntype_2
4555	ntype_0
4556	ntype_3
4557	ntype_3
4558	ntype_2
4559	ntype_0
4560	ntype_2
4561	ntype_0
4562	ntype_3
4563	ntype_3
4564	ntype_0
4565	ntype_2
4566	ntype_1
4567	ntype_0
4568	ntype_1
4569	ntype_3
4570	ntype_2
4571	ntype_0
4572	ntype_0
4573	ntype_1
4574	ntype_2
4575	ntype_3
4576	ntype_3
4577	ntype_0
4578	ntype_2
4579	ntype_3
4580	ntype_2
4581	ntype_3
4582	ntype_3
4583	ntype_2
4584	ntype_3
4585	ntype_0
4586	ntype_3
4587	ntype_1
4588	ntype_1
4589	ntype_1
4590	ntype_3
4591	ntype_3
4592	ntype_0
4593	ntype_1
4594	ntype_3
4595	ntype_3
4596	ntype_3
4597	ntype_2
4598	ntype_2
4599	ntype_3
4600	ntype_3
4601	ntype_0
4602	ntype_1
4603	ntype_1
4604	ntype_3
4605	ntype_1
4606	ntype_1
4607	ntype_3
4608	ntype_3
4609	ntype_0
4610	ntype_0
4611	ntype_1
4612	ntype_1
4613	ntype_2
4614	ntype_2
4615	ntype_0
4616	ntype_3
4617	ntype_2
4618	ntype_0
4619	ntype_2
4620	ntype_3
4621	ntype_3
4622	ntype_3
4623	ntype_0
4624	ntype_2
4625	ntype_2
4626	ntype_0
4627	ntype_0
4628	ntype_0
4629	ntype_3
4630	ntype_0
4631	ntype_2
4632	ntype_0
4633	ntype_2
4634	ntype_0
4635	ntype_3
4636	ntype_1
4637	ntype_1
4638	ntype_0
4639	ntype_2
4640	ntype_0
4641	ntype_1
4642	ntype_1
4643	ntype_2
4644	ntype_2
4645	ntype_0
4646	ntype_3
4647	ntype_1
4648	ntype_0
4649	ntype_0
4650	ntype_3
4651	ntype_0
4652	ntype_2
4653	ntype_0
4654	ntype_1
4655	ntype_0
4656	ntype_1
4657	ntype_1
4658	ntype_3
4659	ntype_2
4660	ntype_1
4661	ntype_0
4662	ntype_2
4663	ntype_0
4664	ntype_0
4665	ntype_1
4666	ntype_2
4667	ntype_2
4668	ntype_2
4669	ntype_3
4670	ntype_0
4671	ntype_0
4672	ntype_2
4673	ntype_2
4674	ntype_1
4675	ntype_3
4676	ntype_2
4677	ntype_1
4678	ntype_1
4679	ntype_3
4680	ntype_3
4681	ntype_0
4682	ntype_2
4683	ntype_3
4684	ntype_2
4685	ntype_1
4686	ntype_2
4687	ntype_3
4688	ntype_2
4689	ntype_0
4690	ntype_3
4691	ntype_1
4692	ntype_3
4693	ntype_0
4694	ntype_0
4695	ntype_2
4696	ntype_1
4697	ntype_0
4698	ntype_1
4699	ntype_2
4700	ntype_0
4701	ntype_3
4702	ntype_1
4703	ntype_0
4704	ntype_1
4705	ntype_1
4706	ntype_2
4707	ntype_0
4708	ntype_0
4709	ntype_0
4710	ntype_0
4711	ntype_1
4712	ntype_3
4713	ntype_2
4714	ntype_0
4715	ntype_1
4716	ntype_2
4717	ntype_1
4718	ntype_1
4719	ntype_3
4720	ntype_2
4721	ntype_2
4722	ntype_1
4723	ntype_1
4724	ntype_1
4725	ntype_2
4726	ntype_0
4727	ntype_2
4728	ntype_3
4729	ntype_1
4730	ntype_0
4731	ntype_3
4732	ntype_1
4733	ntype_3
4734	ntype_2
4735	ntype_1
4736	ntype_3
4737	ntype_2
4738	ntype_3
4739	ntype_2
4740	ntype_0
4741	ntype_3
4742	ntype_2
4743	ntype_3
4744	ntype_2
4745	ntype_0
4746	ntype_2
4747	ntype_1
4748	ntype_2
4749	ntype_2
4750	ntype_2
4751	ntype_0
4752	ntype_1
4753	ntype_3
4754	ntype_3
4755	ntype_2
4756	ntype_2
4757	ntype_3
4758	ntype_2
4759	ntype_3
4760	ntype_3
4761	ntype_3
4762	ntype_3
4763	ntype_2
4764	ntype_0
4765	ntype_3
4766	ntype_3
4767	ntype_3
4768	ntype_2
4769	ntype_1
4770	ntype_1
4771	ntype_2
4772	ntype_1
4773	ntype_3
4774	ntype_3
4775	ntype_3
4776	ntype_1
4777	ntype_1
4778	ntype_1
4779	ntype_3
4780	ntype_1
4781	ntype_0
4782	ntype_1
4783	ntype_2
4784	ntype_1
4785	ntype_2
4786	ntype_3
4787	ntype_0
4788	ntype_0
4789	ntype_2
4790	ntype_3
4791	ntype_2
4792	ntype_3
4793	ntype_3
4794	ntype_3
4795	ntype_1
4796	ntype_3
4797	ntype_2
4798	ntype_0
4799	ntype_1
4800	ntype_3
4801	ntype_1
4802	ntype_3
4803	ntype_3
4804	ntype_2
4805	ntype_3
4806	ntype_1
4807	ntype_2
4808	ntype_0
4809	ntype_1
4810	ntype_3
4811	ntype_1
4812	ntype_3
4813	ntype_0
4814	ntype_3
4815	ntype_3
4816	ntype_1
4817	ntype_3
4818	ntype_1
4819	ntype_3
4820	ntype_3
4821	ntype_1
4822	ntype_0
4823	ntype_2
4824	ntype_1
4825	ntype_3
4826	ntype_1
4827	ntype_3
4828	ntype_0
4829	ntype_2
4830	ntype_2
4831	ntype_0
4832	ntype_3
4833	ntype_3
4834	ntype_2
4835	ntype_1
4836	ntype_3
4837	ntype_0
4838	ntype_0
4839	ntype_1
4840	ntype_1
4841	ntype_1
4842	ntype_3
4843	ntype_3
4844	ntype_3
4845	ntype_1
4846	ntype_0
4847	ntype_3
4848	ntype_1
4849	ntype_2
4850	ntype_3
4851	ntype_1
4852	ntype_2
4853	ntype_2
4854	ntype_1
4855	ntype_3
4856	ntype_0
4857	ntype_1
4858	ntype_1
4859	ntype_2
4860	ntype_2
4861	ntype_0
4862	ntype_1
4863	ntype_2
4864	ntype_2
4865	ntype_1
4866	ntype_0
4867	ntype_0
4868	ntype_2
4869	ntype_1
4870	ntype_0
4871	ntype_2
4872	ntype_2
4873	ntype_1
4874	ntype_2
4875	ntype_2
4876	ntype_2
4877	ntype_0
4878	ntype_0
4879	ntype_3
4880	ntype_2
4881	ntype_0
4882	ntype_1
4883	ntype_2
4884	ntype_1
4885	ntype_2
4886	ntype_1
4887	ntype_0
4888	ntype_1
4889	ntype_2
4890	ntype_0
4891	ntype_1
4892	ntype_2
4893	ntype_2
4894	ntype_2
4895	ntype_1
4896	ntype_0
4897	ntype_3
4898	ntype_1
4899	ntype_2
4900	ntype_3
4901	ntype_3
4902	ntype_2
4903	ntype_0
4904	ntype_3
4905	ntype_0
4906	ntype_3
4907	ntype_0
4908	ntype_0
4909	ntype_0
4910	ntype_0
4911	ntype_3
4912	ntype_0
4913	ntype_3
4914	ntype_3
4915	ntype_2
4916	ntype_2
4917	ntype_3
4918	ntype_2
4919	ntype_2
4920	ntype_2
4921	ntype_1
4922	ntype_1
4923	ntype_0
4924	ntype_2
4925	ntype_1
4926	ntype_3
4927	ntype_3
4928	ntype_0
4929	ntype_1
4930	ntype_0
4931	ntype_2
4932	ntype_1
4933	ntype_3
4934	ntype_3
4935	ntype_1
4936	ntype_3
4937	ntype_3
4938	ntype_0
4939	ntype_2
4940	ntype_0
4941	ntype_2
4942	ntype_3
4943	ntype_1
4944	ntype_0
4945	ntype_0
4946	ntype_3
4947	ntype_3
4948	ntype_3
4949	ntype_3
4950	ntype_1
4951	ntype_2
4952	ntype_0
4953	ntype_0
4954	ntype_0
4955	ntype_2
4956	ntype_0
4957	ntype_2
4958	ntype_3
4959	ntype_3
4960	ntype_2
4961	ntype_3
4962	ntype_3
4963	ntype_0
4964	ntype_0
4965	ntype_0
4966	ntype_3
4967	ntype_0
4968	ntype_2
4969	ntype_3
4970	ntype_3
4971	ntype_0
4972	ntype_2
4973	ntype_3
4974	ntype_2
4975	ntype_1
4976	ntype_1
4977	ntype_0
4978	ntype_2
4979	ntype_3
4980	ntype_1
4981	ntype_3
4982	ntype_2
4983	ntype_1
4984	ntype_0
4985	ntype_0
4986	ntype_2
4987	ntype_0
4988	ntype_3
4989	ntype_0
4990	ntype_3
4991	ntype_1
4992	ntype_2
4993	ntype_0
4994	ntype_3
4995	ntype_0
4996	ntype_3
4997	ntype_3
4998	ntype_2
4999	ntype_0
5000	ntype_1
5001	ntype_3
5002	ntype_0
5003	ntype_0
5004	ntype_3
5005	ntype_3
5006	ntype_1
5007	ntype_0
5008	ntype_1
5009	ntype_1
5010	ntype_1
5011	ntype_2
5012	ntype_0
5013	ntype_0
5014	ntype_2
5015	ntype_0
5016	ntype_1
5017	ntype_1
5018	ntype_1
5019	ntype_3
5020	ntype_3
5021	ntype_0
5022	ntype_3
5023	ntype_0
5024	ntype_3
5025	ntype_0
5026	ntype_3
5027	ntype_1
5028	ntype_0
5029	ntype_2
5030	ntype_3
5031	ntype_0
5032	ntype_0
5033	ntype_3
5034	ntype_1
5035	ntype_2
5036	ntype_3
5037	ntype_3
5038	ntype_3
5039	ntype_1
5040	ntype_3
5041	ntype_3
5042	ntype_3
5043	ntype_1
5044	ntype_1
5045	ntype_0
5046	ntype_1
5047	ntype_2
5048	ntype_2
5049	ntype_0
5050	ntype_1
5051	ntype_2
5052	ntype_0
5053	ntype_1
5054	ntype_3
5055	ntype_0
5056	ntype_1
5057	ntype_2
5058	ntype_1
5059	ntype_2
5060	ntype_3
5061	ntype_2
5062	ntype_0
5063	ntype_3
5064	ntype_0
5065	ntype_3
5066	ntype_3
5067	ntype_0
5068	ntype_1
5069	ntype_2
5070	ntype_1
5071	ntype_2
5072	ntype_0
5073	ntype_0
5074	ntype_2
5075	ntype_2
5076	ntype_0
5077	ntype_1
5078	ntype_2
5079	ntype_2
5080	ntype_1
5081	ntype_1
5082	ntype_2
5083	ntype_1
5084	ntype_2
5085	ntype_1
5086	ntype_0
5087	ntype_0
5088	ntype_1
5089	ntype_0
5090	ntype_0
5091	ntype_1
5092	ntype_3
5093	ntype_3
5094	ntype_3
5095	ntype_3
5096	ntype_3
5097	ntype_3
5098	ntype_0
5099	ntype_2
5100	ntype_1
5101	ntype_0
5102	ntype_2
5103	ntype_0
5104	ntype_2
5105	ntype_0
5106	ntype_3
5107	ntype_0
5108	ntype_2
5109	ntype_3
5110	ntype_0
5111	ntype_1
5112	ntype_0
5113	ntype_0
5114	ntype_2
5115	ntype_3
5116	ntype_0
5117	ntype_1
5118	ntype_0
5119	ntype_0
5120	ntype_1
5121	ntype_1
5122	ntype_1
5123	ntype_0
5124	ntype_2
5125	ntype_2
5126	ntype_2
5127	ntype_1
5128	ntype_2
5129	ntype_2
5130	ntype_3
5131	ntype_0
5132	ntype_1
5133	ntype_3
5134	ntype_0
5135	ntype_1
5136	ntype_0
5137	ntype_1
5138	ntype_0
5139	ntype_3
5140	ntype_3
5141	ntype_1
5142	ntype_0
5143	ntype_1
5144	ntype_1
5145	ntype_0
5146	ntype_1
5147	ntype_3
5148	ntype_0
5149	ntype_1
5150	ntype_1
5151	ntype_2
5152	ntype_3
5153	ntype_3
5154	ntype_3
5155	ntype_1
5156	ntype_3
5157	ntype_3
5158	ntype_2
5159	ntype_0
5160	ntype_1
5161	ntype_0
5162	ntype_2
5163	ntype_3
5164	ntype_1
5165	ntype_0
5166	ntype_1
5167	ntype_1
5168	ntype_2
5169	ntype_3
5170	ntype_1
5171	ntype_0
5172	ntype_1
5173	ntype_1
5174	ntype_3
5175	ntype_3
5176	ntype_1
5177	ntype_0
5178	ntype_3
5179	ntype_3
5180	ntype_3
5181	ntype_3
5182	ntype_2
5183	ntype_2
5184	ntype_3
5185	ntype_1
5186	ntype_2
5187	ntype_0
5188	ntype_0
5189	ntype_1
5190	ntype_3
5191	ntype_3
5192	ntype_3
5193	ntype_1
5194	ntype_3
5195	ntype_2
5196	ntype_2
5197	ntype_1
5198	ntype_0
5199	ntype_1
5200	ntype_1
5201	ntype_1
5202	ntype_2
5203	ntype_0
5204	ntype_1
5205	ntype_0
5206	ntype_2
5207	ntype_3
5208	ntype_3
5209	ntype_0
5210	ntype_2
5211	ntype_1
5212	ntype_1
5213	ntype_2
5214	ntype_2
5215	ntype_2
5216	ntype_1
5217	ntype_3
5218	ntype_3
5219	ntype_3
5220	ntype_3
5221	ntype_2
5222	ntype_3
5223	ntype_1
5224	ntype_0
5225	ntype_3
5226	ntype_1
5227	ntype_0
5228	ntype_2
5229	ntype_0
5230	ntype_0
5231	ntype_2
5232	ntype_3
5233	ntype_2
5234	ntype_1
5235	ntype_1
5236	ntype_3
5237	ntype_0
5238	ntype_0
5239	ntype_0
5240	ntype_0
5241	ntype_0
5242	ntype_1
5243	ntype_1
5244	ntype_3
5245	ntype_0
5246	ntype_3
5247	ntype_0
5248	ntype_3
5249	ntype_2
5250	ntype_0
5251	ntype_3
5252	ntype_0
5253	ntype_1
5254	ntype_1
5255	ntype_3
5256	ntype_1
5257	ntype_1
5258	ntype_1
5259	ntype_3
5260	ntype_1
5261	ntype_0
5262	ntype_2
5263	ntype_3
5264	ntype_3
5265	ntype_2
5266	ntype_3
5267	ntype_2
5268	ntype_3
5269	ntype_3
5270	ntype_0
5271	ntype_2
5272	ntype_0
5273	ntype_2
5274	ntype_3
5275	ntype_1
5276	ntype_0
5277	ntype_2
5278	ntype_3
5279	ntype_2
5280	ntype_1
5281	ntype_3
5282	ntype_3
5283	ntype_3
5284	ntype_0
5285	ntype_1
5286	ntype_3
5287	ntype_3
5288	ntype_2
5289	ntype_1
5290	ntype_2
5291	ntype_3
5292	ntype_3
5293	ntype_3
5294	ntype_1
5295	ntype_3
5296	ntype_0
5297	ntype_3
5298	ntype_0
5299	ntype_0
5300	ntype_0
5301	ntype_1
5302	ntype_1
5303	ntype_1
5304	ntype_0
5305	ntype_3
5306	ntype_0
5307	ntype_1
5308	ntype_0
5309	ntype_0
5310	ntype_0
5311	ntype_0
5312	ntype_3
5313	ntype_3
5314	ntype_0
5315	ntype_2
5316	ntype_2
5317	ntype_3
5318	ntype_0
5319	ntype_0
5320	ntype_0
5321	ntype_0
5322	ntype_0
5323	ntype_3
5324	ntype_2
5325	ntype_3
5326	ntype_0
5327	ntype_2
5328	ntype_3
5329	ntype_2
5330	ntype_1
5331	ntype_3
5332	ntype_3
5333	ntype_2
5334	ntype_2
5335	ntype_1
5336	ntype_3
5337	ntype_0
5338	ntype_1
5339	ntype_1
5340	ntype_2
5341	ntype_2
5342	ntype_0
5343	ntype_2
5344	ntype_0
5345	ntype_3
5346	ntype_3
5347	ntype_2
5348	ntype_3
5349	ntype_1
5350	ntype_2
5351	ntype_0
5352	ntype_2
5353	ntype_1
5354	ntype_3
5355	ntype_2
5356	ntype_2
5357	ntype_2
5358	ntype_0
5359	ntype_2
5360	ntype_3
5361	ntype_1
5362	ntype_1
5363	ntype_3
5364	ntype_1
5365	ntype_1
5366	ntype_3
5367	ntype_1
5368	ntype_0
5369	ntype_2
5370	ntype_3
5371	ntype_1
5372	ntype_2
5373	ntype_1
5374	ntype_0
5375	ntype_2
5376	ntype_2
5377	ntype_1
5378	ntype_2
5379	ntype_1
5380	ntype_2
5381	ntype_1
5382	ntype_2
5383	ntype_2
5384	ntype_3
5385	ntype_1
5386	ntype_3
5387	ntype_2
5388	ntype_3
5389	ntype_3
5390	ntype_2
5391	ntype_1
5392	ntype_1
5393	ntype_2
5394	ntype_0
5395	ntype_3
5396	ntype_1
5397	ntype_0
5398	ntype_1
5399	ntype_2
5400	ntype_0
5401	ntype_3
5402	ntype_2
5403	ntype_2
5404	ntype_3
5405	ntype_1
5406	ntype_3
5407	ntype_3
5408	ntype_2
5409	ntype_0
5410	ntype_1
5411	ntype_2
5412	ntype_0
5413	ntype_1
5414	ntype_0
5415	ntype_1
5416	ntype_2
5417	ntype_3
5418	ntype_3
5419	ntype_2
5420	ntype_0
5421	ntype_1
5422	ntype_0
5423	ntype_1
5424	ntype_1
5425	ntype_0
5426	ntype_0
5427	ntype_0
5428	ntype_3
5429	ntype_0
5430	ntype_1
5431	ntype_2
5432	ntype_0
5433	ntype_1
5434	ntype_3
5435	ntype_3
5436	ntype_1
5437	ntype_3
5438	ntype_0
5439	ntype_2
5440	ntype_2
5441	ntype_3
5442	ntype_0
5443	ntype_0
5444	ntype_3
5445	ntype_0
5446	ntype_2
5447	ntype_0
5448	ntype_1
5449	ntype_1
5450	ntype_1
5451	ntype_1
5452	ntype_3
5453	ntype_3
5454	ntype_3
5455	ntype_0
5456	ntype_0
5457	ntype_1
5458	ntype_2
5459	ntype_2
5460	ntype_2
5461	ntype_1
5462	ntype_2
5463	ntype_0
5464	ntype_3
5465	ntype_3
5466	ntype_2
5467	ntype_0
5468	ntype_3
5469	ntype_1
5470	ntype_1
5471	ntype_2
5472	ntype_3
5473	ntype_1
5474	ntype_1
5475	ntype_2
5476	ntype_0
5477	ntype_2
5478	ntype_2
5479	ntype_2
5480	ntype_1
5481	ntype_2
5482	ntype_3
5483	ntype_1
5484	ntype_0
5485	ntype_1
5486	ntype_1
5487	ntype_0
5488	ntype_0
5489	ntype_1
5490	ntype_3
5491	ntype_3
5492	ntype_2
5493	ntype_2
5494	ntype_2
5495	ntype_2
5496	ntype_2
5497	ntype_0
5498	ntype_0
5499	ntype_1
5500	ntype_2
5501	ntype_1
5502	ntype_2
5503	ntype_2
5504	ntype_2
5505	ntype_2
5506	ntype_3
5507	ntype_1
5508	ntype_2
5509	ntype_1
5510	ntype_2
5511	ntype_2
5512	ntype_3
5513	ntype_1
5514	ntype_2
5515	ntype_0
5516	ntype_0
5517	ntype_3
5518	ntype_3
5519	ntype_3
5520	ntype_3
5521	ntype_0
5522	ntype_2
5523	ntype_2
5524	ntype_1
5525	ntype_1
5526	ntype_1
5527	ntype_0
5528	ntype_1
5529	ntype_0
5530	ntype_1
5531	ntype_1
5532	ntype_3
5533	ntype_2
5534	ntype_1
5535	ntype_2
5536	ntype_3
5537	ntype_2
5538	ntype_1
5539	ntype_3
5540	ntype_3
5541	ntype_3
5542	ntype_3
5543	ntype_1
5544	ntype_0
5545	ntype_3
5546	ntype_0
5547	ntype_1
5548	ntype_2
5549	ntype_1
5550	ntype_0
5551	ntype_0
5552	ntype_2
5553	ntype_0
5554	ntype_0
5555	ntype_0
5556	ntype_0
5557	ntype_0
5558	ntype_1
5559	ntype_0
5560	ntype_0
5561	ntype_0
5562	ntype_2
5563	ntype_2
5564	ntype_1
5565	ntype_1
5566	ntype_0
5567	ntype_2
5568	ntype_1
5569	ntype_2
5570	ntype_2
5571	ntype_0
5572	ntype_2
5573	ntype_2
5574	ntype_0
5575	ntype_3
5576	ntype_0
5577	ntype_1
5578	ntype_1
5579	ntype_3
5580	ntype_1
5581	ntype_0
5582	ntype_0
5583	ntype_0
5584	ntype_0
5585	ntype_2
5586	ntype_0
5587	ntype_1
5588	ntype_3
5589	ntype_0
5590	ntype_1
5591	ntype_0
5592	ntype_2
5593	ntype_1
5594	ntype_1
5595	ntype_1
5596	ntype_0
5597	ntype_0
5598	ntype_2
5599	ntype_2
5600	ntype_1
5601	ntype_0
5602	ntype_3
5603	ntype_3
5604	ntype_1
5605	ntype_0
5606	ntype_2
5607	ntype_3
5608	ntype_2
5609	ntype_3
5610	ntype_2
5611	ntype_1
5612	ntype_0
5613	ntype_1
5614	ntype_1
5615	ntype_2
5616	ntype_1
5617	ntype_2
5618	ntype_0
5619	ntype_0
5620	ntype_2
5621	ntype_0
5622	ntype_3
5623	ntype_3
5624	ntype_3
5625	ntype_0
5626	ntype_1
5627	ntype_0
5628	ntype_2
5629	ntype_0
5630	ntype_2
5631	ntype_1
5632	ntype_2
5633	ntype_1
5634	ntype_2
5635	ntype_1
5636	ntype_2
5637	ntype_2
5638	ntype_1
5639	ntype_1
5640	ntype_0
5641	ntype_0
5642	ntype_2
5643	ntype_2
5644	ntype_3
5645	ntype_0
5646	ntype_0
5647	ntype_3
5648	ntype_3
5649	ntype_1
5650	ntype_1
5651	ntype_0
5652	ntype_1
5653	ntype_3
5654	ntype_0
5655	ntype_3
5656	ntype_3
5657	ntype_0
5658	ntype_3
5659	ntype_1
5660	ntype_0
5661	ntype_2
5662	ntype_2
5663	ntype_2
5664	ntype_0
5665	ntype_3
5666	ntype_1
5667	ntype_2
5668	ntype_0
5669	ntype_1
5670	ntype_1
5671	ntype_2
5672	ntype_1
5673	ntype_0
5674	ntype_1
5675	ntype_3
5676	ntype_2
5677	ntype_2
5678	ntype_1
5679	ntype_2
5680	ntype_2
5681	ntype_2
5682	ntype_0
5683	ntype_1
5684	ntype_2
5685	ntype_3
5686	ntype_2
5687	ntype_0
5688	ntype_0
5689	ntype_2
5690	ntype_1
5691	ntype_2
5692	ntype_2
5693	ntype_2
5694	ntype_3
5695	ntype_0
5696	ntype_1
5697	ntype_1
5698	ntype_1
5699	ntype_0
5700	ntype_0
5701	ntype_2
5702	ntype_3
5703	ntype_3
5704	ntype_0
5705	ntype_0
5706	ntype_2
5707	ntype_1
5708	ntype_0
5709	ntype_1
5710	ntype_3
5711	ntype_0
5712	ntype_0
5713	ntype_3
5714	ntype_0
5715	ntype_0
5716	ntype_0
5717	ntype_2
5718	ntype_2
5719	ntype_1
5720	ntype_2
5721	ntype_0
5722	ntype_0
5723	ntype_2
5724	ntype_1
5725	ntype_2
5726	ntype_3
5727	ntype_3
5728	ntype_1
5729	ntype_2
5730	ntype_1
5731	ntype_1
5732	ntype_1
5733	ntype_3
5734	ntype_1
5735	ntype_3
5736	ntype_3
5737	ntype_0
5738	ntype_3
5739	ntype_2
5740	ntype_0
5741	ntype_1
5742	ntype_1
5743	ntype_1
5744	ntype_1
5745	ntype_2
5746	ntype_3
5747	ntype_0
5748	ntype_1
5749	ntype_1
5750	ntype_2
5751	ntype_0
5752	ntype_2
5753	ntype_0
5754	ntype_2
5755	ntype_2
5756	ntype_0
5757	ntype_1
5758	ntype_1
5759	ntype_3
5760	ntype_3
5761	ntype_3
5762	ntype_1
5763	ntype_3
5764	ntype_3
5765	ntype_3
5766	ntype_1
5767	ntype_2
5768	ntype_0
5769	ntype_1
5770	ntype_1
5771	ntype_0
5772	ntype_2
5773	ntype_1
5774	ntype_2
5775	ntype_1
5776	ntype_2
5777	ntype_1
5778	ntype_2
5779	ntype_2
5780	ntype_2
5781	ntype_1
5782	ntype_2
5783	ntype_1
5784	ntype_1
5785	ntype_3
5786	ntype_0
5787	ntype_3
5788	ntype_2
5789	ntype_3
5790	ntype_2
5791	ntype_0
5792	ntype_2
5793	ntype_1
5794	ntype_3
5795	ntype_2
5796	ntype_3
5797	ntype_1
5798	ntype_3
5799	ntype_3
5800	ntype_1
5801	ntype_1
5802	ntype_2
5803	ntype_1
5804	ntype_1
5805	ntype_3
5806	ntype_2
5807	ntype_0
5808	ntype_1
5809	ntype_1
5810	ntype_1
5811	ntype_2
5812	ntype_0
5813	ntype_1
5814	ntype_2
5815	ntype_2
5816	ntype_1
5817	ntype_2
5818	ntype_2
5819	ntype_3
5820	ntype_3
5821	ntype_2
5822	ntype_0
5823	ntype_0
5824	ntype_3
5825	ntype_1
5826	ntype_0
5827	ntype_1
5828	ntype_0
5829	ntype_2
5830	ntype_0
5831	ntype_0
5832	ntype_0
5833	ntype_3
5834	ntype_3
5835	ntype_1
5836	ntype_1
5837	ntype_3
5838	ntype_2
5839	ntype_0
5840	ntype_1
5841	ntype_1
5842	ntype_3
5843	ntype_2
5844	ntype_2
5845	ntype_1
5846	ntype_2
5847	ntype_3
5848	ntype_0
5849	ntype_2
5850	ntype_0
5851	ntype_3
5852	ntype_3
5853	ntype_3
5854	ntype_3
5855	ntype_1
5856	ntype_3
5857	ntype_0
5858	ntype_2
5859	ntype_1
5860	ntype_3
5861	ntype_2
5862	ntype_0
5863	ntype_3
5864	ntype_1
5865	ntype_3
5866	ntype_2
5867	ntype_1
5868	ntype_0
5869	ntype_1
5870	ntype_2
5871	ntype_1
5872	ntype_3
5873	ntype_2
5874	ntype_0
5875	ntype_1
5876	ntype_0
5877	ntype_1
5878	ntype_2
5879	ntype_1
5880	ntype_0
5881	ntype_3
5882	ntype_2
5883	ntype_1
5884	ntype_3
5885	ntype_1
5886	ntype_2
5887	ntype_3
5888	ntype_3
5889	ntype_3
5890	ntype_0
5891	ntype_1
5892	ntype_3
5893	ntype_2
5894	ntype_2
5895	ntype_1
5896	ntype_0
5897	ntype_2
5898	ntype_1
5899	ntype_0
5900	ntype_0
5901	ntype_0
5902	ntype_3
5903	ntype_0
5904	ntype_2
5905	ntype_2
5906	ntype_2
5907	ntype_1
5908	ntype_1
5909	ntype_0
5910	ntype_1
5911	ntype_0
5912	ntype_2
5913	ntype_3
5914	ntype_0
5915	ntype_3
5916	ntype_2
5917	ntype_2
5918	ntype_3
5919	ntype_2
5920	ntype_0
5921	ntype_0
5922	ntype_3
5923	ntype_1
5924	ntype_1
5925	ntype_3
5926	ntype_3
5927	ntype_1
5928	ntype_2
5929	ntype_2
5930	ntype_0
5931	ntype_3
5932	ntype_3
5933	ntype_1
5934	ntype_3
5935	ntype_3
5936	ntype_0
5937	ntype_2
5938	ntype_2
5939	ntype_2
5940	ntype_2
5941	ntype_1
5942	ntype_2
5943	ntype_2
5944	ntype_3
5945	ntype_0
5946	ntype_0
5947	ntype_3
5948	ntype_1
5949	ntype_2
5950	ntype_1
5951	ntype_1
5952	ntype_1
5953	ntype_2
5954	ntype_3
5955	ntype_1
5956	ntype_1
5957	ntype_0
5958	ntype_2
5959	ntype_2
5960	ntype_2
5961	ntype_3
5962	ntype_0
5963	ntype_0
5964	ntype_2
5965	ntype_1
5966	ntype_3
5967	ntype_3
5968	ntype_2
5969	ntype_0
5970	ntype_0
5971	ntype_3
5972	ntype_1
5973	ntype_3
5974	ntype_0
5975	ntype_2
5976	ntype_2
5977	ntype_2
5978	ntype_1
5979	ntype_0
5980	ntype_3
5981	ntype_1
5982	ntype_0
5983	ntype_1
5984	ntype_1
5985	ntype_2
5986	ntype_2
5987	ntype_0
5988	ntype_0
5989	ntype_1
5990	ntype_3
5991	ntype_2
5992	ntype_0
5993	ntype_2
5994	ntype_1
5995	ntype_2
5996	ntype_0
5997	ntype_0
5998	ntype_0
5999	ntype_3
6000	ntype_3
6001	ntype_1
6002	ntype_3
6003	ntype_1
6004	ntype_0
6005	ntype_0
6006	ntype_3
6007	ntype_1
6008	ntype_2
6009	ntype_1
6010	ntype_3
6011	ntype_0
6012	ntype_0
6013	ntype_3
6014	ntype_2
6015	ntype_0
6016	ntype_1
6017	ntype_2
6018	ntype_3
6019	ntype_3
6020	ntype_3
6021	ntype_3
6022	ntype_0
6023	ntype_0
6024	ntype_3
6025	ntype_2
6026	ntype_1
6027	ntype_0
6028	ntype_3
6029	ntype_0
6030	ntype_2
6031	ntype_2
6032	ntype_2
6033	ntype_1
6034	ntype_0
6035	ntype_1
6036	ntype_0
6037	ntype_3
6038	ntype_1
6039	ntype_0
6040	ntype_2
6041	ntype_0
6042	ntype_2
6043	ntype_3
6044	ntype_3
6045	ntype_1
6046	ntype_1
6047	ntype_3
6048	ntype_1
6049	ntype_0
6050	ntype_0
6051	ntype_2
6052	ntype_3
6053	ntype_3
6054	ntype_0
6055	ntype_1
6056	ntype_3
6057	ntype_2
6058	ntype_1
6059	ntype_2
6060	ntype_0
6061	ntype_0
6062	ntype_1
6063	ntype_1
6064	ntype_3
6065	ntype_0
6066	ntype_0
6067	ntype_0
6068	ntype_2
6069	ntype_1
6070	ntype_2
6071	ntype_0
6072	ntype_1
6073	ntype_2
6074	ntype_2
6075	ntype_3
6076	ntype_3
6077	ntype_1
6078	ntype_1
6079	ntype_3
6080	ntype_0
6081	ntype_3
6082	ntype_0
6083	ntype_0
6084	ntype_1
6085	ntype_2
6086	ntype_1
6087	ntype_3
6088	ntype_3
6089	ntype_2
6090	ntype_3
6091	ntype_1
6092	ntype_1
6093	ntype_1
6094	ntype_3
6095	ntype_0
6096	ntype_3
6097	ntype_0
6098	ntype_1
6099	ntype_2
6100	ntype_1
6101	ntype_1
6102	ntype_1
6103	ntype_3
6104	ntype_3
6105	ntype_1
6106	ntype_0
6107	ntype_0
6108	ntype_0
6109	ntype_1
6110	ntype_3
6111	ntype_2
6112	ntype_3
6113	ntype_1
6114	ntype_0
6115	ntype_2
6116	ntype_3
6117	ntype_1
6118	ntype_2
6119	ntype_1
6120	ntype_1
6121	ntype_1
6122	ntype_0
6123	ntype_2
6124	ntype_2
6125	ntype_1
6126	ntype_3
6127	ntype_0
6128	ntype_3
6129	ntype_2
6130	ntype_1
6131	ntype_1
6132	ntype_1
6133	ntype_2
6134	ntype_2
6135	ntype_1
6136	ntype_0
6137	ntype_3
6138	ntype_1
6139	ntype_3
6140	ntype_1
6141	ntype_2
6142	ntype_2
6143	ntype_1
6144	ntype_3
6145	ntype_2
6146	ntype_0
6147	ntype_2
6148	ntype_3
6149	ntype_0
6150	ntype_2
6151	ntype_1
6152	ntype_1
6153	ntype_2
6154	ntype_1
6155	ntype_1
6156	ntype_3
6157	ntype_2
6158	ntype_2
6159	ntype_0
6160	ntype_0
6161	ntype_3
6162	ntype_2
6163	ntype_1
6164	ntype_0
6165	ntype_1
6166	ntype_2
6167	ntype_2
6168	ntype_1
6169	ntype_3
6170	ntype_2
6171	ntype_1
6172	ntype_1
6173	ntype_3
6174	ntype_1
6175	ntype_1
6176	ntype_1
6177	ntype_1
6178	ntype_3
6179	ntype_1
6180	ntype_3
6181	ntype_1
6182	ntype_2
6183	ntype_0
6184	ntype_3
6185	ntype_2
6186	ntype_0
6187	ntype_2
6188	ntype_2
6189	ntype_3
6190	ntype_0
6191	ntype_0
6192	ntype_2
6193	ntype_0
6194	ntype_3
6195	ntype_2
6196	ntype_1
6197	ntype_3
6198	ntype_3
6199	ntype_1
6200	ntype_0
6201	ntype_1
6202	ntype_3
6203	ntype_0
6204	ntype_0
6205	ntype_0
6206	ntype_0
6207	ntype_3
6208	ntype_1
6209	ntype_1
6210	ntype_2
6211	ntype_0
6212	ntype_2
6213	ntype_3
6214	ntype_0
6215	ntype_2
6216	ntype_2
6217	ntype_3
6218	ntype_1
6219	ntype_3
6220	ntype_2
6221	ntype_0
6222	ntype_2
6223	ntype_3
6224	ntype_2
6225	ntype_3
6226	ntype_1
6227	ntype_2
6228	ntype_2
6229	ntype_3
6230	ntype_1
6231	ntype_2
6232	ntype_1
6233	ntype_3
6234	ntype_1
6235	ntype_2
6236	ntype_2
6237	ntype_2
6238	ntype_2
6239	ntype_1
6240	ntype_1
6241	ntype_1
6242	ntype_3
6243	ntype_0
6244	ntype_0
6245	ntype_1
6246	ntype_1
6247	ntype_3
6248	ntype_1
6249	ntype_2
6250	ntype_0
6251	ntype_2
6252	ntype_3
6253	ntype_2
6254	ntype_0
6255	ntype_3
6256	ntype_1
6257	ntype_2
6258	ntype_0
6259	ntype_3
6260	ntype_3
6261	ntype_2
6262	ntype_1
6263	ntype_0
6264	ntype_0
6265	ntype_1
6266	ntype_3
6267	ntype_1
6268	ntype_2
6269	ntype_3
6270	ntype_2
6271	ntype_0
6272	ntype_3
6273	ntype_2
6274	ntype_2
6275	ntype_1
6276	ntype_3
6277	ntype_3
6278	ntype_2
6279	ntype_2
6280	ntype_3
6281	ntype_0
6282	ntype_3
6283	ntype_0
6284	ntype_2
6285	ntype_0
6286	ntype_3
6287	ntype_0
6288	ntype_0
6289	ntype_1
6290	ntype_2
6291	ntype_3
6292	ntype_0
6293	ntype_2
6294	ntype_2
6295	ntype_0
6296	ntype_3
6297	ntype_1
6298	ntype_0
6299	ntype_2
6300	ntype_1
6301	ntype_1
6302	ntype_0
6303	ntype_2
6304	ntype_0
6305	ntype_3
6306	ntype_0
6307	ntype_3
6308	ntype_0
6309	ntype_1
6310	ntype_0
6311	ntype_2
6312	ntype_0
6313	ntype_2
6314	ntype_2
6315	ntype_3
6316	ntype_3
6317	ntype_1
6318	ntype_1
6319	ntype_0
6320	ntype_0
6321	ntype_1
6322	ntype_2
6323	ntype_2
6324	ntype_3
6325	ntype_2
6326	ntype_2
6327	ntype_3
6328	ntype_0
6329	ntype_0
6330	ntype_1
6331	ntype_1
6332	ntype_2
6333	ntype_0
6334	ntype_1
6335	ntype_1
6336	ntype_0
6337	ntype_3
6338	ntype_2
6339	ntype_1
6340	ntype_3
6341	ntype_2
6342	ntype_3
6343	ntype_2
6344	ntype_0
6345	ntype_0
6346	ntype_3
6347	ntype_1
6348	ntype_2
6349	ntype_1
6350	ntype_1
6351	ntype_2
6352	ntype_2
6353	ntype_1
6354	ntype_2
6355	ntype_0
6356	ntype_3
6357	ntype_3
6358	ntype_3
6359	ntype_0
6360	ntype_3
6361	ntype_1
6362	ntype_0
6363	ntype_1
6364	ntype_0
6365	ntype_0
6366	ntype_2
6367	ntype_2
6368	ntype_0
6369	ntype_1
6370	ntype_1
6371	ntype_2
6372	ntype_1
6373	ntype_3
6374	ntype_3
6375	ntype_1
6376	ntype_2
6377	ntype_0
6378	ntype_2
6379	ntype_3
6380	ntype_0
6381	ntype_0
6382	ntype_0
6383	ntype_3
6384	ntype_2
6385	ntype_0
6386	ntype_3
6387	ntype_0
6388	ntype_1
6389	ntype_1
6390	ntype_2
6391	ntype_2
6392	ntype_0
6393	ntype_2
6394	ntype_1
6395	ntype_1
6396	ntype_2
6397	ntype_3
6398	ntype_1
6399	ntype_1
6400	ntype_3
6401	ntype_1
6402	ntype_0
6403	ntype_0
6404	ntype_3
6405	ntype_1
6406	ntype_1
6407	ntype_3
6408	ntype_3
6409	ntype_2
6410	ntype_3
6411	ntype_1
6412	ntype_1
6413	ntype_1
6414	ntype_0
6415	ntype_3
6416	ntype_3
6417	ntype_1
6418	ntype_3
6419	ntype_2
6420	ntype_2
6421	ntype_1
6422	ntype_3
6423	ntype_0
6424	ntype_3
6425	ntype_2
6426	ntype_2
6427	ntype_1
6428	ntype_3
6429	ntype_1
6430	ntype_0
6431	ntype_3
6432	ntype_1
6433	ntype_3
6434	ntype_0
6435	ntype_0
6436	ntype_1
6437	ntype_1
6438	ntype_1
6439	ntype_3
6440	ntype_1
6441	ntype_1
6442	ntype_1
6443	ntype_2
6444	ntype_1
6445	ntype_1
6446	ntype_0
6447	ntype_2
6448	ntype_3
6449	ntype_0
6450	ntype_1
6451	ntype_2
6452	ntype_1
6453	ntype_3
6454	ntype_3
6455	ntype_3
6456	ntype_2
6457	ntype_1
6458	ntype_2
6459	ntype_1
6460	ntype_3
6461	ntype_3
6462	ntype_3
6463	ntype_2
6464	ntype_2
6465	ntype_3
6466	ntype_3
6467	ntype_2
6468	ntype_1
6469	ntype_1
6470	ntype_0
6471	ntype_0
6472	ntype_1
6473	ntype_1
6474	ntype_1
6475	ntype_1
6476	ntype_0
6477	ntype_2
6478	ntype_1
6479	ntype_0
6480	ntype_1
6481	ntype_3
6482	ntype_3
6483	ntype_3
6484	ntype_1
6485	ntype_1
6486	ntype_1
6487	ntype_0
6488	ntype_0
6489	ntype_0
6490	ntype_0
6491	ntype_0
6492	ntype_0
6493	ntype_1
6494	ntype_2
6495	ntype_3
6496	ntype_2
6497	ntype_3
6498	ntype_1
6499	ntype_0
6500	ntype_0
6501	ntype_3
6502	ntype_0
6503	ntype_1
6504	ntype_0
6505	ntype_1
6506	ntype_0
6507	ntype_1
6508	ntype_0
6509	ntype_3
6510	ntype_1
6511	ntype_3
6512	ntype_1
6513	ntype_2
6514	ntype_1
6515	ntype_1
6516	ntype_3
6517	ntype_0
6518	ntype_3
6519	ntype_0
6520	ntype_2
6521	ntype_0
6522	ntype_3
6523	ntype_1
6524	ntype_1
6525	ntype_2
6526	ntype_0
6527	ntype_0
6528	ntype_2
6529	ntype_1
6530	ntype_3
6531	ntype_3
6532	ntype_0
6533	ntype_0
6534	ntype_2
6535	ntype_2
6536	ntype_0
6537	ntype_2
6538	ntype_1
6539	ntype_2
6540	ntype_3
6541	ntype_1
6542	ntype_2
6543	ntype_3
6544	ntype_3
6545	ntype_0
6546	ntype_3
6547	ntype_3
6548	ntype_3
6549	ntype_3
6550	ntype_1
6551	ntype_3
6552	ntype_0
6553	ntype_3
6554	ntype_3
6555	ntype_3
6556	ntype_1
6557	ntype_3
6558	ntype_2
6559	ntype_1
6560	ntype_1
6561	ntype_2
6562	ntype_0
6563	ntype_0
6564	ntype_2
6565	ntype_1
6566	ntype_1
6567	ntype_3
6568	ntype_1
6569	ntype_1
6570	ntype_0
6571	ntype_2
6572	ntype_2
6573	ntype_3
6574	ntype_0
6575	ntype_0
6576	ntype_1
6577	ntype_0
6578	ntype_2
6579	ntype_1
6580	ntype_0
6581	ntype_0
6582	ntype_0
6583	ntype_0
6584	ntype_3
6585	ntype_3
6586	ntype_2
6587	ntype_2
6588	ntype_1
6589	ntype_0
6590	ntype_0
6591	ntype_1
6592	ntype_3
6593	ntype_0
6594	ntype_3
6595	ntype_2
6596	ntype_1
6597	ntype_2
6598	ntype_3
6599	ntype_1
6600	ntype_0
6601	ntype_1
6602	ntype_1
6603	ntype_3
6604	ntype_1
6605	ntype_1
6606	ntype_3
6607	ntype_1
6608	ntype_0
6609	ntype_1
6610	ntype_2
6611	ntype_1
6612	ntype_1
6613	ntype_0
6614	ntype_2
6615	ntype_3
6616	ntype_0
6617	ntype_2
6618	ntype_2
6619	ntype_1
6620	ntype_2
6621	ntype_0
6622	ntype_1
6623	ntype_0
6624	ntype_1
6625	ntype_1
6626	ntype_3
6627	ntype_3
6628	ntype_1
6629	ntype_1
6630	ntype_2
6631	ntype_1
6632	ntype_0
6633	ntype_1
6634	ntype_2
6635	ntype_2
6636	ntype_1
6637	ntype_3
6638	ntype_1
6639	ntype_3
6640	ntype_1
6641	ntype_0
6642	ntype_3
6643	ntype_0
6644	ntype_1
6645	ntype_1
6646	ntype_2
6647	ntype_2
6648	ntype_0
6649	ntype_3
6650	ntype_3
6651	ntype_3
6652	ntype_0
6653	ntype_0
6654	ntype_2
6655	ntype_2
6656	ntype_0
6657	ntype_3
6658	ntype_1
6659	ntype_3
6660	ntype_0
6661	ntype_0
6662	ntype_2
6663	ntype_0
6664	ntype_1
6665	ntype_2
6666	ntype_3
6667	ntype_2
6668	ntype_0
6669	ntype_2
6670	ntype_0
6671	ntype_3
6672	ntype_0
6673	ntype_0
6674	ntype_0
6675	ntype_0
6676	ntype_0
6677	ntype_3
6678	ntype_1
6679	ntype_1
6680	ntype_1
6681	ntype_3
6682	ntype_2
6683	ntype_3
6684	ntype_1
6685	ntype_3
6686	ntype_2
6687	ntype_2
6688	ntype_3
6689	ntype_1
6690	ntype_0
6691	ntype_3
6692	ntype_1
6693	ntype_0
6694	ntype_1
6695	ntype_3
6696	ntype_3
6697	ntype_1
6698	ntype_2
6699	ntype_2
6700	ntype_1
6701	ntype_1
6702	ntype_0
6703	ntype_2
6704	ntype_3
6705	ntype_2
6706	ntype_3
6707	ntype_3
6708	ntype_2
6709	ntype_1
6710	ntype_3
6711	ntype_1
6712	ntype_3
6713	ntype_0
6714	ntype_3
6715	ntype_2
6716	ntype_1
6717	ntype_3
6718	ntype_0
6719	ntype_1
6720	ntype_3
6721	ntype_2
6722	ntype_1
6723	ntype_2
6724	ntype_1
6725	ntype_1
6726	ntype_3
6727	ntype_2
6728	ntype_3
6729	ntype_3
6730	ntype_1
6731	ntype_3
6732	ntype_1
6733	ntype_2
6734	ntype_3
6735	ntype_1
6736	ntype_3
6737	ntype_1
6738	ntype_3
6739	ntype_1
6740	ntype_0
6741	ntype_2
6742	ntype_2
6743	ntype_1
6744	ntype_1
6745	ntype_0
6746	ntype_2
6747	ntype_2
6748	ntype_0
6749	ntype_0
6750	ntype_3
6751	ntype_0
6752	ntype_0
6753	ntype_0
6754	ntype_2
6755	ntype_0
6756	ntype_1
6757	ntype_1
6758	ntype_2
6759	ntype_1
6760	ntype_0
6761	ntype_1
6762	ntype_1
6763	ntype_0
6764	ntype_1
6765	ntype_3
6766	ntype_1
6767	ntype_3
6768	ntype_1
6769	ntype_1
6770	ntype_1
6771	ntype_0
6772	ntype_1
6773	ntype_3
6774	ntype_0
6775	ntype_1
6776	ntype_0
6777	ntype_0
6778	ntype_0
6779	ntype_2
6780	ntype_3
6781	ntype_2
6782	ntype_2
6783	ntype_2
6784	ntype_0
6785	ntype_3
6786	ntype_3
6787	ntype_2
6788	ntype_2
6789	ntype_3
6790	ntype_0
6791	ntype_3
6792	ntype_2
6793	ntype_3
6794	ntype_2
6795	ntype_2
6796	ntype_3
6797	ntype_1
6798	ntype_3
6799	ntype_1
6800	ntype_3
6801	ntype_1
6802	ntype_1
6803	ntype_1
6804	ntype_1
6805	ntype_0
6806	ntype_1
6807	ntype_0
6808	ntype_1
6809	ntype_3
6810	ntype_3
6811	ntype_0
6812	ntype_2
6813	ntype_3
6814	ntype_1
6815	ntype_1
6816	ntype_1
6817	ntype_3
6818	ntype_3
6819	ntype_1
6820	ntype_1
6821	ntype_1
6822	ntype_3
6823	ntype_0
6824	ntype_1
6825	ntype_0
6826	ntype_0
6827	ntype_2
6828	ntype_2
6829	ntype_0
6830	ntype_2
6831	ntype_1
6832	ntype_2
6833	ntype_3
6834	ntype_0
6835	ntype_0
6836	ntype_0
6837	ntype_0
6838	ntype_3
6839	ntype_0
6840	ntype_0
6841	ntype_2
6842	ntype_3
6843	ntype_0
6844	ntype_0
6845	ntype_1
6846	ntype_1
6847	ntype_0
6848	ntype_1
6849	ntype_2
6850	ntype_1
6851	ntype_0
6852	ntype_2
6853	ntype_0
6854	ntype_0
6855	ntype_0
6856	ntype_0
6857	ntype_0
6858	ntype_2
6859	ntype_1
6860	ntype_2
6861	ntype_0
6862	ntype_2
6863	ntype_3
6864	ntype_1
6865	ntype_3
6866	ntype_3
6867	ntype_0
6868	ntype_0
6869	ntype_3
6870	ntype_3
6871	ntype_0
6872	ntype_1
6873	ntype_0
6874	ntype_1
6875	ntype_0
6876	ntype_1
6877	ntype_2
6878	ntype_1
6879	ntype_3
6880	ntype_3
6881	ntype_0
6882	ntype_1
6883	ntype_3
6884	ntype_1
6885	ntype_2
6886	ntype_3
6887	ntype_2
6888	ntype_3
6889	ntype_2
6890	ntype_3
6891	ntype_0
6892	ntype_2
6893	ntype_0
6894	ntype_1
6895	ntype_2
6896	ntype_1
6897	ntype_2
6898	ntype_0
6899	ntype_1
6900	ntype_1
6901	ntype_2
6902	ntype_2
6903	ntype_3
6904	ntype_2
6905	ntype_0
6906	ntype_0
6907	ntype_0
6908	ntype_3
6909	ntype_2
6910	ntype_0
6911	ntype_3
6912	ntype_3
6913	ntype_2
6914	ntype_3
6915	ntype_3
6916	ntype_0
6917	ntype_3
6918	ntype_3
6919	ntype_3
6920	ntype_2
6921	ntype_1
6922	ntype_0
6923	ntype_3
6924	ntype_3
6925	ntype_2
6926	ntype_1
6927	ntype_2
6928	ntype_2
6929	ntype_2
6930	ntype_1
6931	ntype_3
6932	ntype_3
6933	ntype_0
6934	ntype_1
6935	ntype_1
6936	ntype_1
6937	ntype_2
6938	ntype_3
6939	ntype_3
6940	ntype_0
6941	ntype_3
6942	ntype_3
6943	ntype_1
6944	ntype_2
6945	ntype_3
6946	ntype_2
6947	ntype_3
6948	ntype_3
6949	ntype_2
6950	ntype_1
6951	ntype_1
6952	ntype_3
6953	ntype_2
6954	ntype_0
6955	ntype_2
6956	ntype_1
6957	ntype_2
6958	ntype_3
6959	ntype_2
6960	ntype_2
6961	ntype_2
6962	ntype_2
6963	ntype_0
6964	ntype_1
6965	ntype_1
6966	ntype_0
6967	ntype_0
6968	ntype_0
6969	ntype_2
6970	ntype_0
6971	ntype_2
6972	ntype_0
6973	ntype_2
6974	ntype_1
6975	ntype_3
6976	ntype_2
6977	ntype_0
6978	ntype_0
6979	ntype_1
6980	ntype_1
6981	ntype_3
6982	ntype_0
6983	ntype_3
6984	ntype_1
6985	ntype_1
6986	ntype_3
6987	ntype_2
6988	ntype_0
6989	ntype_2
6990	ntype_2
6991	ntype_2
6992	ntype_0
6993	ntype_3
6994	ntype_1
6995	ntype_3
6996	ntype_1
6997	ntype_1
6998	ntype_1
6999	ntype_3
7000	ntype_3
7001	ntype_2
7002	ntype_2
7003	ntype_1
7004	ntype_1
7005	ntype_1
7006	ntype_3
7007	ntype_3
7008	ntype_0
7009	ntype_1
7010	ntype_2
7011	ntype_1
7012	ntype_2
7013	ntype_2
7014	ntype_3
7015	ntype_0
7016	ntype_0
7017	ntype_3
7018	ntype_1
7019	ntype_0
7020	ntype_1
7021	ntype_3
7022	ntype_2
7023	ntype_0
7024	ntype_3
7025	ntype_3
7026	ntype_2
7027	ntype_3
7028	ntype_3
7029	ntype_0
7030	ntype_1
7031	ntype_1
7032	ntype_0
7033	ntype_2
7034	ntype_3
7035	ntype_3
7036	ntype_2
7037	ntype_2
7038	ntype_0
7039	ntype_0
7040	ntype_2
7041	ntype_2
7042	ntype_1
7043	ntype_0
7044	ntype_2
7045	ntype_0
7046	ntype_2
7047	ntype_2
7048	ntype_3
7049	ntype_0
7050	ntype_2
7051	ntype_1
7052	ntype_0
7053	ntype_0
7054	ntype_0
7055	ntype_2
7056	ntype_3
7057	ntype_0
7058	ntype_1
7059	ntype_3
7060	ntype_3
7061	ntype_3
7062	ntype_2
7063	ntype_3
7064	ntype_2
7065	ntype_0
7066	ntype_0
7067	ntype_2
7068	ntype_3
7069	ntype_1
7070	ntype_3
7071	ntype_2
7072	ntype_3
7073	ntype_3
7074	ntype_0
7075	ntype_3
7076	ntype_3
7077	ntype_0
7078	ntype_3
7079	ntype_0
7080	ntype_3
7081	ntype_2
7082	ntype_2
7083	ntype_0
7084	ntype_3
7085	ntype_3
7086	ntype_2
7087	ntype_0
7088	ntype_1
7089	ntype_1
7090	ntype_3
7091	ntype_0
7092	ntype_2
7093	ntype_3
7094	ntype_2
7095	ntype_2
7096	ntype_1
7097	ntype_2
7098	ntype_3
7099	ntype_0
7100	ntype_1
7101	ntype_1
7102	ntype_1
7103	ntype_2
7104	ntype_1
7105	ntype_2
7106	ntype_2
7107	ntype_2
7108	ntype_1
7109	ntype_2
7110	ntype_2
7111	ntype_2
7112	ntype_2
7113	ntype_0
7114	ntype_1
7115	ntype_1
7116	ntype_0
7117	ntype_1
7118	ntype_0
7119	ntype_2
7120	ntype_3
7121	ntype_3
7122	ntype_3
7123	ntype_2
7124	ntype_1
7125	ntype_2
7126	ntype_1
7127	ntype_0
7128	ntype_1
7129	ntype_2
7130	ntype_1
7131	ntype_1
7132	ntype_3
7133	ntype_2
7134	ntype_2
7135	ntype_3
7136	ntype_2
7137	ntype_0
7138	ntype_3
7139	ntype_2
7140	ntype_0
7141	ntype_3
7142	ntype_2
7143	ntype_3
7144	ntype_1
7145	ntype_3
7146	ntype_3
7147	ntype_2
7148	ntype_1
7149	ntype_0
7150	ntype_2
7151	ntype_1
7152	ntype_0
7153	ntype_0
7154	ntype_1
7155	ntype_1
7156	ntype_2
7157	ntype_1
7158	ntype_1
7159	ntype_3
7160	ntype_0
7161	ntype_2
7162	ntype_3
7163	ntype_1
7164	ntype_1
7165	ntype_1
7166	ntype_1
7167	ntype_3
7168	ntype_0
7169	ntype_3
7170	ntype_0
7171	ntype_3
7172	ntype_1
7173	ntype_1
7174	ntype_1
7175	ntype_2
7176	ntype_3
7177	ntype_0
7178	ntype_2
7179	ntype_1
7180	ntype_1
7181	ntype_2
7182	ntype_2
7183	ntype_2
7184	ntype_1
7185	ntype_3
7186	ntype_2
7187	ntype_2
7188	ntype_2
7189	ntype_2
7190	ntype_2
7191	ntype_3
7192	ntype_1
7193	ntype_0
7194	ntype_2
7195	ntype_0
7196	ntype_3
7197	ntype_1
7198	ntype_3
7199	ntype_1
7200	ntype_0
7201	ntype_3
7202	ntype_1
7203	ntype_2
7204	ntype_2
7205	ntype_0
7206	ntype_1
7207	ntype_3
7208	ntype_3
7209	ntype_1
7210	ntype_0
7211	ntype_0
7212	ntype_0
7213	ntype_2
7214	ntype_3
7215	ntype_1
7216	ntype_1
7217	ntype_3
7218	ntype_2
7219	ntype_0
7220	ntype_1
7221	ntype_3
7222	ntype_1
7223	ntype_0
7224	ntype_0
7225	ntype_1
7226	ntype_3
7227	ntype_2
7228	ntype_1
7229	ntype_2
7230	ntype_3
7231	ntype_1
7232	ntype_3
7233	ntype_2
7234	ntype_3
7235	ntype_1
7236	ntype_0
7237	ntype_3
7238	ntype_3
7239	ntype_3
7240	ntype_0
7241	ntype_3
7242	ntype_0
7243	ntype_1
7244	ntype_0
7245	ntype_2
7246	ntype_1
7247	ntype_2
7248	ntype_3
7249	ntype_2
7250	ntype_3
7251	ntype_1
7252	ntype_0
7253	ntype_2
7254	ntype_3
7255	ntype_1
7256	ntype_0
7257	ntype_1
7258	ntype_2
7259	ntype_1
7260	ntype_1
7261	ntype_0
7262	ntype_3
7263	ntype_3
7264	ntype_1
7265	ntype_3
7266	ntype_0
7267	ntype_3
7268	ntype_1
7269	ntype_2
7270	ntype_2
7271	ntype_2
7272	ntype_3
7273	ntype_2
7274	ntype_3
7275	ntype_2
7276	ntype_1
7277	ntype_3
7278	ntype_2
7279	ntype_3
7280	ntype_3
7281	ntype_2
7282	ntype_2
7283	ntype_3
7284	ntype_2
7285	ntype_3
7286	ntype_1
7287	ntype_2
7288	ntype_3
7289	ntype_1
7290	ntype_0
7291	ntype_3
7292	ntype_3
7293	ntype_0
7294	ntype_2
7295	ntype_3
7296	ntype_1
7297	ntype_0
7298	ntype_0
7299	ntype_0
7300	ntype_0
7301	ntype_0
7302	ntype_2
7303	ntype_0
7304	ntype_2
7305	ntype_0
7306	ntype_2
7307	ntype_0
7308	ntype_3
7309	ntype_0
7310	ntype_0
7311	ntype_0
7312	ntype_2
7313	ntype_3
7314	ntype_3
7315	ntype_1
7316	ntype_2
7317	ntype_3
7318	ntype_0
7319	ntype_2
7320	ntype_0
7321	ntype_1
7322	ntype_3
7323	ntype_2
7324	ntype_1
7325	ntype_2
7326	ntype_3
7327	ntype_2
7328	ntype_2
7329	ntype_1
7330	ntype_2
7331	ntype_0
7332	ntype_0
7333	ntype_2
7334	ntype_3
7335	ntype_2
7336	ntype_1
7337	ntype_1
7338	ntype_0
7339	ntype_0
7340	ntype_3
7341	ntype_2
7342	ntype_1
7343	ntype_2
7344	ntype_1
7345	ntype_3
7346	ntype_1
7347	ntype_1
7348	ntype_2
7349	ntype_1
7350	ntype_0
7351	ntype_2
7352	ntype_3
7353	ntype_1
7354	ntype_3
7355	ntype_2
7356	ntype_3
7357	ntype_2
7358	ntype_0
7359	ntype_0
7360	ntype_3
7361	ntype_2
7362	ntype_3
7363	ntype_0
7364	ntype_3
7365	ntype_1
7366	ntype_1
7367	ntype_3
7368	ntype_1
7369	ntype_1
7370	ntype_3
7371	ntype_2
7372	ntype_1
7373	ntype_1
7374	ntype_3
7375	ntype_0
7376	ntype_2
7377	ntype_1
7378	ntype_2
7379	ntype_3
7380	ntype_3
7381	ntype_1
7382	ntype_1
7383	ntype_0
7384	ntype_2
7385	ntype_0
7386	ntype_1
7387	ntype_1
7388	ntype_3
7389	ntype_0
7390	ntype_3
7391	ntype_3
7392	ntype_3
7393	ntype_2
7394	ntype_3
7395	ntype_1
7396	ntype_1
7397	ntype_0
7398	ntype_2
7399	ntype_2
7400	ntype_0
7401	ntype_3
7402	ntype_0
7403	ntype_0
7404	ntype_1
7405	ntype_3
7406	ntype_3
7407	ntype_1
7408	ntype_3
7409	ntype_3
7410	ntype_2
7411	ntype_0
7412	ntype_3
7413	ntype_1
7414	ntype_1
7415	ntype_3
7416	ntype_2
7417	ntype_2
7418	ntype_3
7419	ntype_1
7420	ntype_1
7421	ntype_3
7422	ntype_1
7423	ntype_1
7424	ntype_0
7425	ntype_1
7426	ntype_3
7427	ntype_1
7428	ntype_0
7429	ntype_3
7430	ntype_0
7431	ntype_1
7432	ntype_2
7433	ntype_0
7434	ntype_2
7435	ntype_0
7436	ntype_2
7437	ntype_3
7438	ntype_2
7439	ntype_2
7440	ntype_3
7441	ntype_2
7442	ntype_2
7443	ntype_3
7444	ntype_2
7445	ntype_2
7446	ntype_1
7447	ntype_3
7448	ntype_0
7449	ntype_0
7450	ntype_3
7451	ntype_0
7452	ntype_2
7453	ntype_1
7454	ntype_3
7455	ntype_0
7456	ntype_1
7457	ntype_2
7458	ntype_2
7459	ntype_1
7460	ntype_0
7461	ntype_0
7462	ntype_2
7463	ntype_1
7464	ntype_2
7465	ntype_3
7466	ntype_2
7467	ntype_3
7468	ntype_1
7469	ntype_2
7470	ntype_3
7471	ntype_2
7472	ntype_0
7473	ntype_2
7474	ntype_0
7475	ntype_3
7476	ntype_2
7477	ntype_0
7478	ntype_2
7479	ntype_2
7480	ntype_2
7481	ntype_0
7482	ntype_1
7483	ntype_0
7484	ntype_1
7485	ntype_2
7486	ntype_0
7487	ntype_0
7488	ntype_2
7489	ntype_2
7490	ntype_0
7491	ntype_0
7492	ntype_0
7493	ntype_1
7494	ntype_2
7495	ntype_0
7496	ntype_1
7497	ntype_0
7498	ntype_0
7499	ntype_2
7500	ntype_2
7501	ntype_3
7502	ntype_2
7503	ntype_3
7504	ntype_2
7505	ntype_0
7506	ntype_2
7507	ntype_3
7508	ntype_3
7509	ntype_1
7510	ntype_1
7511	ntype_1
7512	ntype_2
7513	ntype_0
7514	ntype_0
7515	ntype_3
7516	ntype_0
7517	ntype_1
7518	ntype_1
7519	ntype_1
7520	ntype_0
7521	ntype_0
7522	ntype_0
7523	ntype_3
7524	ntype_3
7525	ntype_3
7526	ntype_1
7527	ntype_3
7528	ntype_3
7529	ntype_1
7530	ntype_1
7531	ntype_0
7532	ntype_3
7533	ntype_3
7534	ntype_3
7535	ntype_0
7536	ntype_3
7537	ntype_0
7538	ntype_1
7539	ntype_2
7540	ntype_2
7541	ntype_3
7542	ntype_2
7543	ntype_3
7544	ntype_1
7545	ntype_2
7546	ntype_1
7547	ntype_3
7548	ntype_2
7549	ntype_1
7550	ntype_0
7551	ntype_0
7552	ntype_1
7553	ntype_2
7554	ntype_2
7555	ntype_3
7556	ntype_3
7557	ntype_1
7558	ntype_3
7559	ntype_3
7560	ntype_1
7561	ntype_3
7562	ntype_3
7563	ntype_0
7564	ntype_2
7565	ntype_1
7566	ntype_3
7567	ntype_0
7568	ntype_3
7569	ntype_0
7570	ntype_1
7571	ntype_2
7572	ntype_1
7573	ntype_3
7574	ntype_0
7575	ntype_3
7576	ntype_1
7577	ntype_1
7578	ntype_2
7579	ntype_1
7580	ntype_1
7581	ntype_3
7582	ntype_2
7583	ntype_2
7584	ntype_3
7585	ntype_0
7586	ntype_2
7587	ntype_1
7588	ntype_2
7589	ntype_1
7590	ntype_0
7591	ntype_2
7592	ntype_1
7593	ntype_3
7594	ntype_1
7595	ntype_3
7596	ntype_2
7597	ntype_2
7598	ntype_2
7599	ntype_3
7600	ntype_3
7601	ntype_3
7602	ntype_1
7603	ntype_2
7604	ntype_0
7605	ntype_0
7606	ntype_2
7607	ntype_0
7608	ntype_3
7609	ntype_0
7610	ntype_2
7611	ntype_1
7612	ntype_0
7613	ntype_2
7614	ntype_1
7615	ntype_0
7616	ntype_1
7617	ntype_1
7618	ntype_0
7619	ntype_1
7620	ntype_1
7621	ntype_2
7622	ntype_1
7623	ntype_2
7624	ntype_1
7625	ntype_1
7626	ntype_3
7627	ntype_2
7628	ntype_1
7629	ntype_1
7630	ntype_3
7631	ntype_2
7632	ntype_1
7633	ntype_3
7634	ntype_2
7635	ntype_0
7636	ntype_0
7637	ntype_2
7638	ntype_1
7639	ntype_0
7640	ntype_3
7641	ntype_2
7642	ntype_2
7643	ntype_2
7644	ntype_0
7645	ntype_0
7646	ntype_2
7647	ntype_0
7648	ntype_0
7649	ntype_3
7650	ntype_2
7651	ntype_2
7652	ntype_0
7653	ntype_1
7654	ntype_2
7655	ntype_3
7656	ntype_3
7657	ntype_3
7658	ntype_1
7659	ntype_2
7660	ntype_1
7661	ntype_0
7662	ntype_2
7663	ntype_3
7664	ntype_3
7665	ntype_1
7666	ntype_2
7667	ntype_3
7668	ntype_1
7669	ntype_3
7670	ntype_0
7671	ntype_0
7672	ntype_0
7673	ntype_1
7674	ntype_3
7675	ntype_3
7676	ntype_1
7677	ntype_0
7678	ntype_1
7679	ntype_1
7680	ntype_1
7681	ntype_2
7682	ntype_2
7683	ntype_3
7684	ntype_3
7685	ntype_1
7686	ntype_3
7687	ntype_1
7688	ntype_2
7689	ntype_0
7690	ntype_1
7691	ntype_3
7692	ntype_2
7693	ntype_1
7694	ntype_2
7695	ntype_0
7696	ntype_1
7697	ntype_3
7698	ntype_0
7699	ntype_2
7700	ntype_0
7701	ntype_3
7702	ntype_2
7703	ntype_3
7704	ntype_3
7705	ntype_2
7706	ntype_3
7707	ntype_2
7708	ntype_0
7709	ntype_3
7710	ntype_0
7711	ntype_0
7712	ntype_0
7713	ntype_2
7714	ntype_3
7715	ntype_2
7716	ntype_2
7717	ntype_1
7718	ntype_0
7719	ntype_2
7720	ntype_1
7721	ntype_1
7722	ntype_1
7723	ntype_3
7724	ntype_0
7725	ntype_2
7726	ntype_2
7727	ntype_3
7728	ntype_0
7729	ntype_0
7730	ntype_0
7731	ntype_2
7732	ntype_0
7733	ntype_2
7734	ntype_3
7735	ntype_2
7736	ntype_2
7737	ntype_0
7738	ntype_1
7739	ntype_3
7740	ntype_3
7741	ntype_0
7742	ntype_2
7743	ntype_1
7744	ntype_2
7745	ntype_1
7746	ntype_1
7747	ntype_3
7748	ntype_2
7749	ntype_3
7750	ntype_2
7751	ntype_1
7752	ntype_0
7753	ntype_1
7754	ntype_2
7755	ntype_3
7756	ntype_1
7757	ntype_0
7758	ntype_3
7759	ntype_0
7760	ntype_0
7761	ntype_1
7762	ntype_3
7763	ntype_1
7764	ntype_1
7765	ntype_1
7766	ntype_0
7767	ntype_1
7768	ntype_1
7769	ntype_0
7770	ntype_3
7771	ntype_1
7772	ntype_1
7773	ntype_3
7774	ntype_0
7775	ntype_0
7776	ntype_0
7777	ntype_0
7778	ntype_2
7779	ntype_0
7780	ntype_0
7781	ntype_0
7782	ntype_0
7783	ntype_2
7784	ntype_2
7785	ntype_3
7786	ntype_2
7787	ntype_2
7788	ntype_3
7789	ntype_2
7790	ntype_0
7791	ntype_1
7792	ntype_0
7793	ntype_3
7794	ntype_1
7795	ntype_2
7796	ntype_3
7797	ntype_0
7798	ntype_3
7799	ntype_2
7800	ntype_0
7801	ntype_0
7802	ntype_3
7803	ntype_1
7804	ntype_2
7805	ntype_3
7806	ntype_2
7807	ntype_0
7808	ntype_3
7809	ntype_0
7810	ntype_1
7811	ntype_1
7812	ntype_3
7813	ntype_0
7814	ntype_0
7815	ntype_1
7816	ntype_1
7817	ntype_3
7818	ntype_2
7819	ntype_2
7820	ntype_1
7821	ntype_3
7822	ntype_3
7823	ntype_1
7824	ntype_2
7825	ntype_3
7826	ntype_2
7827	ntype_3
7828	ntype_3
7829	ntype_2
7830	ntype_1
7831	ntype_3
7832	ntype_3
7833	ntype_0
7834	ntype_0
7835	ntype_3
7836	ntype_1
7837	ntype_1
7838	ntype_3
7839	ntype_2
7840	ntype_1
7841	ntype_2
7842	ntype_3
7843	ntype_1
7844	ntype_3
7845	ntype_2
7846	ntype_2
7847	ntype_0
7848	ntype_3
7849	ntype_3
7850	ntype_1
7851	ntype_0
7852	ntype_2
7853	ntype_0
7854	ntype_2
7855	ntype_3
7856	ntype_1
7857	ntype_0
7858	ntype_3
7859	ntype_0
7860	ntype_0
7861	ntype_1
7862	ntype_1
7863	ntype_3
7864	ntype_0
7865	ntype_0
7866	ntype_0
7867	ntype_2
7868	ntype_2
7869	ntype_2
7870	ntype_0
7871	ntype_0
7872	ntype_0
7873	ntype_1
7874	ntype_2
7875	ntype_0
7876	ntype_3
7877	ntype_2
7878	ntype_2
7879	ntype_3
7880	ntype_3
7881	ntype_2
7882	ntype_0
7883	ntype_2
7884	ntype_2
7885	ntype_3
7886	ntype_0
7887	ntype_0
7888	ntype_1
7889	ntype_0
7890	ntype_3
7891	ntype_3
7892	ntype_3
7893	ntype_2
7894	ntype_1
7895	ntype_0
7896	ntype_0
7897	ntype_2
7898	ntype_0
7899	ntype_2
7900	ntype_0
7901	ntype_1
7902	ntype_0
7903	ntype_0
7904	ntype_2
7905	ntype_3
7906	ntype_0
7907	ntype_0
7908	ntype_3
7909	ntype_1
7910	ntype_1
7911	ntype_2
7912	ntype_3
7913	ntype_1
7914	ntype_1
7915	ntype_1
7916	ntype_2
7917	ntype_2
7918	ntype_3
7919	ntype_2
7920	ntype_3
7921	ntype_1
7922	ntype_0
7923	ntype_2
7924	ntype_3
7925	ntype_0
7926	ntype_2
7927	ntype_0
7928	ntype_2
7929	ntype_3
7930	ntype_3
7931	ntype_2
7932	ntype_0
7933	ntype_3
7934	ntype_2
7935	ntype_3
7936	ntype_0
7937	ntype_3
7938	ntype_2
7939	ntype_0
7940	ntype_2
7941	ntype_0
7942	ntype_3
7943	ntype_3
7944	ntype_2
7945	ntype_3
7946	ntype_0
7947	ntype_0
7948	ntype_2
7949	ntype_2
7950	ntype_0
7951	ntype_0
7952	ntype_0
7953	ntype_2
7954	ntype_1
7955	ntype_0
7956	ntype_2
7957	ntype_2
7958	ntype_0
7959	ntype_3
7960	ntype_2
7961	ntype_0
7962	ntype_3
7963	ntype_3
7964	ntype_2
7965	ntype_2
7966	ntype_2
7967	ntype_0
7968	ntype_3
7969	ntype_1
7970	ntype_1
7971	ntype_1
7972	ntype_3
7973	ntype_0
7974	ntype_0
7975	ntype_3
7976	ntype_3
7977	ntype_1
7978	ntype_0
7979	ntype_0
7980	ntype_0
7981	ntype_1
7982	ntype_3
7983	ntype_2
7984	ntype_0
7985	ntype_3
7986	ntype_2
7987	ntype_1
7988	ntype_2
7989	ntype_2
7990	ntype_2
7991	ntype_1
7992	ntype_0
7993	ntype_1
7994	ntype_3
7995	ntype_2
7996	ntype_0
7997	ntype_0
7998	ntype_2
7999	ntype_0
8000	ntype_3
8001	ntype_0
8002	ntype_2
8003	ntype_1
8004	ntype_1
8005	ntype_2
8006	ntype_0
8007	ntype_2
8008	ntype_2
8009	ntype_2
8010	ntype_2
8011	ntype_1
8012	ntype_1
8013	ntype_2
8014	ntype_2
8015	ntype_0
8016	ntype_2
8017	ntype_2
8018	ntype_3
8019	ntype_1
8020	ntype_3
8021	ntype_0
8022	ntype_1
8023	ntype_1
8024	ntype_1
8025	ntype_3
8026	ntype_0
8027	ntype_3
8028	ntype_2
8029	ntype_1
8030	ntype_0
8031	ntype_3
8032	ntype_1
8033	ntype_2
8034	ntype_2
8035	ntype_2
8036	ntype_0
8037	ntype_1
8038	ntype_1
8039	ntype_3
8040	ntype_1
8041	ntype_3
8042	ntype_1
8043	ntype_2
8044	ntype_3
8045	ntype_3
8046	ntype_0
8047	ntype_3
8048	ntype_2
8049	ntype_0
8050	ntype_0
8051	ntype_1
8052	ntype_0
8053	ntype_0
8054	ntype_2
8055	ntype_0
8056	ntype_3
8057	ntype_3
8058	ntype_1
8059	ntype_0
8060	ntype_3
8061	ntype_0
8062	ntype_0
8063	ntype_1
8064	ntype_0
8065	ntype_1
8066	ntype_2
8067	ntype_1
8068	ntype_1
8069	ntype_3
8070	ntype_3
8071	ntype_1
8072	ntype_3
8073	ntype_2
8074	ntype_0
8075	ntype_1
8076	ntype_1
8077	ntype_1
8078	ntype_2
8079	ntype_3
8080	ntype_1
8081	ntype_3
8082	ntype_2
8083	ntype_3
8084	ntype_2
8085	ntype_0
8086	ntype_0
8087	ntype_0
8088	ntype_0
8089	ntype_0
8090	ntype_2
8091	ntype_2
8092	ntype_3
8093	ntype_2
8094	ntype_3
8095	ntype_3
8096	ntype_3
8097	ntype_3
8098	ntype_1
8099	ntype_3
8100	ntype_3
8101	ntype_2
8102	ntype_2
8103	ntype_2
8104	ntype_2
8105	ntype_2
8106	ntype_3
8107	ntype_3
8108	ntype_1
8109	ntype_1
8110	ntype_0
8111	ntype_2
8112	ntype_1
8113	ntype_2
8114	ntype_3
8115	ntype_1
8116	ntype_3
8117	ntype_1
8118	ntype_2
8119	ntype_2
8120	ntype_0
8121	ntype_3
8122	ntype_3
8123	ntype_2
8124	ntype_2
8125	ntype_0
8126	ntype_0
8127	ntype_0
8128	ntype_1
8129	ntype_2
8130	ntype_0
8131	ntype_0
8132	ntype_3
8133	ntype_3
8134	ntype_2
8135	ntype_3
8136	ntype_3
8137	ntype_0
8138	ntype_2
8139	ntype_3
8140	ntype_2
8141	ntype_1
8142	ntype_2
8143	ntype_2
8144	ntype_0
8145	ntype_0
8146	ntype_2
8147	ntype_0
8148	ntype_1
8149	ntype_2
8150	ntype_1
8151	ntype_3
8152	ntype_0
8153	ntype_0
8154	ntype_0
8155	ntype_1
8156	ntype_1
8157	ntype_2
8158	ntype_0
8159	ntype_0
8160	ntype_2
8161	ntype_2
8162	ntype_0
8163	ntype_3
8164	ntype_1
8165	ntype_2
8166	ntype_0
8167	ntype_2
8168	ntype_3
8169	ntype_0
8170	ntype_3
8171	ntype_1
8172	ntype_1
8173	ntype_3
8174	ntype_0
8175	ntype_3
8176	ntype_1
8177	ntype_0
8178	ntype_3
8179	ntype_1
8180	ntype_3
8181	ntype_1
8182	ntype_2
8183	ntype_2
8184	ntype_3
8185	ntype_3
8186	ntype_1
8187	ntype_2
8188	ntype_2
8189	ntype_2
8190	ntype_0
8191	ntype_0
8192	ntype_3
8193	ntype_0
8194	ntype_3
8195	ntype_2
8196	ntype_0
8197	ntype_2
8198	ntype_1
8199	ntype_3
8200	ntype_2
8201	ntype_3
8202	ntype_2
8203	ntype_2
8204	ntype_1
8205	ntype_3
8206	ntype_3
8207	ntype_1
8208	ntype_0
8209	ntype_2
8210	ntype_0
8211	ntype_2
8212	ntype_3
8213	ntype_2
8214	ntype_1
8215	ntype_3
8216	ntype_1
8217	ntype_3
8218	ntype_3
8219	ntype_3
8220	ntype_3
8221	ntype_1
8222	ntype_0
8223	ntype_1
8224	ntype_2
8225	ntype_3
8226	ntype_0
8227	ntype_2
8228	ntype_1
8229	ntype_3
8230	ntype_3
8231	ntype_2
8232	ntype_2
8233	ntype_3
8234	ntype_0
8235	ntype_0
8236	ntype_2
8237	ntype_2
8238	ntype_3
8239	ntype_3
8240	ntype_2
8241	ntype_2
8242	ntype_0
8243	ntype_1
8244	ntype_2
8245	ntype_2
8246	ntype_1
8247	ntype_1
8248	ntype_3
8249	ntype_0
8250	ntype_0
8251	ntype_3
8252	ntype_3
8253	ntype_0
8254	ntype_0
8255	ntype_2
8256	ntype_1
8257	ntype_2
8258	ntype_1
8259	ntype_0
8260	ntype_0
8261	ntype_1
8262	ntype_0
8263	ntype_2
8264	ntype_1
8265	ntype_1
8266	ntype_1
8267	ntype_0
8268	ntype_3
8269	ntype_0
8270	ntype_1
8271	ntype_3
8272	ntype_0
8273	ntype_3
8274	ntype_2
8275	ntype_3
8276	ntype_0
8277	ntype_1
8278	ntype_1
8279	ntype_2
8280	ntype_2
8281	ntype_1
8282	ntype_2
8283	ntype_2
8284	ntype_0
8285	ntype_3
8286	ntype_0
8287	ntype_1
8288	ntype_0
8289	ntype_1
8290	ntype_2
8291	ntype_3
8292	ntype_0
8293	ntype_3
8294	ntype_1
8295	ntype_0
8296	ntype_1
8297	ntype_2
8298	ntype_1
8299	ntype_1
8300	ntype_3
8301	ntype_3
8302	ntype_2
8303	ntype_0
8304	ntype_1
8305	ntype_1
8306	ntype_1
8307	ntype_0
8308	ntype_1
8309	ntype_3
8310	ntype_3
8311	ntype_0
8312	ntype_2
8313	ntype_2
8314	ntype_3
8315	ntype_3
8316	ntype_0
8317	ntype_1
8318	ntype_1
8319	ntype_2
8320	ntype_0
8321	ntype_3
8322	ntype_3
8323	ntype_0
8324	ntype_2
8325	ntype_0
8326	ntype_0
8327	ntype_1
8328	ntype_1
8329	ntype_0
8330	ntype_3
8331	ntype_3
8332	ntype_1
8333	ntype_0
8334	ntype_3
8335	ntype_0
8336	ntype_1
8337	ntype_0
8338	ntype_2
8339	ntype_2
8340	ntype_0
8341	ntype_1
8342	ntype_0
8343	ntype_1
8344	ntype_1
8345	ntype_0
8346	ntype_1
8347	ntype_1
8348	ntype_1
8349	ntype_3
8350	ntype_2
8351	ntype_1
8352	ntype_1
8353	ntype_2
8354	ntype_1
8355	ntype_1
8356	ntype_3
8357	ntype_3
8358	ntype_0
8359	ntype_1
8360	ntype_3
8361	ntype_2
8362	ntype_3
8363	ntype_3
8364	ntype_2
8365	ntype_3
8366	ntype_2
8367	ntype_3
8368	ntype_0
8369	ntype_2
8370	ntype_0
8371	ntype_2
8372	ntype_3
8373	ntype_0
8374	ntype_2
8375	ntype_1
8376	ntype_3
8377	ntype_3
8378	ntype_2
8379	ntype_3
8380	ntype_0
8381	ntype_1
8382	ntype_1
8383	ntype_2
8384	ntype_0
8385	ntype_1
8386	ntype_3
8387	ntype_0
8388	ntype_3
8389	ntype_0
8390	ntype_2
8391	ntype_0
8392	ntype_1
8393	ntype_3
8394	ntype_0
8395	ntype_0
8396	ntype_3
8397	ntype_2
8398	ntype_1
8399	ntype_3
8400	ntype_3
8401	ntype_0
8402	ntype_1
8403	ntype_3
8404	ntype_3
8405	ntype_2
8406	ntype_3
8407	ntype_0
8408	ntype_2
8409	ntype_2
8410	ntype_3
8411	ntype_0
8412	ntype_2
8413	ntype_1
8414	ntype_1
8415	ntype_1
8416	ntype_1
8417	ntype_0
8418	ntype_0
8419	ntype_1
8420	ntype_0
8421	ntype_1
8422	ntype_3
8423	ntype_2
8424	ntype_2
8425	ntype_3
8426	ntype_2
8427	ntype_2
8428	ntype_2
8429	ntype_1
8430	ntype_0
8431	ntype_0
8432	ntype_3
8433	ntype_0
8434	ntype_0
8435	ntype_1
8436	ntype_2
8437	ntype_3
8438	ntype_0
8439	ntype_1
8440	ntype_2
8441	ntype_2
8442	ntype_0
8443	ntype_3
8444	ntype_2
8445	ntype_1
8446	ntype_1
8447	ntype_1
8448	ntype_3
8449	ntype_1
8450	ntype_0
8451	ntype_1
8452	ntype_3
8453	ntype_1
8454	ntype_2
8455	ntype_2
8456	ntype_1
8457	ntype_1
8458	ntype_0
8459	ntype_2
8460	ntype_0
8461	ntype_3
8462	ntype_3
8463	ntype_1
8464	ntype_0
8465	ntype_3
8466	ntype_3
8467	ntype_1
8468	ntype_1
8469	ntype_3
8470	ntype_0
8471	ntype_0
8472	ntype_0
8473	ntype_1
8474	ntype_0
8475	ntype_2
8476	ntype_0
8477	ntype_0
8478	ntype_0
8479	ntype_3
8480	ntype_0
8481	ntype_1
8482	ntype_2
8483	ntype_0
8484	ntype_1
8485	ntype_1
8486	ntype_2
8487	ntype_3
8488	ntype_3
8489	ntype_1
8490	ntype_0
8491	ntype_0
8492	ntype_2
8493	ntype_1
8494	ntype_1
8495	ntype_0
8496	ntype_0
8497	ntype_3
8498	ntype_2
8499	ntype_3
8500	ntype_2
8501	ntype_0
8502	ntype_3
8503	ntype_2
8504	ntype_3
8505	ntype_0
8506	ntype_1
8507	ntype_0
8508	ntype_3
8509	ntype_0
8510	ntype_0
8511	ntype_2
8512	ntype_3
8513	ntype_0
8514	ntype_3
8515	ntype_2
8516	ntype_1
8517	ntype_1
8518	ntype_2
8519	ntype_3
8520	ntype_3
8521	ntype_3
8522	ntype_1
8523	ntype_1
8524	ntype_1
8525	ntype_3
8526	ntype_0
8527	ntype_3
8528	ntype_1
8529	ntype_3
8530	ntype_0
8531	ntype_3
8532	ntype_1
8533	ntype_0
8534	ntype_1
8535	ntype_1
8536	ntype_0
8537	ntype_0
8538	ntype_2
8539	ntype_1
8540	ntype_2
8541	ntype_0
8542	ntype_1
8543	ntype_3
8544	ntype_0
8545	ntype_0
8546	ntype_2
8547	ntype_3
8548	ntype_3
8549	ntype_1
8550	ntype_3
8551	ntype_1
8552	ntype_3
8553	ntype_2
8554	ntype_3
8555	ntype_3
8556	ntype_0
8557	ntype_0
8558	ntype_2
8559	ntype_3
8560	ntype_1
8561	ntype_0
8562	ntype_0
8563	ntype_3
8564	ntype_0
8565	ntype_3
8566	ntype_3
8567	ntype_2
8568	ntype_0
8569	ntype_1
8570	ntype_2
8571	ntype_2
8572	ntype_3
8573	ntype_2
8574	ntype_1
8575	ntype_2
8576	ntype_0
8577	ntype_2
8578	ntype_0
8579	ntype_0
8580	ntype_2
8581	ntype_0
8582	ntype_0
8583	ntype_3
8584	ntype_3
8585	ntype_2
8586	ntype_2
8587	ntype_1
8588	ntype_1
8589	ntype_3
8590	ntype_0
8591	ntype_0
8592	ntype_0
8593	ntype_1
8594	ntype_1
8595	ntype_2
8596	ntype_0
8597	ntype_3
8598	ntype_3
8599	ntype_2
8600	ntype_2
8601	ntype_0
8602	ntype_3
8603	ntype_0
8604	ntype_2
8605	ntype_1
8606	ntype_1
8607	ntype_3
8608	ntype_2
8609	ntype_2
8610	ntype_3
8611	ntype_3
8612	ntype_0
8613	ntype_0
8614	ntype_1
8615	ntype_1
8616	ntype_0
8617	ntype_1
8618	ntype_0
8619	ntype_1
8620	ntype_1
8621	ntype_3
8622	ntype_0
8623	ntype_2
8624	ntype_1
8625	ntype_3
8626	ntype_3
8627	ntype_1
8628	ntype_2
8629	ntype_0
8630	ntype_1
8631	ntype_1
8632	ntype_1
8633	ntype_3
8634	ntype_0
8635	ntype_2
8636	ntype_2
8637	ntype_1
8638	ntype_0
8639	ntype_3
8640	ntype_3
8641	ntype_3
8642	ntype_2
8643	ntype_1
8644	ntype_0
8645	ntype_3
8646	ntype_0
8647	ntype_2
8648	ntype_0
8649	ntype_1
8650	ntype_2
8651	ntype_3
8652	ntype_3
8653	ntype_1
8654	ntype_3
8655	ntype_3
8656	ntype_0
8657	ntype_3
8658	ntype_1
8659	ntype_2
8660	ntype_1
8661	ntype_3
8662	ntype_0
8663	ntype_2
8664	ntype_0
8665	ntype_2
8666	ntype_1
8667	ntype_2
8668	ntype_3
8669	ntype_3
8670	ntype_0
8671	ntype_1
8672	ntype_2
8673	ntype_3
8674	ntype_2
8675	ntype_3
8676	ntype_1
8677	ntype_2
8678	ntype_0
8679	ntype_0
8680	ntype_3
8681	ntype_1
8682	ntype_2
8683	ntype_2
8684	ntype_1
8685	ntype_2
8686	ntype_3
8687	ntype_0
8688	ntype_2
8689	ntype_2
8690	ntype_3
8691	ntype_2
8692	ntype_3
8693	ntype_0
8694	ntype_1
8695	ntype_3
8696	ntype_0
8697	ntype_0
8698	ntype_2
8699	ntype_3
8700	ntype_2
8701	ntype_2
8702	ntype_2
8703	ntype_1
8704	ntype_0
8705	ntype_0
8706	ntype_3
8707	ntype_1
8708	ntype_1
8709	ntype_0
8710	ntype_1
8711	ntype_1
8712	ntype_3
8713	ntype_1
8714	ntype_0
8715	ntype_0
8716	ntype_3
8717	ntype_3
8718	ntype_3
8719	ntype_0
8720	ntype_2
8721	ntype_1
8722	ntype_1
8723	ntype_2
8724	ntype_3
8725	ntype_2
8726	ntype_2
8727	ntype_2
8728	ntype_0
8729	ntype_0
8730	ntype_2
8731	ntype_1
8732	ntype_3
8733	ntype_0
8734	ntype_3
8735	ntype_3
8736	ntype_1
8737	ntype_1
8738	ntype_2
8739	ntype_3
8740	ntype_3
8741	ntype_2
8742	ntype_2
8743	ntype_3
8744	ntype_2
8745	ntype_1
8746	ntype_1
8747	ntype_0
8748	ntype_3
8749	ntype_0
8750	ntype_1
8751	ntype_3
8752	ntype_0
8753	ntype_3
8754	ntype_3
8755	ntype_3
8756	ntype_1
8757	ntype_1
8758	ntype_0
8759	ntype_3
8760	ntype_2
8761	ntype_2
8762	ntype_1
8763	ntype_3
8764	ntype_1
8765	ntype_1
8766	ntype_3
8767	ntype_3
8768	ntype_1
8769	ntype_0
8770	ntype_3
8771	ntype_1
8772	ntype_0
8773	ntype_2
8774	ntype_3
8775	ntype_3
8776	ntype_2
8777	ntype_0
8778	ntype_1
8779	ntype_3
8780	ntype_3
8781	ntype_3
8782	ntype_1
8783	ntype_2
8784	ntype_0
8785	ntype_3
8786	ntype_0
8787	ntype_3
8788	ntype_0
8789	ntype_3
8790	ntype_0
8791	ntype_0
8792	ntype_1
8793	ntype_1
8794	ntype_2
8795	ntype_1
8796	ntype_2
8797	ntype_3
8798	ntype_3
8799	ntype_2
8800	ntype_1
8801	ntype_0
8802	ntype_0
8803	ntype_1
8804	ntype_2
8805	ntype_0
8806	ntype_3
8807	ntype_1
8808	ntype_1
8809	ntype_1
8810	ntype_2
8811	ntype_1
8812	ntype_3
8813	ntype_2
8814	ntype_0
8815	ntype_0
8816	ntype_2
8817	ntype_3
8818	ntype_0
8819	ntype_3
8820	ntype_0
8821	ntype_3
8822	ntype_2
8823	ntype_0
8824	ntype_1
8825	ntype_0
8826	ntype_1
8827	ntype_2
8828	ntype_1
8829	ntype_0
8830	ntype_1
8831	ntype_0
8832	ntype_0
8833	ntype_1
8834	ntype_3
8835	ntype_0
8836	ntype_2
8837	ntype_1
8838	ntype_2
8839	ntype_3
8840	ntype_2
8841	ntype_3
8842	ntype_1
8843	ntype_2
8844	ntype_2
8845	ntype_0
8846	ntype_0
8847	ntype_2
8848	ntype_0
8849	ntype_1
8850	ntype_2
8851	ntype_0
8852	ntype_3
8853	ntype_1
8854	ntype_2
8855	ntype_3
8856	ntype_3
8857	ntype_3
8858	ntype_0
8859	ntype_3
8860	ntype_0
8861	ntype_3
8862	ntype_3
8863	ntype_3
8864	ntype_2
8865	ntype_1
8866	ntype_2
8867	ntype_2
8868	ntype_2
8869	ntype_3
8870	ntype_3
8871	ntype_0
8872	ntype_3
8873	ntype_0
8874	ntype_1
8875	ntype_2
8876	ntype_3
8877	ntype_0
8878	ntype_3
8879	ntype_2
8880	ntype_3
8881	ntype_2
8882	ntype_0
8883	ntype_3
8884	ntype_2
8885	ntype_2
8886	ntype_2
8887	ntype_2
8888	ntype_1
8889	ntype_3
8890	ntype_1
8891	ntype_2
8892	ntype_0
8893	ntype_2
8894	ntype_0
8895	ntype_0
8896	ntype_0
8897	ntype_2
8898	ntype_1
8899	ntype_3
8900	ntype_2
8901	ntype_2
8902	ntype_0
8903	ntype_0
8904	ntype_1
8905	ntype_3
8906	ntype_1
8907	ntype_2
8908	ntype_1
8909	ntype_2
8910	ntype_1
8911	ntype_1
8912	ntype_1
8913	ntype_1
8914	ntype_0
8915	ntype_0
8916	ntype_1
8917	ntype_1
8918	ntype_0
8919	ntype_3
8920	ntype_0
8921	ntype_1
8922	ntype_2
8923	ntype_1
8924	ntype_3
8925	ntype_1
8926	ntype_2
8927	ntype_0
8928	ntype_2
8929	ntype_1
8930	ntype_2
8931	ntype_1
8932	ntype_1
8933	ntype_0
8934	ntype_1
8935	ntype_2
8936	ntype_0
8937	ntype_1
8938	ntype_0
8939	ntype_1
8940	ntype_3
8941	ntype_3
8942	ntype_1
8943	ntype_3
8944	ntype_0
8945	ntype_3
8946	ntype_2
8947	ntype_2
8948	ntype_3
8949	ntype_1
8950	ntype_0
8951	ntype_2
8952	ntype_0
8953	ntype_3
8954	ntype_2
8955	ntype_1
8956	ntype_3
8957	ntype_1
8958	ntype_3
8959	ntype_0
8960	ntype_2
8961	ntype_0
8962	ntype_2
8963	ntype_1
8964	ntype_2
8965	ntype_1
8966	ntype_2
8967	ntype_3
8968	ntype_1
8969	ntype_2
8970	ntype_2
8971	ntype_3
8972	ntype_3
8973	ntype_1
8974	ntype_1
8975	ntype_3
8976	ntype_1
8977	ntype_3
8978	ntype_1
8979	ntype_3
8980	ntype_1
8981	ntype_3
8982	ntype_3
8983	ntype_1
8984	ntype_0
8985	ntype_1
8986	ntype_1
8987	ntype_1
8988	ntype_3
8989	ntype_0
8990	ntype_3
8991	ntype_0
8992	ntype_1
8993	ntype_3
8994	ntype_2
8995	ntype_1
8996	ntype_0
8997	ntype_0
8998	ntype_3
8999	ntype_0
9000	ntype_1
9001	ntype_1
9002	ntype_2
9003	ntype_2
9004	ntype_2
9005	ntype_3
9006	ntype_2
9007	ntype_2
9008	ntype_2
9009	ntype_0
9010	ntype_1
9011	ntype_1
9012	ntype_2
9013	ntype_3
9014	ntype_2
9015	ntype_2
9016	ntype_1
9017	ntype_0
9018	ntype_0
9019	ntype_0
9020	ntype_0
9021	ntype_1
9022	ntype_3
9023	ntype_2
9024	ntype_3
9025	ntype_1
9026	ntype_3
9027	ntype_3
9028	ntype_2
9029	ntype_1
9030	ntype_3
9031	ntype_2
9032	ntype_1
9033	ntype_1
9034	ntype_0
9035	ntype_2
9036	ntype_0
9037	ntype_2
9038	ntype_3
9039	ntype_0
9040	ntype_0
9041	ntype_2
9042	ntype_2
9043	ntype_0
9044	ntype_3
9045	ntype_3
9046	ntype_2
9047	ntype_3
9048	ntype_1
9049	ntype_2
9050	ntype_3
9051	ntype_3
9052	ntype_1
9053	ntype_1
9054	ntype_1
9055	ntype_1
9056	ntype_0
9057	ntype_2
9058	ntype_1
9059	ntype_1
9060	ntype_3
9061	ntype_1
9062	ntype_2
9063	ntype_0
9064	ntype_1
9065	ntype_0
9066	ntype_3
9067	ntype_1
9068	ntype_2
9069	ntype_2
9070	ntype_0
9071	ntype_3
9072	ntype_0
9073	ntype_1
9074	ntype_1
9075	ntype_3
9076	ntype_3
9077	ntype_0
9078	ntype_1
9079	ntype_2
9080	ntype_1
9081	ntype_2
9082	ntype_1
9083	ntype_2
9084	ntype_1
9085	ntype_3
9086	ntype_3
9087	ntype_0
9088	ntype_0
9089	ntype_2
9090	ntype_0
9091	ntype_0
9092	ntype_2
9093	ntype_3
9094	ntype_0
9095	ntype_2
9096	ntype_1
9097	ntype_0
9098	ntype_1
9099	ntype_3
9100	ntype_2
9101	ntype_3
9102	ntype_3
9103	ntype_3
9104	ntype_2
9105	ntype_2
9106	ntype_3
9107	ntype_2
9108	ntype_2
9109	ntype_3
9110	ntype_2
9111	ntype_3
9112	ntype_3
9113	ntype_1
9114	ntype_2
9115	ntype_2
9116	ntype_0
9117	ntype_3
9118	ntype_3
9119	ntype_2
9120	ntype_3
9121	ntype_2
9122	ntype_1
9123	ntype_2
9124	ntype_3
9125	ntype_0
9126	ntype_3
9127	ntype_1
9128	ntype_3
9129	ntype_0
9130	ntype_3
9131	ntype_1
9132	ntype_3
9133	ntype_0
9134	ntype_0
9135	ntype_1
9136	ntype_1
9137	ntype_2
9138	ntype_2
9139	ntype_1
9140	ntype_3
9141	ntype_0
9142	ntype_2
9143	ntype_1
9144	ntype_2
9145	ntype_1
9146	ntype_1
9147	ntype_2
9148	ntype_0
9149	ntype_2
9150	ntype_0
9151	ntype_2
9152	ntype_1
9153	ntype_3
9154	ntype_1
9155	ntype_2
9156	ntype_3
9157	ntype_2
9158	ntype_1
9159	ntype_0
9160	ntype_0
9161	ntype_1
9162	ntype_2
9163	ntype_2
9164	ntype_1
9165	ntype_0
9166	ntype_0
9167	ntype_3
9168	ntype_3
9169	ntype_2
9170	ntype_3
9171	ntype_0
9172	ntype_2
9173	ntype_0
9174	ntype_0
9175	ntype_3
9176	ntype_1
9177	ntype_3
9178	ntype_2
9179	ntype_0
9180	ntype_3
9181	ntype_1
9182	ntype_1
9183	ntype_0
9184	ntype_0
9185	ntype_1
9186	ntype_1
9187	ntype_1
9188	ntype_2
9189	ntype_2
9190	ntype_0
9191	ntype_0
9192	ntype_0
9193	ntype_2
9194	ntype_2
9195	ntype_2
9196	ntype_2
9197	ntype_2
9198	ntype_2
9199	ntype_0
9200	ntype_1
9201	ntype_3
9202	ntype_3
9203	ntype_1
9204	ntype_1
9205	ntype_0
9206	ntype_1
9207	ntype_1
9208	ntype_3
9209	ntype_2
9210	ntype_1
9211	ntype_2
9212	ntype_2
9213	ntype_0
9214	ntype_1
9215	ntype_2
9216	ntype_1
9217	ntype_1
9218	ntype_3
9219	ntype_1
9220	ntype_2
9221	ntype_0
9222	ntype_0
9223	ntype_2
9224	ntype_2
9225	ntype_2
9226	ntype_1
9227	ntype_1
9228	ntype_2
9229	ntype_0
9230	ntype_2
9231	ntype_2
9232	ntype_1
9233	ntype_1
9234	ntype_2
9235	ntype_1
9236	ntype_1
9237	ntype_1
9238	ntype_0
9239	ntype_0
9240	ntype_2
9241	ntype_1
9242	ntype_3
9243	ntype_0
9244	ntype_2
9245	ntype_2
9246	ntype_2
9247	ntype_3
9248	ntype_3
9249	ntype_1
9250	ntype_1
9251	ntype_0
9252	ntype_1
9253	ntype_0
9254	ntype_0
9255	ntype_3
9256	ntype_3
9257	ntype_0
9258	ntype_0
9259	ntype_1
9260	ntype_0
9261	ntype_0
9262	ntype_1
9263	ntype_2
9264	ntype_1
9265	ntype_2
9266	ntype_3
9267	ntype_0
9268	ntype_1
9269	ntype_2
9270	ntype_1
9271	ntype_1
9272	ntype_1
9273	ntype_1
9274	ntype_1
9275	ntype_3
9276	ntype_0
9277	ntype_2
9278	ntype_2
9279	ntype_0
9280	ntype_1
9281	ntype_2
9282	ntype_2
9283	ntype_2
9284	ntype_2
9285	ntype_1
9286	ntype_1
9287	ntype_2
9288	ntype_2
9289	ntype_3
9290	ntype_3
9291	ntype_2
9292	ntype_3
9293	ntype_0
9294	ntype_2
9295	ntype_1
9296	ntype_0
9297	ntype_2
9298	ntype_1
9299	ntype_1
9300	ntype_2
9301	ntype_1
9302	ntype_1
9303	ntype_2
9304	ntype_0
9305	ntype_3
9306	ntype_1
9307	ntype_3
9308	ntype_1
9309	ntype_0
9310	ntype_3
9311	ntype_2
9312	ntype_1
9313	ntype_1
9314	ntype_2
9315	ntype_0
9316	ntype_3
9317	ntype_2
9318	ntype_3
9319	ntype_1
9320	ntype_1
9321	ntype_3
9322	ntype_1
9323	ntype_3
9324	ntype_0
9325	ntype_2
9326	ntype_1
9327	ntype_3
9328	ntype_3
9329	ntype_2
9330	ntype_0
9331	ntype_0
9332	ntype_0
9333	ntype_3
9334	ntype_1
9335	ntype_0
9336	ntype_0
9337	ntype_0
9338	ntype_0
9339	ntype_2
9340	ntype_1
9341	ntype_0
9342	ntype_1
9343	ntype_2
9344	ntype_1
9345	ntype_2
9346	ntype_1
9347	ntype_3
9348	ntype_2
9349	ntype_2
9350	ntype_1
9351	ntype_2
9352	ntype_2
9353	ntype_0
9354	ntype_2
9355	ntype_2
9356	ntype_2
9357	ntype_0
9358	ntype_0
9359	ntype_1
9360	ntype_3
9361	ntype_2
9362	ntype_3
9363	ntype_0
9364	ntype_3
9365	ntype_1
9366	ntype_2
9367	ntype_3
9368	ntype_3
9369	ntype_0
9370	ntype_3
9371	ntype_2
9372	ntype_2
9373	ntype_0
9374	ntype_1
9375	ntype_3
9376	ntype_3
9377	ntype_2
9378	ntype_3
9379	ntype_1
9380	ntype_2
9381	ntype_2
9382	ntype_0
9383	ntype_3
9384	ntype_3
9385	ntype_1
9386	ntype_3
9387	ntype_2
9388	ntype_3
9389	ntype_0
9390	ntype_2
9391	ntype_2
9392	ntype_2
9393	ntype_0
9394	ntype_3
9395	ntype_0
9396	ntype_1
9397	ntype_3
9398	ntype_1
9399	ntype_3
9400	ntype_3
9401	ntype_2
9402	ntype_0
9403	ntype_0
9404	ntype_0
9405	ntype_1
9406	ntype_2
9407	ntype_1
9408	ntype_0
9409	ntype_3
9410	ntype_1
9411	ntype_3
9412	ntype_1
9413	ntype_3
9414	ntype_0
9415	ntype_1
9416	ntype_2
9417	ntype_2
9418	ntype_3
9419	ntype_1
9420	ntype_3
9421	ntype_1
9422	ntype_2
9423	ntype_0
9424	ntype_2
9425	ntype_2
9426	ntype_3
9427	ntype_0
9428	ntype_1
9429	ntype_1
9430	ntype_0
9431	ntype_0
9432	ntype_2
9433	ntype_2
9434	ntype_1
9435	ntype_0
9436	ntype_0
9437	ntype_3
9438	ntype_2
9439	ntype_1
9440	ntype_2
9441	ntype_1
9442	ntype_3
9443	ntype_0
9444	ntype_3
9445	ntype_0
9446	ntype_3
9447	ntype_2
9448	ntype_2
9449	ntype_3
9450	ntype_1
9451	ntype_2
9452	ntype_2
9453	ntype_0
9454	ntype_1
9455	ntype_1
9456	ntype_0
9457	ntype_0
9458	ntype_1
9459	ntype_2
9460	ntype_3
9461	ntype_0
9462	ntype_3
9463	ntype_0
9464	ntype_2
9465	ntype_3
9466	ntype_2
9467	ntype_3
9468	ntype_1
9469	ntype_1
9470	ntype_1
9471	ntype_2
9472	ntype_3
9473	ntype_2
9474	ntype_2
9475	ntype_2
9476	ntype_1
9477	ntype_3
9478	ntype_3
9479	ntype_2
9480	ntype_0
9481	ntype_3
9482	ntype_3
9483	ntype_1
9484	ntype_1
9485	ntype_1
9486	ntype_3
9487	ntype_2
9488	ntype_3
9489	ntype_2
9490	ntype_2
9491	ntype_0
9492	ntype_3
9493	ntype_1
9494	ntype_0
9495	ntype_2
9496	ntype_0
9497	ntype_2
9498	ntype_3
9499	ntype_1
9500	ntype_1
9501	ntype_0
9502	ntype_3
9503	ntype_1
9504	ntype_1
9505	ntype_1
9506	ntype_0
9507	ntype_0
9508	ntype_2
9509	ntype_0
9510	ntype_2
9511	ntype_1
9512	ntype_1
9513	ntype_3
9514	ntype_1
9515	ntype_2
9516	ntype_0
9517	ntype_3
9518	ntype_0
9519	ntype_1
9520	ntype_1
9521	ntype_1
9522	ntype_1
9523	ntype_3
9524	ntype_2
9525	ntype_1
9526	ntype_2
9527	ntype_2
9528	ntype_0
9529	ntype_3
9530	ntype_0
9531	ntype_2
9532	ntype_0
9533	ntype_2
9534	ntype_0
9535	ntype_3
9536	ntype_2
9537	ntype_3
9538	ntype_2
9539	ntype_3
9540	ntype_1
9541	ntype_0
9542	ntype_3
9543	ntype_3
9544	ntype_3
9545	ntype_0
9546	ntype_3
9547	ntype_0
9548	ntype_2
9549	ntype_3
9550	ntype_3
9551	ntype_0
9552	ntype_1
9553	ntype_0
9554	ntype_3
9555	ntype_3
9556	ntype_3
9557	ntype_3
9558	ntype_1
9559	ntype_2
9560	ntype_3
9561	ntype_3
9562	ntype_3
9563	ntype_3
9564	ntype_3
9565	ntype_0
9566	ntype_3
9567	ntype_0
9568	ntype_0
9569	ntype_3
9570	ntype_2
9571	ntype_1
9572	ntype_2
9573	ntype_3
9574	ntype_3
9575	ntype_3
9576	ntype_0
9577	ntype_2
9578	ntype_3
9579	ntype_0
9580	ntype_1
9581	ntype_2
9582	ntype_1
9583	ntype_2
9584	ntype_2
9585	ntype_3
9586	ntype_0
9587	ntype_1
9588	ntype_1
9589	ntype_1
9590	ntype_1
9591	ntype_2
9592	ntype_1
9593	ntype_1
9594	ntype_2
9595	ntype_0
9596	ntype_1
9597	ntype_2
9598	ntype_2
9599	ntype_0
9600	ntype_0
9601	ntype_3
9602	ntype_1
9603	ntype_1
9604	ntype_2
9605	ntype_3
9606	ntype_2
9607	ntype_0
9608	ntype_3
9609	ntype_2
9610	ntype_2
9611	ntype_3
9612	ntype_0
9613	ntype_1
9614	ntype_1
9615	ntype_0
9616	ntype_0
9617	ntype_2
9618	ntype_3
9619	ntype_0
9620	ntype_0
9621	ntype_2
9622	ntype_2
9623	ntype_1
9624	ntype_1
9625	ntype_3
9626	ntype_0
9627	ntype_2
9628	ntype_0
9629	ntype_3
9630	ntype_2
9631	ntype_3
9632	ntype_3
9633	ntype_0
9634	ntype_2
9635	ntype_0
9636	ntype_0
9637	ntype_3
9638	ntype_2
9639	ntype_0
9640	ntype_0
9641	ntype_0
9642	ntype_3
9643	ntype_0
9644	ntype_2
9645	ntype_3
9646	ntype_2
9647	ntype_2
9648	ntype_1
9649	ntype_3
9650	ntype_3
9651	ntype_2
9652	ntype_0
9653	ntype_0
9654	ntype_3
9655	ntype_2
9656	ntype_0
9657	ntype_2
9658	ntype_2
9659	ntype_3
9660	ntype_0
9661	ntype_0
9662	ntype_1
9663	ntype_3
9664	ntype_3
9665	ntype_1
9666	ntype_1
9667	ntype_1
9668	ntype_3
9669	ntype_1
9670	ntype_3
9671	ntype_3
9672	ntype_1
9673	ntype_3
9674	ntype_2
9675	ntype_3
9676	ntype_2
9677	ntype_2
9678	ntype_1
9679	ntype_3
9680	ntype_2
9681	ntype_0
9682	ntype_1
9683	ntype_0
9684	ntype_0
9685	ntype_1
9686	ntype_0
9687	ntype_2
9688	ntype_2
9689	ntype_1
9690	ntype_1
9691	ntype_2
9692	ntype_0
9693	ntype_2
9694	ntype_1
9695	ntype_2
9696	ntype_3
9697	ntype_3
9698	ntype_3
9699	ntype_2
9700	ntype_0
9701	ntype_3
9702	ntype_0
9703	ntype_2
9704	ntype_2
9705	ntype_2
9706	ntype_1
9707	ntype_0
9708	ntype_1
9709	ntype_2
9710	ntype_2
9711	ntype_2
9712	ntype_2
9713	ntype_0
9714	ntype_3
9715	ntype_2
9716	ntype_3
9717	ntype_1
9718	ntype_3
9719	ntype_2
9720	ntype_0
9721	ntype_2
9722	ntype_3
9723	ntype_0
9724	ntype_0
9725	ntype_3
9726	ntype_3
9727	ntype_3
9728	ntype_3
9729	ntype_3
9730	ntype_3
9731	ntype_1
9732	ntype_1
9733	ntype_0
9734	ntype_1
9735	ntype_0
9736	ntype_2
9737	ntype_1
9738	ntype_1
9739	ntype_2
9740	ntype_0
9741	ntype_0
9742	ntype_3
9743	ntype_3
9744	ntype_1
9745	ntype_3
9746	ntype_0
9747	ntype_3
9748	ntype_1
9749	ntype_0
9750	ntype_2
9751	ntype_0
9752	ntype_1
9753	ntype_0
9754	ntype_0
9755	ntype_2
9756	ntype_2
9757	ntype_2
9758	ntype_1
9759	ntype_1
9760	ntype_3
9761	ntype_2
9762	ntype_2
9763	ntype_3
9764	ntype_2
9765	ntype_0
9766	ntype_3
9767	ntype_0
9768	ntype_0
9769	ntype_1
9770	ntype_3
9771	ntype_0
9772	ntype_1
9773	ntype_3
9774	ntype_2
9775	ntype_1
9776	ntype_2
9777	ntype_2
9778	ntype_3
9779	ntype_2
9780	ntype_2
9781	ntype_2
9782	ntype_3
9783	ntype_3
9784	ntype_1
9785	ntype_2
9786	ntype_0
9787	ntype_3
9788	ntype_0
9789	ntype_3
9790	ntype_2
9791	ntype_2
9792	ntype_2
9793	ntype_0
9794	ntype_0
9795	ntype_1
9796	ntype_1
9797	ntype_2
9798	ntype_1
9799	ntype_3
9800	ntype_1
9801	ntype_0
9802	ntype_3
9803	ntype_0
9804	ntype_3
9805	ntype_1
9806	ntype_3
9807	ntype_3
9808	ntype_3
9809	ntype_1
9810	ntype_0
9811	ntype_1
9812	ntype_2
9813	ntype_0
9814	ntype_1
9815	ntype_0
9816	ntype_1
9817	ntype_0
9818	ntype_2
9819	ntype_3
9820	ntype_1
9821	ntype_0
9822	ntype_3
9823	ntype_1
9824	ntype_3
9825	ntype_3
9826	ntype_0
9827	ntype_0
9828	ntype_2
9829	ntype_3
9830	ntype_1
9831	ntype_0
9832	ntype_3
9833	ntype_0
9834	ntype_3
9835	ntype_1
9836	ntype_0
9837	ntype_2
9838	ntype_2
9839	ntype_3
9840	ntype_1
9841	ntype_2
9842	ntype_1
9843	ntype_2
9844	ntype_0
9845	ntype_1
9846	ntype_0
9847	ntype_3
9848	ntype_2
9849	ntype_3
9850	ntype_2
9851	ntype_2
9852	ntype_1
9853	ntype_0
9854	ntype_3
9855	ntype_3
9856	ntype_2
9857	ntype_0
9858	ntype_0
9859	ntype_3
9860	ntype_1
9861	ntype_2
9862	ntype_0
9863	ntype_1
9864	ntype_0
9865	ntype_2
9866	ntype_1
9867	ntype_1
9868	ntype_3
9869	ntype_2
9870	ntype_2
9871	ntype_0
9872	ntype_0
9873	ntype_0
9874	ntype_3
9875	ntype_3
9876	ntype_1
9877	ntype_2
9878	ntype_0
9879	ntype_3
9880	ntype_3
9881	ntype_3
9882	ntype_2
9883	ntype_0
9884	ntype_2
9885	ntype_3
9886	ntype_2
9887	ntype_1
9888	ntype_3
9889	ntype_3
9890	ntype_1
9891	ntype_0
9892	ntype_1
9893	ntype_1
9894	ntype_1
9895	ntype_2
9896	ntype_0
9897	ntype_1
9898	ntype_3
9899	ntype_0
9900	ntype_3
9901	ntype_3
9902	ntype_1
9903	ntype_0
9904	ntype_2
9905	ntype_2
9906	ntype_0
9907	ntype_1
9908	ntype_3
9909	ntype_2
9910	ntype_0
9911	ntype_3
9912	ntype_3
9913	ntype_0
9914	ntype_2
9915	ntype_3
9916	ntype_2
9917	ntype_0
9918	ntype_1
9919	ntype_3
9920	ntype_1
9921	ntype_2
9922	ntype_0
9923	ntype_1
9924	ntype_1
9925	ntype_1
9926	ntype_2
9927	ntype_1
9928	ntype_2
9929	ntype_2
9930	ntype_0
9931	ntype_0
9932	ntype_0
9933	ntype_1
9934	ntype_1
9935	ntype_3
9936	ntype_1
9937	ntype_2
9938	ntype_2
9939	ntype_1
9940	ntype_0
9941	ntype_0
9942	ntype_2
9943	ntype_1
9944	ntype_0
9945	ntype_2
9946	ntype_0
9947	ntype_0
9948	ntype_0
9949	ntype_1
9950	ntype_0
9951	ntype_2
9952	ntype_0
9953	ntype_3
9954	ntype_0
9955	ntype_3
9956	ntype_1
9957	ntype_0
9958	ntype_1
9959	ntype_2
9960	ntype_1
9961	ntype_2
9962	ntype_2
9963	ntype_0
9964	ntype_3
9965	ntype_1
9966	ntype_2
9967	ntype_2
9968	ntype_1
9969	ntype_0
9970	ntype_2
9971	ntype_0
9972	ntype_1
9973	ntype_0
9974	ntype_1
9975	ntype_0
9976	ntype_0
9977	ntype_2
9978	ntype_0
9979	ntype_0
9980	ntype_3
9981	ntype_3
9982	ntype_2
9983	ntype_0
9984	ntype_2
9985	ntype_1
9986	ntype_3
9987	ntype_1
9988	ntype_1
9989	ntype_0
9990	ntype_1
9991	ntype_3
9992	ntype_1
9993	ntype_0
9994	ntype_1
9995	ntype_3
9996	ntype_1
9997	ntype_2
9998	ntype_3
9999	ntype_1
10000	ntype_0
10001	ntype_2
10002	ntype_1
10003	ntype_0
10004	ntype_2
10005	ntype_3
10006	ntype_0
10007	ntype_3
10008	ntype_1
10009	ntype_1
10010	ntype_2
10011	ntype_3
10012	ntype_1
10013	ntype_2
10014	ntype_0
10015	ntype_3
10016	ntype_1
10017	ntype_1
10018	ntype_2
10019	ntype_1
10020	ntype_0
10021	ntype_3
10022	ntype_1
10023	ntype_3
10024	ntype_3
10025	ntype_2
10026	ntype_0
10027	ntype_2
10028	ntype_1
10029	ntype_1
10030	ntype_0
10031	ntype_0
10032	ntype_0
10033	ntype_0
10034	ntype_1
10035	ntype_0
10036	ntype_3
10037	ntype_3
10038	ntype_1
10039	ntype_1
10040	ntype_3
10041	ntype_2
10042	ntype_1
10043	ntype_3
10044	ntype_1
10045	ntype_1
10046	ntype_2
10047	ntype_0
10048	ntype_3
10049	ntype_1
10050	ntype_2
10051	ntype_2
10052	ntype_0
10053	ntype_0
10054	ntype_2
10055	ntype_3
10056	ntype_0
10057	ntype_1
10058	ntype_2
10059	ntype_1
10060	ntype_1
10061	ntype_0
10062	ntype_0
10063	ntype_2
10064	ntype_2
10065	ntype_2
10066	ntype_3
10067	ntype_3
10068	ntype_3
10069	ntype_1
10070	ntype_2
10071	ntype_0
10072	ntype_3
10073	ntype_1
10074	ntype_1
10075	ntype_1
10076	ntype_0
10077	ntype_2
10078	ntype_3
10079	ntype_1
10080	ntype_3
10081	ntype_2
10082	ntype_2
10083	ntype_3
10084	ntype_2
10085	ntype_2
10086	ntype_0
10087	ntype_3
10088	ntype_1
10089	ntype_1
10090	ntype_2
10091	ntype_2
10092	ntype_2
10093	ntype_0
10094	ntype_0
10095	ntype_1
10096	ntype_0
10097	ntype_2
10098	ntype_3
10099	ntype_1
10100	ntype_3
10101	ntype_2
10102	ntype_2
10103	ntype_0
10104	ntype_1
10105	ntype_2
10106	ntype_0
10107	ntype_3
10108	ntype_3
10109	ntype_3
10110	ntype_0
10111	ntype_1
10112	ntype_3
10113	ntype_0
10114	ntype_0
10115	ntype_1
10116	ntype_0
10117	ntype_3
10118	ntype_1
10119	ntype_0
10120	ntype_2
10121	ntype_2
10122	ntype_2
10123	ntype_3
10124	ntype_1
10125	ntype_0
10126	ntype_2
10127	ntype_1
10128	ntype_2
10129	ntype_0
10130	ntype_1
10131	ntype_2
10132	ntype_3
10133	ntype_1
10134	ntype_3
10135	ntype_2
10136	ntype_2
10137	ntype_3
10138	ntype_1
10139	ntype_1
10140	ntype_3
10141	ntype_2
10142	ntype_0
10143	ntype_0
10144	ntype_3
10145	ntype_2
10146	ntype_0
10147	ntype_3
10148	ntype_3
10149	ntype_0
10150	ntype_3
10151	ntype_0
10152	ntype_0
